INSERT INTO account (username, email, user_pass, user_type) VALUES
('dsherebrook0', 'madin0@unblog.fr', '78e83472d380771c8a1e4830d7754a8b381a1ee4078135dcf8aeea7a866453ed', 'moderatore'),
('dfulk1', 'kmcbratney1@google.cn', '9776b7aacf084e97100908ba1add9ef4067ded3ba94880cfdfdcb8921796504c', 'spettatore'),
('tlepiscopi2', 'tebbotts2@webmd.com', 'c90eee05f33e7017193adbe2f4a173d73abda002d27774458700cfc6a05fcd9a', 'moderatore'),
('cphelipeau3', 'mrenne3@sogou.com', 'd9b8e1e1222b7422d42dc8d59b52e228a1930674696195e2d7ba2ac6f11ca1cd', 'spettatore'),
('aderkes4', 'lflaunders4@list-manage.com', 'cc5fd5c1da245b203990c1618e1aade81390f01d870a3ef206f2eb8a340edef9', 'moderatore'),
('ydonovin5', 'fmelville5@addtoany.com', '971e7977778e60a4ac01338fd9df17e83955ce4a976a3d11033b71a62dfe269a', 'streamer'),
('dcoburn6', 'tcornforth6@imgur.com', 'a56064734b67fd520fde2e61ebfe049a49fc28987cdcde95421de0591033f3b6', 'moderatore'),
('kcorse7', 'ppressdee7@ibm.com', '16224b5f8886d2edf915bbdd8fd47d8079d5c287023a90a17ea44a333889af25', 'streamer'),
('smatzkaitis8', 'lschachter8@wsj.com', '76d25646b6a38799ce5f95cd11152d4cf7b32a86254b4e6803329c6fa61245fe', 'streamer'),
('hrobathon9', 'nmilton9@github.com', '03da100fa8f4258d2d7de619548727d4c54e940a3012019f24604dab7d35fe1c', 'moderatore'),
('bcarcassa', 'hcharlottea@flavors.me', 'ebb6ec2e8598fbf904c83a77dab07f149e52010925dd36609214e3e20d996eca', 'streamer'),
('ohaylettb', 'gpesekb@biglobe.ne.jp', '22ebd38534afce9a1f23d7d2fca2f0f8f5ac4c6c1c7cae995252cc0cb65fb555', 'streamer'),
('tvonasekc', 'alaffinc@virginia.edu', '0e2eb2106e19db0d3cf7b1886d6b0b4fa79d4397289eb97995be4eaf3b0a9b6b', 'streamer'),
('astebbind', 'kwarbrickd@hc360.com', '8d92c316b5e8cb6aa1f627535bb1459f084dff42f4e24d227dd397081e22168a', 'streamer'),
('mpopescue', 'gminette@mozilla.com', 'f58ab10a14faa5cdd6862c586af595a3c5cde6e2d3e271abd3cae5d312d0e55d', 'streamer'),
('jfennaf', 'kwhereatf@e-recht24.de', '4c22b63c8df4384fea4e030e8812f7758524f8ce885de4fd51ef03e48c1f6bfe', 'streamer'),
('fbedleg', 'dbalesg@chron.com', '18084e65d6ed1698f9fd8c3eb809818dc6e4b287fca3e1b97c48de5151f963d1', 'spettatore'),
('jverteyh', 'dwillcotth@jimdo.com', 'd7d3b3caeffcb719edf5489f4f30380d05fa2b28744a47e5cbb26e986a63ae32', 'spettatore'),
('gglackini', 'omaysi@ed.gov', '1b5e5239ae5b49c36d1b56c918ca2de240d4b4ce8704319d01961e83cb04bf66', 'spettatore'),
('tyongj', 'abiaggellij@wufoo.com', 'a1ecd3953ad9a088ebabed2aa00efbf57f2bb91a94cd765e15dc197aff99bf26', 'moderatore'),
('bdewettk', 'emacanespiek@nba.com', 'c5adf19f8334a89f3b061b6cfebc7e30f82c809a3120e3a8760e5a79399568fa', 'moderatore'),
('vkornl', 'deasmanl@altervista.org', 'acb692a54157a8fb3208b35ac34138881392767093b419c1b5bdda7527508fcb', 'streamer'),
('tmorkhamm', 'sbernardinellim@123-reg.co.uk', 'a30871a4af69213d4d53e9a81fdef31b7b2f365b6e40dae6dc3c028592ca5733', 'spettatore'),
('psyddalln', 'cglassmann@cmu.edu', 'aef74c0dc098e998f1f2e31bae3aa8ea7ac4d71c17d20dcd07b22b17defd8fd0', 'streamer'),
('jpatriao', 'hplasketto@typepad.com', '6d1b660f917d93751b2a5fa8b29adf71581f453d3237db314c17c7f6b978fa73', 'moderatore'),
('zdimbylowp', 'ckeelerp@wufoo.com', 'acfcb55ba557d6d94dcb196b3b16acec7d35d16681f958329c036778dd4060cd', 'streamer'),
('bkinchinq', 'kstappardq@tumblr.com', '67cdb0bc026555c482d9fb859c6d16f36090ec1bd0c2600dc7a6ed63880cd114', 'moderatore'),
('sambrosettir', 'hpeckhamr@hostgator.com', '99a12f04c09e16a426509f0c9954a8b26d5a89f3bc18b12850b20755a9bff053', 'streamer'),
('rpearcehouses', 'kfetteplaces@sciencedirect.com', '9110d09ba9bebda3b93c71a2a468e024ae78c2a8fa03ac53ddd8f44142a0b22a', 'spettatore'),
('gwadlyt', 'rfarmiloet@phoca.cz', '3d7ffb74d13525a92a5e1576271583541864dabddf4f8d863e97c4a25c17fba0', 'streamer'),
('ndaughtryu', 'gvanyashkinu@printfriendly.com', 'dea7ea60c634b0e8c939f3074f52b21800e8017faaf4070a47d40f7a7b60a62c', 'spettatore'),
('mupstonv', 'vbrydiev@smugmug.com', 'a0cfbbe17284e139f4cd83c2fe7548922d7cc51c12243c591bcc071ea5722ee8', 'moderatore'),
('epetriw', 'plissemorew@privacy.gov.au', '48b9da5ba82161b3b8dca30be313f62557c4f5b1acd4e9e0eb26947f8a461b97', 'spettatore'),
('dmargaretx', 'gbrandsx@ihg.com', '0eb07316216c140c0e274f105fc62da99028091f3306f9ec86e83332efa84cba', 'moderatore'),
('mmurcotty', 'glakendeny@people.com.cn', '223387041eaf8b521a7dd79232370b064c26dbf9aecf3769649c1697cdb0e869', 'spettatore'),
('mthwaitez', 'vgossagez@canalblog.com', '7434bd71d542cbeae7a31543a071fa314410cf396328ffdeba218b8c23cb298c', 'spettatore'),
('bsaye10', 'zbellingham10@constantcontact.com', '4cedd6d04f8c6c5d0e9d5263c9f7b7506d6c3aa5f830309032eb594ff382908a', 'moderatore'),
('ewestern11', 'ckenewell11@google.com.br', '315307f7e2abfcc8eb379f76245f0293556b8a5fe9997e794b4aaaa29b4562ec', 'streamer'),
('eballendine12', 'ialdus12@yellowpages.com', '63f35318d713e9655aa4aff703b36b1cb1adfb41eb3466dd32542b9713975d43', 'moderatore'),
('kwindaybank13', 'epasso13@census.gov', '0d73b65c4435e708eebf3c10268b91a152a99e9767166406522ec29205730e88', 'moderatore'),
('mbourthoumieux14', 'jhanlon14@wikispaces.com', 'e848490ae01bca75915bfdf565026e24d2c421a31fb318e561800b6555e00a1d', 'spettatore'),
('fshoard15', 'sspadotto15@dailymotion.com', '72cd54e62947fde14a7cf6513be3e9c580684a1f91d1fd61f0d679133d1a91dd', 'moderatore'),
('mwinear16', 'iguwer16@slate.com', '81d1f37e533a3dc077eb3861fab534ffb5af01fc6f8931e6b775f75a2d88aec6', 'moderatore'),
('jbruckstein17', 'ktrevenu17@seesaa.net', '5a71abbcfea01f6d59d718af2b0a7b798e4a52751e8f2e28fa9814dd6004e5c1', 'streamer'),
('kcottill18', 'sdovington18@tinypic.com', '7a8e82ee274888baf1aa62b19791a5f204738486bda73f73471113fea3e346d9', 'moderatore'),
('ncoventon19', 'frayer19@bloglines.com', 'b99d66cfa02dd5f5a4eee089131536361874a6deea0e25288eec2092ad643431', 'moderatore'),
('lcrosscombe1a', 'csaban1a@bloglovin.com', '100dc1b2765085542c10b0622cc437fb8984ae5f3544907a4907b88d7591cf0d', 'spettatore'),
('ebresnahan1b', 'rroote1b@google.com.hk', '1d6f831e1ff1dea55b2b22fb55c97d89d877d43967bcf5fd0b2361265ac8cacc', 'moderatore'),
('lbarhem1c', 'tconkay1c@cam.ac.uk', '7d02c9d4b6c47452039f65e494b6e7e01ef303f507c80654b669584b5465f129', 'streamer'),
('bsneddon1d', 'twozencraft1d@furl.net', '9708f342711a80ba7d552de3e64bd652d8cf72d9f2003927396731a508e4c845', 'spettatore'),
('kcholomin1e', 'ecaldero1e@engadget.com', 'a795a4633212bac33600bb2bd061ac97dc31811ed10bf43cf7880cffb7673872', 'spettatore'),
('mmarcinkowski1f', 'gniemetz1f@a8.net', '8e6be3af7b4b9512b0fe018460479a303ea504de106ba08d1fdb460062b513f9', 'moderatore'),
('lonraet1g', 'cdoughty1g@miitbeian.gov.cn', '07bafc22d927f04d2237d9e40a5087f544bb6735240b68edc924aafe09d8710f', 'streamer'),
('sgresham1h', 'bwassung1h@huffingtonpost.com', '1a6b4ee9ca590aa72cc29fcdfb856ed00431d11dd3c0c35c4bb6d983cf45bcce', 'spettatore'),
('dhasnney1i', 'cdorman1i@howstuffworks.com', '252fd91fd1526896ab31aa62368b5a7233632d92cc200eb2691e5896f8521b2a', 'spettatore'),
('abrandel1j', 'bdarey1j@uiuc.edu', 'a80f206939489d0ee00d1192afe268713ff8d9dd64054cf3e5f00067397a2148', 'moderatore'),
('kgilford1k', 'lburren1k@symantec.com', '3c58d4570b6051717b58150136dc59e7ca6d4a9cd2c13b357998ea6262413325', 'moderatore'),
('dyurshev1l', 'kkeogh1l@hubpages.com', '6f44663ea11ea02e774bc54f29ea675febb35bf14f50ec5a7190f47d8f0aa725', 'streamer'),
('dharkes1m', 'fandryszczak1m@51.la', 'a2e31356a94a9d7b9ade76009b5fc1d2638a7e4e1c04b0d964f81ea9f329d408', 'spettatore'),
('wnollet1n', 'gdureden1n@bing.com', 'b7bcbe56600bc221b2205bf5b7fca360066b813b8ec24094feefd81a67b0e3a6', 'spettatore'),
('hgiacomo1o', 'hbroadway1o@ning.com', '7d056365ef4931ff7bc427b22800bd0fac64a3361d0418a93e5a46807d6e9b0d', 'spettatore'),
('mburdas1p', 'gyurtsev1p@fotki.com', '468f17ced0e637f17cf3e01eda70a0bc1322505eb68b0834074ff0c605da3e82', 'moderatore'),
('thardi1q', 'mmackowle1q@soundcloud.com', 'd41423509306eabc1ada928430a243f5b7326e36251d129923850db840c4d23d', 'moderatore'),
('clefrank1r', 'lpigney1r@comcast.net', '1e651e558e6c2ad82731cb89090ed2e4edb2347579d61023296cf5c76a9ed71b', 'moderatore'),
('wwildes1s', 'bsummerfield1s@google.cn', 'fdf37ddcf8e2a396ead39e2ab4ef49b5e7c6c33dacd2252ae278af6d9e181bad', 'moderatore'),
('kaudritt1t', 'jmosdell1t@cnet.com', 'ed7c6636db92feaff602ea96a99992a5ce43179a4dfa4ebcf609a8ba80535891', 'moderatore'),
('dhallums1u', 'pbompass1u@deviantart.com', 'fbef79918dfc84d9a8726470e088c70059c235d35ad3c694ccd1728988e019cc', 'spettatore'),
('dshelmerdine1v', 'bblakeman1v@nydailynews.com', 'b1b444962bf73e976716d2b6e3e4ac800d708091a3fd32953dcbb481042c58dc', 'streamer'),
('ddorsett1w', 'rtrace1w@latimes.com', 'f14c16d9f95590f29072763a79dcbf7fb52f05b2af1cff3558da1dd40f8a668b', 'moderatore'),
('rgent1x', 'htanswill1x@ucoz.ru', '02651c8d841de4f8d65e8f1bad3f09a3340fd607bf7e8cb1496512e1f0c23890', 'moderatore'),
('nmcconnell1y', 'kgreest1y@vinaora.com', 'ece618fe301dae1b1357802c7f4b411a15a89f65ef51da9f12f390c065c78038', 'streamer'),
('akersting1z', 'ibeaves1z@sogou.com', 'a11d1bbdac25aa553f47f3b618c8e01a4e3359b0c97930fd96ba00c2f5add2f7', 'streamer'),
('mboomes20', 'kkrol20@so-net.ne.jp', 'b794c37eb2d423e980693cb7f43ee9cc1a8607d26848f450ccedb09fb93819d8', 'spettatore'),
('mcasterton21', 'jsmardon21@mashable.com', 'ddaf77b4178efb81661be593d1bb346d3ec4cea2e916dc2bbec3d0b0c993cbd5', 'spettatore'),
('ggildersleaves22', 'bhewes22@amazon.co.jp', '390b8c6fbedfe56aadd3b7afe2e33b2ec3f364a806357f73cea3d677ad076586', 'spettatore'),
('kgipps23', 'cveljes23@webmd.com', '07b567a2a4bb7b195dd964eab172e9a0b686474cb0711bfab3e129132439cd49', 'spettatore'),
('ggales24', 'bdidball24@yandex.ru', '61155612c6501a8260150fa78d67620518183d5a7ac2b3a96022c479f9ac4db4', 'spettatore'),
('yaldie25', 'kkenewell25@imdb.com', 'c3fe67f2ebe4ccd8adb02f54e470b0a658db25b34f5eee38cfec4aa52ca928e0', 'spettatore'),
('dhollingshead26', 'chumburton26@yahoo.com', '02687d58b2adceb0e50e7ae17551511685a963f4ece4f0937e278ca8d477065a', 'streamer'),
('jdismore27', 'cmulvaney27@parallels.com', '0092c5c0ac30f600a876d92320357d56420194d74e4e3d8c96c14e1300a5d026', 'spettatore'),
('imulhill28', 'bgowthorpe28@digg.com', '976eb3c3155666427570a6c8d25256ba4d66bc5d415a2ec4ad2ad1c563cf1153', 'moderatore'),
('mtreweke29', 'sdurrell29@skype.com', 'f075ba122f822a65f3042b113744f82454120cfaae2503c638a9eb8b3d3fda79', 'moderatore'),
('akersaw2a', 'mhuggett2a@time.com', '67f18550a0ca1abc9430ed3797fea833b222437ddd3d44344c3b66e7bef4d900', 'moderatore'),
('mwilloughley2b', 'gverheijden2b@instagram.com', 'f7a466d354141a389535978b051dfb9d91b80a52f35f0809c23e4abe1374dc73', 'streamer'),
('gseebright2c', 'ohatfield2c@typepad.com', '9f4ae040b6bc62dc954cb6a3e40297d1c8a9afa943510258bf7bdfac0064bdbe', 'spettatore'),
('wcheer2d', 'clangelaan2d@yolasite.com', '7ad02e4bfdfbf900ccbc194ab7f0b7e0d22e83784257e23b176b10fc8a4310ec', 'streamer'),
('begar2e', 'scrielly2e@networkadvertising.org', 'eeda0bfc42d702a54f3c130f16f0ef444e74d490f49785fe5629df8d76d03123', 'moderatore'),
('korhrt2f', 'cdemichele2f@wikipedia.org', 'd742231701d946aaf5858cbbf62862b060927aaba857e2a51394ebafbfbd9bf2', 'moderatore'),
('rmiko2g', 'lcurnnokk2g@nhs.uk', 'd6dae45c12f7568e73fd07e0fa8d8f51b280b970e901ef6f312d2ffd0f46f25d', 'spettatore'),
('hforcer2h', 'dzylberdik2h@flickr.com', '21010bc93b7f27682f4d11f2d53b53bbad00505bf36f62effa2b6b0d2478f2b0', 'spettatore'),
('pvigours2i', 'mlowson2i@purevolume.com', 'beea013dc58ea511b75b941f45d696ba0f5f7ec83e810256069e8d933a28b028', 'moderatore'),
('anovichenko2j', 'wharrild2j@yellowpages.com', 'e385f7a433c177e75bf74d5892bdc0cd3374ad8ec8cb964c71ae83880eadaf1c', 'spettatore'),
('pkissock2k', 'ldyte2k@xrea.com', 'e6fdf8ffd4ce2cc8c3b498c44e53ef471a7365c4d3b25ea01db94b13c55143a4', 'streamer'),
('slequesne2l', 'graeside2l@mysql.com', 'd741009e1a82fcbfd1c7a79de34858d1f7cef5f2b76475e23d32269af03bdb79', 'streamer'),
('ngrieg2m', 'amadgewick2m@businessinsider.com', 'aebb1074e0b17ad8a24038d7e79ff3dd157b8c0289b1d70d267548e13744d662', 'spettatore'),
('bhellis2n', 'fwardle2n@whitehouse.gov', '75a6eca57d6362d6d6983b0c5d89c7f492cfea09159d27ff7a5c1771f61549be', 'spettatore'),
('tbateson2o', 'uhydechambers2o@forbes.com', '6986738a6f79d7e6bf9c3d7f12043e9d6d858825d4fda25198b07727dcefb87e', 'spettatore'),
('dkensington2p', 'sklesse2p@boston.com', 'aca8cdfbf7af2c08c0008c77102690802b65030f51eac3523d51b3d98721a14d', 'streamer'),
('mallnutt2q', 'ksanter2q@bravesites.com', '36dbe61b92ca124dfcd353179c48955a67c3998e3605829d815583cac5289bf9', 'spettatore'),
('jskokoe2r', 'ccleaveland2r@icq.com', '48bc49744b8ad3db547acc53214794d9e26d40ce043c6ea0dbd213c7578ec1bf', 'moderatore'),
--------------------------------------------------------------------------------------------------------------------------
('glory0', 'htomanek0@goo.ne.jp', 'bcf32f8a772070e4510d8edc554e7c05800d7b8a4335732a425d1ac268d7c931', 'spettatore'),
('slewsy1', 'cquodling1@sun.com', '9df7c2d023c99a475b626392c05f3f7c04fbb29006e3e64cf7dcda69719d77d1', 'spettatore'),
('bwhear2', 'lprott2@hud.gov', '93cb2d16c6ff1b821e4255874d644f13a9345e65a9606608520354bfccbe4915', 'spettatore'),
('fmintoft3', 'ijessop3@indiegogo.com', '2ab87328fd19863b03cf7f7676ef983aecba125a847355e5a41c127c89d90c18', 'spettatore'),
('jconechie4', 'jbaggett4@networkadvertising.org', '1a4e1afe9553bee2299bedfd06899e46899a8f88fec7908c7822079b52db222c', 'spettatore'),
('bgross5', 'elambdin5@surveymonkey.com', '9640ed08e39722b13685af6e5bf03844d17958a818bee0fa5317bcf5891fbbc4', 'spettatore'),
('bjorger6', 'rfoystone6@harvard.edu', 'b923927b3e94b1e49b5d64cb51ce52f612c76f263add0880c9a07dd4b64aa038', 'spettatore'),
('hfluck7', 'sbrader7@netlog.com', 'cf0d6386ab1db520fd69fc056c17920caf59206189523c80639f706f5d828e6e', 'spettatore'),
('eburr8', 'bosmant8@yellowpages.com', '2a45b097e0da251d8f0fcc9bcb009ce616476ccc6a538ef6cc09a5d5407afd31', 'spettatore'),
('dwaldera9', 'tbotting9@yelp.com', '006ee91d89d555a43460fe045fa8f4267239d62932f389b2c14d6175fea966ba', 'spettatore'),
('mhackeltona', 'kbettlestonea@cdc.gov', 'ff0c1c9631e16ab392bc03b44137456a642c19f575245663671700dee5f9700d', 'spettatore'),
('belphickb', 'rdenseyb@sina.com.cn', '5fe791fdc4bdc7baad16d356a37f2b10cf4ea1ec3b3386c080bc014caff2ba75', 'spettatore'),
('sgartshorec', 'mbolzmannc@delicious.com', 'db759e3fb552415821ed4dd5657371f2def5f0d1d25e1d88f91a4099bd408776', 'spettatore'),
('kdoerfferd', 'jeslandd@live.com', '5c75537cb36ae30b1fac729d768a99748aae133c4d02382a1dad1a8b8678f093', 'spettatore'),
('lguyere', 'cbowdlere@joomla.org', '3bcb6e4b1352722932d4e800cdbd5e441c0a8d30d361f47d621b1cc09cc673d0', 'spettatore'),
('cchicchellif', 'caverallf@forbes.com', '2cac493440910fedd3792c100dd17e4903dd9e31e4b12a13a6702f11d334bf83', 'spettatore'),
('xmilellag', 'jscatesg@walmart.com', '940a6650b1010a8f2aab04237e347238a4573803a2d93d5a753a6a385f96a3ad', 'spettatore'),
('rkrojnh', 'ncoldmanh@illinois.edu', '5cf7ad0762ad4a8b2adf5c596e55d0a51072762d0bfa638b790f9def5968eeba', 'spettatore'),
('channafordi', 'rknottoni@hatena.ne.jp', '942ecbde62fc5a6c3c3aac156190e4e671452d9dc9260ea9df49c8c27845814d', 'spettatore'),
('hbarajasj', 'preddochj@sun.com', '3b5aacaeb36a503c6989fcc5eed7a374a966f0bb7e9ffa960bde4403da67e86a', 'spettatore'),
('bbarribalk', 'llindemannk@home.pl', 'b780f22e363cf1d8ecd836e6eebbadcb2c7cbfd529a009f6fd87709c70187fd5', 'spettatore'),
('jdehmell', 'cpeel@mapquest.com', '0bbb4216287e87e7f7068c0b9f6bc3086adebb25aafa38e650f859152accb5ad', 'spettatore'),
('lbiagionim', 'aespinazom@merriam-webster.com', '9b251f6b6f19c1e637346b690a814c7e59fb62cb0e7380b08e5ba8d53272db45', 'spettatore'),
('gmcgeen', 'blaurischn@soup.io', '09d52dba8cffa8be170d3125e0142456aa3c89bcb5c422613586d29dc9e7bd5f', 'spettatore'),
('hmolleneo', 'tbatcheldoro@newsvine.com', 'a018b7e762ebb3413ec01dc4e996bfcecb0679e49a2b8d0e02418b9668f5f5ee', 'spettatore'),
('jtwelvetreep', 'mhouldcroftp@senate.gov', '91a43e2cf197a44d137e0fbe8b7d9731a09996f2921c0efeb9031b87beb8e723', 'spettatore'),
('iennewq', 'mprysq@europa.eu', '3c8ca3b1cf2f93198815d7250a98fffcf24a36a5f530946905281b612706e035', 'spettatore'),
('vrivallantr', 'tarrolr@prlog.org', '70859f9b0b0dc7f4429051e44b3b76b2b3e9edd03fb5c013c1340fe7f0abaf28', 'spettatore'),
('eabbays', 'vwatlings@sphinn.com', 'd7dae3a829d28e4bfce652a9613b31156c736caa8a8637f541776e4bf4c7192b', 'spettatore'),
('jcoverleyt', 'mrowburyt@cbsnews.com', '7146983b4ed43a3c076f62c03e21cf0030a806167c03290bc77c0e98adf471a1', 'spettatore'),
('cgoldbournu', 'mschimaschkeu@xrea.com', '8e0a91ec2b3acbc77dad340fa835c7d13261c5e0443bbcdf02d7d9b5e92e9aec', 'spettatore'),
('kjosephoffv', 'pstubbleyv@reuters.com', 'c6cb970ac23ba2b233888d0edc39a88bf4621565ab33293f50029e01d1be6c4c', 'spettatore'),
('bbuttrissw', 'bgouthierw@flickr.com', 'a9a8ab5dd327bb708e6f1f02b61c41002650c5df5216c6498905e60ef3dc53cb', 'spettatore'),
('etriggelx', 'ealphonsox@soup.io', '19c2b7cfec1722c66fba25018d3143136caee736ac81e8c6627d2866d20d79c8', 'spettatore'),
('lmallyay', 'uschankely@about.me', '5b8760b0f2e64013d23910fba3530106918dd5ab08bcbad04145217686762024', 'spettatore'),
('sshasnanz', 'mmurisz@nps.gov', '4f051407543e376494d9fa8257dcabaaac1da4c653ac20d58647d62f84b54e54', 'spettatore'),
('kdomotor10', 'fohartnedy10@cnn.com', '3f777182d5dc4b4903f245ae044e403f74f1c87b707e576d8d19cd6e56d466f9', 'spettatore'),
('kdoggrell11', 'bgallegos11@psu.edu', '0c4333fb875293e35079805636904e935c3b6042e3f69973eeaac516f07facb7', 'spettatore'),
('fbeaty12', 'bverrell12@wikia.com', '57540c0523b95e0c16a80fd10326772f1e58a7349dc83858bb78ed0698233ef5', 'spettatore'),
('bceaser13', 'bblaszczak13@histats.com', 'fc33e2225ad18aa42d8a95e54fe38308d21f75974f1462b2b6c2a9b9cb5e12e1', 'spettatore'),
('npolini14', 'kswepson14@sun.com', 'be66970c209a9983d9da84b26a25154759e30602950dd87e66d956fb287dc747', 'spettatore'),
('rmarklund15', 'cabbey15@gov.uk', 'e424230a34607b67d77c2943d9222f0a547330992e749a97a4956a011e532cb3', 'spettatore'),
('crobottom16', 'cvickerman16@tamu.edu', '8a97c36074e985c4d7dc83f3b9a893361edeb14d0730ce62871adb1b58f4bba1', 'spettatore'),
('rdundendale17', 'hhuelin17@unblog.fr', '391597020ad41c8461c79f6802aa47bef706ac1f59367f0c9d91b661bc9f90aa', 'spettatore'),
('gthaine18', 'ftrewhitt18@myspace.com', '28c53cec95ee4c3f9aacd2eeabd559bc755552bb47e7fd9107dfc6068b11ccef', 'spettatore'),
('lkelland19', 'ptumilty19@washingtonpost.com', '289daa08b486f71d14443b22388477931c960677f01d23323cc0d63178d987b0', 'spettatore'),
('dquantrill1a', 'cpasticznyk1a@harvard.edu', '33e148b2746452d8927f5aa466806761dfd881e10347bba953b50ae31f9065ef', 'spettatore'),
('wfairclough1b', 'ainkpen1b@flickr.com', '81ef7e819f6acf6d1182abf68b65beea9965b6a07137711cb0cc25184ab8d6cc', 'spettatore'),
('jellse1c', 'phunsworth1c@eepurl.com', '998fada6c269782558e950463fbf2b79a62c8cfb4cfce78bdb90d5118b106e7a', 'spettatore'),
('amcgriele1d', 'cwilbore1d@wordpress.org', 'f89b21dcbbf4eba04ea06f3a7d6d8952eb9702aa6c70cfc0851c311ec5be39e2', 'spettatore'),
('ncottage1e', 'ehartop1e@mediafire.com', 'f1c9a2ea59bf730cfd649406048de221cef4110a2a6cfdf384bce4043a1652bb', 'spettatore'),
('cproudler1f', 'ostuart1f@tamu.edu', '3eb241fea4749a9a7a8a56b9fe61926a7873a9b94a12afc8c1d894667faac189', 'spettatore'),
('doldey1g', 'obickerstaff1g@rakuten.co.jp', 'aa1f1ee4b1e5f2a2c9bb50371770dba81976dd363782ef4c28dfd671cdd4fb58', 'spettatore'),
('psteinor1h', 'dtumbridge1h@amazonaws.com', 'abe113b5453f4f812d861810025655153d4d288b8c422d503f891bd78cb9ac90', 'spettatore'),
('mtutill1i', 'gmarchelli1i@plala.or.jp', 'fa9a42310fb13e78667850dfa1f78ae3490273ab45d76317d7822d7592b11eb9', 'spettatore'),
('rfreda1j', 'wdelamere1j@usnews.com', 'f6f99e5a87e7efad0b23ac5f69e54c0fbb7f2a8ca77f2a6f0031cfdc051c8a9a', 'spettatore'),
('ggrancher1k', 'scaldairou1k@desdev.cn', 'cb62eebb89aff303e3b403b8a1fa38b86f80d7debb5b112c7f8925e2f3394916', 'spettatore'),
('schatainier1l', 'biacobassi1l@bbc.co.uk', '2777a469702b24817fba43ab8abc566f67ac31ad3f4592cde80d1447a8bebb8e', 'spettatore'),
('mvisco1m', 'mbotly1m@facebook.com', '43e8dcfb8ce83950cdf932e9df2a3d9fe94c065c296272c558b6e35bc51e8e1e', 'spettatore'),
('pklaassens1n', 'hmushett1n@slate.com', '6bf83efcafcc7f7cd3271ec6bc61c2a49f0af83f92707fdede71db597f0996b6', 'spettatore'),
('mgamwell1o', 'roland1o@networkadvertising.org', '6abc5d4803e011f968868e82c2c19c7d654deaa4f7b6625595dac3ab51bb61e3', 'spettatore'),
('aedelston1p', 'pmowett1p@examiner.com', 'fd707382af1a58e41ff1dc6330957b6053ac625a6a9fcafbfa9c59b29924b21d', 'spettatore'),
('wjacobssen1q', 'dperks1q@mac.com', '146b0792906c044ff70b8f66b09ab6b56a5538911882942519ab7990a219c77e', 'spettatore'),
('jmcturley1r', 'mscrowton1r@patch.com', '9e8a3036d364fee66d938c7835ec8e17e02033d8c79d7edfbc4a9a54237e3bef', 'spettatore'),
('lcampanelli1s', 'dmarconi1s@illinois.edu', '2c2e5f6bdbdde6e53738b9e4ed6deb4d604cc8fdae5a2768d2010d4e7f998faa', 'spettatore'),
('bborton1t', 'aettery1t@ibm.com', '1c4a82a4a561cfe8db7b1950030cab253ed58601165a070805410b52b229595d', 'spettatore'),
('mflewin1u', 'fbalogun1u@github.io', 'a52a890c434f08414146746225e585b28aa590535e425aea4a54ea7b0c0b1ce4', 'spettatore'),
('nbridel1v', 'choxey1v@kickstarter.com', '60cab0b1d4519b027ac2006a484b80d3e57c0a4e9fc81d0d73b5005d957b5dc1', 'spettatore'),
('gcreavin1w', 'mdrakeford1w@alexa.com', '734ea5176997abfc6aa8f53dd64e08a6782f8a52f0b2ef196b4c0fe249f22a41', 'spettatore'),
('sstinchcombe1x', 'fbourrel1x@icio.us', '17aa66673d2743b912044f70d3afc13dc29b0f046e3ae2ee051eb50b50cdcb0d', 'spettatore'),
('hhuc1y', 'cscholfield1y@over-blog.com', '816ced9ccaf2efe5eaf7bd4906996c22f704a1a1d639ebc891f46e01f130bd03', 'spettatore'),
('tdurram1z', 'rgirdlestone1z@vimeo.com', 'a225d24bfac196668567fd245aff2013c72acd0682356369dd98598034badd9a', 'spettatore'),
('lbolesma20', 'lminghi20@nymag.com', '7fb2762e51bb5e4ea4a5aa52d6480e0e78aaccdaec5289179bf92cc28555f469', 'spettatore'),
('jpembery21', 'jpina21@baidu.com', '4a3113cd327aac1c914298612a68625656e6e0a96f87e08423d1ff1fa447fce6', 'spettatore'),
('mcharity22', 'kbarringer22@walmart.com', '16bd3b62e27284386ffc453f97b133ff6c2831b0d98fb2c99592ff9a0e391ec5', 'spettatore'),
('mfeuell23', 'bzottoli23@deliciousdays.com', '796abd283ca24aeb5a0d9efc9f4c0f3d31d73d5cd9f31c5d3d56e0b79cf2c089', 'spettatore'),
('aawton24', 'kclapperton24@github.com', 'fff6498dc1dcaa11ca65e4202eed69f59b151d9079f24da189a47cf97fe856e0', 'spettatore'),
('ollewhellin25', 'mvanbaaren25@theatlantic.com', '544b93e07e72fac6447b5c699fb971a41cb28fc6eb0b362aee15fe9df99bd0e8', 'spettatore'),
('drous26', 'phonnan26@harvard.edu', 'a94cf54e781c5080c77a05b99ca535ce34809373db62fe02dfce498582040fc0', 'spettatore'),
('kmiddup27', 'jruck27@guardian.co.uk', '84f59e0687359c7744d68f01b3a3fa046fec22b9fa912ca10d25dda925e05bfb', 'spettatore'),
('fadlington28', 'pmounfield28@weibo.com', 'da4910d0df2b43fb470e43d74465a554a7c6dcab3ddb57d813075e5897eea4cc', 'spettatore'),
('kgilardoni29', 'hslade29@elpais.com', 'e299712c755aeaf33b169a96c8a7dbf070bfd3cc7da66bf74e9913a65fee0989', 'spettatore'),
('dzecchi2a', 'kwoolston2a@etsy.com', 'de858f281f8d98a7ebd4d0bfdd0b797b64805ec10e07cd51d7ab4a303747b74d', 'spettatore'),
('dteasdalemarkie2b', 'kslimon2b@pinterest.com', '93f23fa23bfd4d4db08d5805e731071d5cbbd0adf03675c113005a0243aabc0d', 'spettatore'),
('dnazair2c', 'hdilkes2c@elegantthemes.com', 'f8f7b3bc8ee80a89daf66444ac84b6a77a0af94e24ca853ba1307fe123725349', 'spettatore'),
('rpamment2d', 'hregardsoe2d@sourceforge.net', '175a6b637760ad03ccb2cb011d5fea284852a83d3fcdc8b9ef3491404b763331', 'spettatore'),
('drouf2e', 'cbalwin2e@wsj.com', '09a14cc1cfd511781341cdf428934577a467a7407f0a75a680e4d683b8841221', 'spettatore'),
('fbowgen2f', 'rsanson2f@de.vu', '2f514945c4c7ae4849caa0790aa0b2c7e4f837dc186c092e246996e60735f647', 'spettatore'),
('gvasilevich2g', 'mbuckbee2g@g.co', '806ee3f7686103d136d54c014e211deb4f8fed1e8f05f80938a99f0aa41e41e0', 'spettatore'),
('efallowes2h', 'smablestone2h@bing.com', '64337990391b0ca5892a350f87bfd880cc733936e10f0d289396e5728ed40708', 'spettatore'),
('hpougher2i', 'gmcglue2i@parallels.com', '2642b5df541f84be85a541b00a930d23219aab55909bd3a7bbb7692161edf0dd', 'spettatore'),
('zgrimditch2j', 'wenser2j@tinyurl.com', 'c5c0387ce7397be2af0a2f618e39dce96172117e436e56629780c23a924d767d', 'spettatore'),
('cpimer2k', 'hfarreil2k@twitpic.com', '16bbca663e95bb8bc5df1eb70fd5a722699f3054d5d1449584eadd8b0bce1a38', 'spettatore'),
('bjury2l', 'kforrest2l@spiegel.de', 'd0167c03d93a9c523fd6389f7b5fd872fd2710f44831b533e8207afc5f13ddb2', 'spettatore'),
('cluttger2m', 'dmilne2m@gravatar.com', 'deb86bd6b5ee8e963c096680fc0123d5bb028667a306cd46999cc7a573d660ca', 'spettatore'),
('mmcgauhy2n', 'dbentley2n@umn.edu', 'a6d3d7529147ff0dffffb462e094a9734a605f9378e0855aea47110e54cb1d16', 'spettatore'),
('kwinson2o', 'mcorbridge2o@house.gov', 'a039fed27750bee152a592aab77e76c505d2d3f1be88aa9875427289c8283e3a', 'spettatore'),
('dsergean2p', 'tpetti2p@youtu.be', '994c4fcf74d17e184cedf0aabbac3241fb767ca5f59067b752af4cf8d4659844', 'spettatore'),
('klambert2q', 'mdowbiggin2q@1688.com', '36668a86f0b10c20315fc3e23662fb2eab4db173e5268d32aed2823f93a11874', 'spettatore'),
('vmessam2r', 'gpowder2r@intel.com', '2534ff5b96a374aba5f12c43b144d49545bf923068f352a5b3836c63e6be5fa5', 'spettatore'),
('bweinberg2s', 'eforth2s@godaddy.com', '64fcb596d213af1d8d166a1ecd0a4098c0e2af007a1c50eec3424588e697dc59', 'spettatore'),
('hmcilvenna2t', 'lkleynermans2t@yandex.ru', 'c6cdd5c3b0beb6d78f8abcf3f4c1ee4c04744e7c4ec4bf96b8eefc086857adbd', 'spettatore'),
('kaxon2u', 'nbox2u@nytimes.com', '2e69f489b4e5cea7bf8c3fe2be2a4ef5d4f4d4b14216edfc09273a63933316b7', 'spettatore'),
('tlarrington2v', 'dbortolotti2v@pcworld.com', '2dfc96ae098fb0062a55fae89cf3351054dd182b7ee2bf8e5a2f1869b1c5acc6', 'spettatore'),
('rband2w', 'apennicard2w@myspace.com', '85ec8e3b71ddf934911e4c634991c13b18f42d569c59920802a0f38f06284bde', 'spettatore'),
('celsley2x', 'olarive2x@spiegel.de', 'd64c4733da657d19d45247ecedf580468a46f6de8e4af2b585902fef4f8a41f3', 'spettatore'),
('vhumbell2y', 'bgawthrop2y@facebook.com', '1cd4a2a4193bb8c7927bb40fd63c31a16a0ded0bd009402eadc07a1a08097f15', 'spettatore'),
('mmynott2z', 'gmunn2z@hubpages.com', '7a28f43d64a56f202b0c2af46d439a5ef24c9bfa302e6f210e6d9c4c013f88fe', 'spettatore'),
('acasado30', 'vigglesden30@angelfire.com', '403c7accb487ab400cd5e485ea9ed0e1c2bcb75f63a5827aaff54a765c0f62f2', 'spettatore'),
('cyarnold31', 'greboulet31@paginegialle.it', 'fe1b4399cd54a5708760b3038c1e41be93850d84d4834fbf9be5126a984ccb92', 'spettatore'),
('ksoutherns32', 'mcometson32@cbslocal.com', '10b2589a3c973e85a2188b0ab53728a9630a4b5c2325d05333cf80e196308e23', 'spettatore'),
('avolette33', 'adavidovicz33@posterous.com', '56c2b1929daabb920a47199eff7fd93b317df87f65c284b99a3d1daa0ffa225e', 'spettatore'),
('kgauntley34', 'bmauchline34@barnesandnoble.com', '13070d4f74ca334e85eb92d7567428794d14f1e027ccd832ed2de2d77598bc03', 'spettatore'),
('tkirton35', 'bwheelhouse35@t.co', 'fe5a98b44dd92038bc2c6e9519638d6b75937c7bdcd1d79d8b5cdf5f0096ea29', 'spettatore'),
('lschlagman36', 'tmanoelli36@devhub.com', '0f3a81af7bcb1605c79c422b9438eb6508aebb08df7e0f275744760a46bb2e72', 'spettatore'),
('cmandrake37', 'naickin37@prweb.com', '38fed0937193e9171e1c0811e7ab125fed2581ea975d6c21a9744467affa84f8', 'spettatore'),
('hwalczynski38', 'baudrey38@bizjournals.com', 'fda976969918ec59dd26e9a6e825c6c424f7abb2ddf1ae78618a2a216257938a', 'spettatore'),
('lyarn39', 'pandell39@oracle.com', 'cbc82255fa8dfb412c044f233beb1909f540900237c8e217d75e3a5ff2c20abb', 'spettatore'),
('ssnooks3a', 'dshasnan3a@qq.com', '96fba91152640aeabec77321d98d6b26431274f286b39f98d3ef83b3353ef25f', 'spettatore'),
('kduggary3b', 'wshotboult3b@npr.org', '1c167bdefdc918d6f59462d2abfd4c90c38286aae3671a64c1966edba75a9364', 'spettatore'),
('slambotin3c', 'ejaye3c@mapquest.com', 'bcf1eeae465049c5dc263dd352bbbce40ba0ca8cc947bf46335070b77a8e5659', 'spettatore'),
('ddeble3d', 'jandreotti3d@themeforest.net', 'bfb7d4d1ad50d8dabbe7b10960b6ae314f5062b9da0e97bdf8eee7b89df00f6b', 'spettatore'),
('dmctrustie3e', 'bculley3e@angelfire.com', '3ba8b28d9dc8683439078bf8211c528666ea05aea6125358d653222f9567646e', 'spettatore'),
('mellaman3f', 'swollen3f@blogspot.com', '79ce8273c4b3e9b9e0300dfb5f0481281bbbd6b254c463f66bab58ffa3960203', 'spettatore'),
('zbonas3g', 'soneill3g@blogger.com', '89a7465405c6996a66b435e4a10b82c8e8ca760bfc304c16d431b09153781b29', 'spettatore'),
('bminghetti3h', 'eizkovitz3h@wired.com', 'aac573e5a083231781c61aded1a50e6bf37d8ce795a1d6c9d7870ce38fdb3cfc', 'spettatore'),
('khousecraft3i', 'mhanlin3i@time.com', '394e39b616bd7b2801f0b3076639b44bbe1789858669e2250001b70b76df8dae', 'spettatore'),
('bdawid3j', 'jprattington3j@uiuc.edu', '29f81128698e76aa602b3c4614db287a7cd908b7d2749cc19a5ca1ca291612dd', 'spettatore'),
('myaxley3k', 'bdeeks3k@woothemes.com', '6172df591cdb065077557052b0d2a50ad791f3488696f6001dca0749e54c4a90', 'spettatore'),
('mbehne3l', 'rsawforde3l@un.org', '41c7055b192fd0121c4cd80e31614c5613f3257f3ebec317133752493f3bf281', 'spettatore'),
('lelgood3m', 'adillamore3m@umich.edu', '535265376df3f21be310029d0802ae03f1039f4d8f2f661dc991d496a7177213', 'spettatore'),
('vtindle3n', 'rblowen3n@g.co', 'f121277d1f8da61b904ae78de296bc6f3f107a20cb710afd143cd0499a7684fb', 'spettatore'),
('minge3o', 'cchansonne3o@cdbaby.com', '2c75d9a44208757ad41716213c81d303b84adbb381c4e65ff754c95f32bd67fc', 'spettatore'),
('cpeyntue3p', 'rodonoghue3p@dmoz.org', 'db74d19ca33aac9f14c20d44a56c9f9962631e3e3bd0cbd5953529e83e15d8f9', 'spettatore'),
('tbarca3q', 'qbernardoni3q@arstechnica.com', '2cc24a695ab3a09175dfba5095db5850c7c07abf5d6fef2b496529722edb3413', 'spettatore'),
('gcattini3r', 'jlubomirski3r@slideshare.net', '46a6ea683a3bfd8421aa3d770025e56f9a8499edf39afa843b6e2cfb7a3cdb2c', 'spettatore'),
('dhassan3s', 'lshields3s@storify.com', 'f76f5b806a2fcbd37e9d4e65fbd90ecba14342f4d8363bd74e15e35a027194b7', 'spettatore'),
('nhampstead3t', 'mrogger3t@comsenz.com', 'd622683ff5fdcc68deb65aa6f7c878ef5b5071944cc325e604b1f685d402952a', 'spettatore'),
('sree3u', 'lcowlishaw3u@tamu.edu', '42d772ecbc171208a79a07d5d957d21fa78408a11cd42f18d67cf19d03cb42bc', 'spettatore'),
('hzuanelli3v', 'bmandrier3v@latimes.com', '9f9699708f4ef97c3eb6c46e1eb04682e41d2c146585da8039501abca234fea5', 'spettatore'),
('pcounihan3w', 'mreis3w@xrea.com', '34e76dd83e738d849ab9894d731a82060efb5f4ab69803487a98c7667757c98b', 'spettatore'),
('tkimberly3x', 'smableson3x@sourceforge.net', '9441ccae72018e83ef5aa4b86c3e685208e992f89646d1425ff37443399b7ef5', 'spettatore'),
('arosenfield3y', 'sdick3y@examiner.com', '1e2ca8453e1431698089c6f3f66e65049a101fe32b7a9ffce7c6f74e25a10a55', 'spettatore'),
('pdurno3z', 'cvandijk3z@japanpost.jp', '10d17ca80046318136e2b61dff3de81ac153fc26fb7ba1c1e3715e659788d275', 'spettatore'),
('tpolet40', 'ebalshen40@si.edu', '855cf25170ea3a136761da1426a758a0fdc67b0d18183666ad0895bee6ac679c', 'spettatore'),
('dmattaser41', 'aferraretto41@sakura.ne.jp', '3aee357e16e575216f4658d26019ae89769e4c9823bfb37e40682abf5fb31577', 'spettatore'),
('cclift42', 'cdoughill42@amazon.co.jp', '6ec88c9cace4afb02ddbfa3f19d18cb003db10c7c39de292d7db9e42f542ba4b', 'spettatore'),
('bgibby43', 'iashby43@cornell.edu', 'a599372b6c97cd048194bae09e045f1b1293911602a3920282f9b56e4910ed4b', 'spettatore'),
('nbonham44', 'gagass44@goo.gl', '3d6ce58e4b7642484e559af1c5e9e165c619561ffcd71528dc1a2831fbd32ff4', 'spettatore'),
('djessard45', 'eguyot45@furl.net', '7e4b3f33f2683448945082e1b897c4a568d326f1730141fc581e226336229ad3', 'spettatore'),
('bwilkie46', 'mverrier46@istockphoto.com', '492d27393d6551c6e88e4807f61c4859b999e892fabe593a3339cd8565b92f9b', 'spettatore'),
('igartan47', 'aadao47@elegantthemes.com', 'f30f66075a220d774dc6cdada3fa26fb7ffbb20e04dcd7eea19f88f88706d295', 'spettatore'),
('gpacitti48', 'hdrewell48@soup.io', '2ab9bbf8945deb8026454349db564859cf191bb45fa79774ac8355a10a1a9de6', 'spettatore'),
('ebendon49', 'lrance49@hatena.ne.jp', '0d7ef3394d8fe58173d6d4e0f8849252e0808c3b670e6083b6989f4267147a7d', 'spettatore'),
('dcasotti4a', 'cguichard4a@1688.com', '8d33035f330d35ab4d39483f321cbd58e8b93f53ab9177fefea0ca559640360e', 'spettatore'),
('vbatham4b', 'llindblad4b@surveymonkey.com', '057fd3238f4cd4070b1cb0949bbec61ec469f12fb129cf0e66e26d3007bf2cfc', 'spettatore'),
('dskehan4c', 'gdurling4c@blinklist.com', '9b3638565e7cd83b062ef1cf0ea923ac5a6b7fa76d67d0e4fa9035d996cdc778', 'spettatore'),
('dlowton4d', 'cdumingo4d@geocities.jp', '5794b036e5c1e6115af4dd6d01b9fdf9ea8595fd0f7e821fd4830ab4a3f34e29', 'spettatore'),
('eblakden4e', 'htole4e@twitter.com', '8c12743634b4ac683b8535407c60e3c422a4e3557e0eb18e445c780cc34a805c', 'spettatore'),
('aseagood4f', 'agambie4f@theguardian.com', '0cd30b2bd32617ed18cda26f9beb080e1cf6d1fcd78c0d58211ec41ba7dfe399', 'spettatore'),
('csnelgar4g', 'pogborne4g@barnesandnoble.com', '09e99073da4f7695af929f9c50c713b85a9d16dcec5544f6dce11cfcf22c65d8', 'spettatore'),
('atolcher4h', 'gsneath4h@skyrock.com', 'ba7a5cc0d7bfb129712c04a6bb5cdb2ecce51b314bca23536bbe7ac2863846c6', 'spettatore'),
('sjerrand4i', 'cchown4i@cnn.com', '5614da1f9dc56cba1373f1950dd179836874e38f939eae7c820b0145eeeb02bc', 'spettatore'),
('mbasek4j', 'jhamblington4j@marriott.com', '1c9bb859d09e46f7141095b2bf4e74cf0d13986b5e1670aa477d56db7ed10f77', 'spettatore'),
('ppasfield4k', 'hzannini4k@vistaprint.com', '7f6646e0f2587192ca688f16df7ca5dadf9d259722ee8f0f06e6284fd3bdcf9a', 'spettatore'),
('wmeindl4l', 'jpaling4l@narod.ru', '34151601fa113d7691de36eaadd618249f9bd2c2f6b56fa6b097d415aab84102', 'spettatore'),
('cstobbs4m', 'dleverage4m@scientificamerican.com', '499499efffa9691829934c9daa56e990ddc3402cba2549fe6c4773a7123baa67', 'spettatore'),
('fbennetto4n', 'alortz4n@narod.ru', '0609b37c1e3be1cfffd2f192c0e5ab9c9fd378be8eac67607b209ac2ed9c0816', 'spettatore'),
('tjimmes4o', 'rpool4o@sfgate.com', 'ddc54f71c5fd768b7d00c5c437fb4f0c9a43b9b137e2716192bf8c113dbd885b', 'spettatore'),
('mdineen4p', 'imaydwell4p@archive.org', '5b9a741b1a574ca9d12cf02bcb08def9660073c74e063e75796c0b1104318802', 'spettatore'),
('nfeatherston4q', 'jtumilty4q@cbslocal.com', '5eb492a55625113c64e914744355cfc217a75ef9277747ac1df7a5b51f087cee', 'spettatore'),
('cadne4r', 'dguidetti4r@gmpg.org', '406f9c77951e08af757d64c4b468b74042408305ea5b92f4493331a6cd1e7f71', 'spettatore'),
('lsickert4s', 'tshelton4s@springer.com', 'b9ff2f30c0eef3bdbb05843f76052f07f30745d72cda371ee2ba1ddf853a88a8', 'spettatore'),
('kwaplington4t', 'hvere4t@fc2.com', 'd9592df81f756e8fc7a60dfeb871fdb41462aaf789cbd1aee4fa9a83df3eebaf', 'spettatore'),
('tumpleby4u', 'vklimuk4u@yelp.com', '386a30653b73a90e734934a2eba55fb481d3d6ef2d90d4bd8e18586a1751bbc9', 'spettatore'),
('tgrebbin4v', 'tinott4v@163.com', '2a9e3a7b9a0d374946557c398c54ce971f4dbfbc56098e94b70eec11a20a0610', 'spettatore'),
('sdavidwitz4w', 'jgardener4w@spotify.com', 'cb6321502b75544efaf97dd94e68b9bb579abc3e357281136dc9206653f09087', 'spettatore'),
('severiss4x', 'ashireff4x@acquirethisname.com', 'a91e2ad805fb8be33de34edbd37925a90c03120b1f4f1a3e821830ae46f12148', 'spettatore'),
('qdummer4y', 'gboltwood4y@ft.com', '0760899993a901d1300d0ca3ae7cd8c5705e749d39deb26c044481ee15d34487', 'spettatore'),
('jbaldassi4z', 'gwaleran4z@vistaprint.com', '3602a489a371eff1cd8ed3024ba7a5287b83f92b41a40ef4c43106d2caf10da0', 'spettatore'),
('jround50', 'msoans50@google.co.uk', 'e282c0742398d0353201c8cfc2f788f6b382c4cf1cd63c5f46e195c4dbe79188', 'spettatore'),
('ghudspeth51', 'fzapatero51@japanpost.jp', '8a9741e0ed4dbf9e341ce961879b7d4b211932a682e7d91c13a7e6e46559103b', 'spettatore'),
('rhaddow52', 'cyelding52@businessinsider.com', '7b2fd3e55a8d2baffee1ba5c687b5360268aaa9bc1a362d2c189a56b62e04d3d', 'spettatore'),
('alowman53', 'ilapworth53@slashdot.org', '3558a40763cd2bc7e53980797f9dcb9743a4282c570026c841fb748ceb49dfa5', 'spettatore'),
('rwillishire54', 'htuminini54@seesaa.net', '8f4fced372e277f096afa0b9845120c08dacdf32e60718f442c14eb69aa132a4', 'spettatore'),
('wrulten55', 'dhundal55@twitter.com', 'cf2d55af5cb4a55aa4187fc24fd0bfff9575aa8e036919a6395d687c932fc8aa', 'spettatore'),
('vmaciejewski56', 'rgrosier56@4shared.com', '1d83ff97e270dede181fd980f3f64a5942a8f7646ea8319082b378a5ec9928b2', 'spettatore'),
('mtwigge57', 'gpantecost57@nymag.com', '473718cfbae46fb3e0946a4bf51839fb3d6d3f8044778a1c24bcaf05c71c97c4', 'spettatore'),
('abrogioni58', 'tbasilone58@zdnet.com', '51f7b712a5fda6c02ff947bc44d139e6e9ae7a811aeabddc84239714fa228c4e', 'spettatore'),
('rbard59', 'drosettini59@sbwire.com', 'ef007f86f78c6d9230b379e93184bedc91acc737adac90cf571b693aabadc1d9', 'spettatore'),
('cledson5a', 'rmynett5a@e-recht24.de', '2175b7b984bf605145cca8f1391364a208e4ad6d6458ad86ebf11a117c6d297e', 'spettatore'),
('mtenaunt5b', 'mvampouille5b@adobe.com', '61ce3fb64f4e07aa806db648b11ec93094b8941932c63fffced90d4a481a4b3f', 'spettatore'),
('lallans5c', 'ghavock5c@quantcast.com', '0b7a34c6c5b20b76876441de6be6bfe2bb61eb8231ff43a64e3475164a8296a9', 'spettatore'),
('desch5d', 'emcgeraghty5d@digg.com', '1659c9972e7634d4b66acd4e4ddf875e097ac5c866f682703649523d97c9172b', 'spettatore'),
('ibedow5e', 'aboldero5e@cbslocal.com', '8e9bea11dea78c4f20aacc788f29c0547fa018d2035cab1074f9df873da0ac82', 'spettatore'),
('voneal5f', 'labson5f@edublogs.org', '3a318b707268a8add4a8a24559efb40b16818810049db17b06ac5bcaaafc8460', 'spettatore'),
('jlawling5g', 'bangear5g@themeforest.net', '307b12bd55abaeb88d76a4518dbd363a7315f60f6ce8652411f6a306819e1ca0', 'spettatore'),
('mhurley5h', 'candino5h@boston.com', 'e00ff733a93660c5a93091c5c5ce297091b9776cbb52e3420e993ad2696080ff', 'spettatore'),
('jbennitt5i', 'bbrumbie5i@biglobe.ne.jp', '61f591a8b10103af4c8c03753a9cb4220068ec76634fb2f99991f792a82aaf4a', 'spettatore'),
('ebaert5j', 'twyness5j@furl.net', '8b377a4de490776edba906ed5a07d9834cebeea2421d322166b7288e87f566cb', 'spettatore'),
('dmazey5k', 'bvarker5k@cornell.edu', '785e19988907c76da5f4c64a47d0e5fa9058c5f3a7ed922bcfc2a39876d8cdbd', 'spettatore'),
('blaweles5l', 'acheales5l@pcworld.com', 'ca200ddc60ed309d21d43f3660e80d0d1df24021280a974af2ab7489e1ef93e4', 'spettatore'),
('asharram5m', 'dauletta5m@cnet.com', '0b0f4e098d5a1fe65d1c8c0376f05cf6fc179250209a517cd23046baef0b160d', 'spettatore'),
('mbasso5n', 'tcardenosa5n@naver.com', 'fb1393fb4ff4cb30b37c6f7e77f93a409082eca96b6753823524b1ac6a845b97', 'spettatore'),
('asole5o', 'lgoldes5o@diigo.com', '314f5f2653b275ec45f47ea8020faf361b750752acfbcb3a0414d69d1a619dd1', 'spettatore'),
('hwhitefoot5p', 'csallier5p@instagram.com', '084f349cf025dc19d744e516024c33c3039e38a90395190e602ff5b3a93f8404', 'spettatore'),
('aladewig5q', 'bnewland5q@timesonline.co.uk', '0eb78eb321ed81ef55417a4dcc77a3b0ac2e50893487df445cc9341ebaea98f1', 'spettatore'),
('fwestley5r', 'seccleston5r@soundcloud.com', 'df61dab511a5fddead725cc2142bb129a8da15f0f155447a8e47a11b2b30ce4a', 'spettatore'),
('gjira5s', 'cdavidescu5s@wsj.com', 'b9be2118b3c7a779e66ac6113bfe5838f47ef94e2be4bff74a6f8c671866ae36', 'spettatore'),
('trainbow5t', 'kfirebrace5t@un.org', '1b257bf188561fe453f00ece329d6b5b09f82ad540f23fe69b40550df12af59d', 'spettatore'),
('mwindram5u', 'oyter5u@soundcloud.com', 'ad041ec6e27c829e9ad933b749a7e21537bc79f46dce9b2928a9c23830a9c6ec', 'spettatore'),
('jmckeevers5v', 'agregory5v@ask.com', '59fc773ca30986f2c35e2f8ca815b9925943273f71b8402cff819a2ec5141bc4', 'spettatore'),
('alegonidec5w', 'bgoodison5w@bloglovin.com', '63ebe24caab79924f57d8ae9f95bb93661ca765f8099f515f93579f9378b8518', 'spettatore'),
('cfrancom5x', 'rhyslop5x@slideshare.net', '8299d7a1e3307fbb64114193072360ebb727c0649660e27232867bc1d814cadf', 'spettatore'),
('bdunsmore5y', 'fwalasik5y@hatena.ne.jp', 'c1a2cbede941804a91c60c30351bc260b3bd49b419acd63b193b55c6c346dab9', 'spettatore'),
('ngibbie5z', 'vbemment5z@jimdo.com', '97afd782cdd57789476510fa07a5874c01d911dabb6373aea846dfdbe9d2df97', 'spettatore'),
('etrodd60', 'mpenni60@clickbank.net', '7baf56321c1d3c205e700eccd5017d159c02d7fd171904abc6a8879e7c8a3ccd', 'spettatore'),
('ngriss61', 'tcaveill61@intel.com', 'da87d2b3d39b51b4fc2d765aff4a9d2d8b9561ca2b83dea9e8dcbff99f7d59ad', 'spettatore'),
('ssporner62', 'rkerslake62@google.es', 'd1cef02491716dff728435179fc1b9549e8782a17fc5994251d2a787c4dc4990', 'spettatore'),
('jdemendoza63', 'mbonniface63@mac.com', '02b91af1f1baf7a1cdc565c75b3a39831363c29c67bcca212e6fe52f1ce693a7', 'spettatore'),
('bstrangeways64', 'lsteynor64@vistaprint.com', 'f9d4b75b6f8e2d98705ad446f152489b51775f6c4b844515309d9e3c2b505163', 'spettatore'),
('mpluthero65', 'shaylands65@xing.com', '1b851a3b1cfafa575ad1bafb560e7aecaa7b30fafbedbcd86eee7ac1df33a121', 'spettatore'),
('sbrounfield66', 'sdunkerley66@cnbc.com', 'e8bc0a10b35052ce69d9e4486fe1158552a46e3ff109fcaef85327bb7ce0c984', 'spettatore'),
('kdugald67', 'afunnell67@guardian.co.uk', '676c5a795304428645d8bb6589a0165905b742d7c43d95507fdef377640c6825', 'spettatore'),
('cingerman68', 'krossi68@hostgator.com', 'ea6c2764a312417831b1455051c27e83d6d30dda7f87c591770d5bbfb728ade3', 'spettatore'),
('kjeannot69', 'jlaker69@vinaora.com', '144093b3073b330b13a7af3f07d1eb628d481c65d5b1a0a8709fb58db774be4e', 'spettatore'),
('plongworthy6a', 'handreopolos6a@blinklist.com', '9a62941dc89f8ab99ce4b7ef37ca7909a7d30313db82a133c310412c41f602c9', 'spettatore'),
('ggraser6b', 'mkenna6b@tripod.com', '620ed17ebb8caac2974298bb0e9f903987ef4271531388920ad36cf8377305e5', 'spettatore'),
('jschubert6c', 'fpitcher6c@un.org', 'a5b31025d4fff3b1e28e6c3e420c32de0053b888e4e76d82fbaed033c8fd05e5', 'spettatore'),
('hvidineev6d', 'phelliker6d@webeden.co.uk', 'eb62d2f67c405cebdae2637969a0a8a65c45c180c77bb4c1563d12e4e3aac406', 'spettatore'),
('apoulsen6e', 'bsandsallan6e@wired.com', 'd9671e509065591db87337677cccc6afb0f58c617e4536d739177a5c21b6498a', 'spettatore'),
('bturland6f', 'mbampford6f@prweb.com', '03ff1f1f08f4fa5bf0cb62516db286b6fab86949ec2ab061f557758df8fec519', 'spettatore'),
('iprozescky6g', 'smurtagh6g@auda.org.au', '380266b79c7103418f19f2f808261a60c950be95c06dda1c329e1945ad286ff0', 'spettatore'),
('mpollastrino6h', 'dmarchment6h@hc360.com', '8ab808d216636e1926c940fa626bca5c1b895beb753e8bb967b573e7ad14b0aa', 'spettatore'),
('pdryden6i', 'cvarty6i@issuu.com', '4cbaae53b4947c2e7a790569a5316310496e86714fab71c9ec6517f01cd71577', 'spettatore'),
('jchevis6j', 'cvann6j@goodreads.com', '99fe4c09cb67bc7e9c6a93ea648fec37e8a9c879dc020bd87f1850773c2afbaa', 'spettatore'),
('mchainey6k', 'cshipcott6k@zimbio.com', 'd561d19da6e77e70d8cebe2c2b6f31ce3f6edce345042ab844facb7408f0ee7e', 'spettatore'),
('ajohnke6l', 'tbenner6l@economist.com', '7129d20f518881258ae12748185f586d7a14c295b9c967fb1b4419de5e01241d', 'spettatore'),
('rlavrick6m', 'sconcannon6m@moonfruit.com', '834ddda733d167ff47efca588e9c138d099fe356d1e93cc0002aaba7b36428d5', 'spettatore'),
('ccarrabot6n', 'cdornin6n@tinypic.com', '130d35a1a585bd443497cf4269bd2564e5a19d3626e3b8b0986c813e564ea6dd', 'spettatore'),
('abyas6o', 'agodin6o@delicious.com', '91eba511aa8ed7a42e574a3cd6b4c190e9cbfe09aed85b46e2ab891fbfee6249', 'spettatore'),
('cespinho6p', 'hsawter6p@uiuc.edu', 'f5fc2dc8cb4e7c7a437ab54c3325d1fec7c5693f4d08c57ef5ab240a37b0c71d', 'spettatore'),
('xmorrallee6q', 'tcoltart6q@weibo.com', '30db84ac3f9ae6493d0b3a676a14e0087b558797d693de7acac6c5c938fafb5f', 'spettatore'),
('dlambe6r', 'zedland6r@rambler.ru', '024f8f2a6a4cdb18821817f2a9b7a2b4738dfb3f6035771e01bf99b481ed0386', 'spettatore'),
('hfryatt6s', 'gshapiro6s@noaa.gov', 'c71990f32617f73989471c0c35c49d7f421556ca0dbc0c73af4c6c8c7e79d22c', 'spettatore'),
('dwinslade6t', 'lmurrison6t@cdc.gov', '0fe17a1242e1dc1ea3a24b0b960ad4eaeecc0507207f03262666a74b6a34bbe0', 'spettatore'),
('jtyler6u', 'zhaugg6u@jimdo.com', '405c491dd1a73f05853ac458dac6193ccd8bbdb6087d440dca1b1a4b036bc413', 'spettatore'),
('nardy6v', 'lcheese6v@so-net.ne.jp', '7237fde146f7275db737179bcbacdc0663f89500801ff8505306341686cd0fbf', 'spettatore'),
('dgable6w', 'mmccurlye6w@nationalgeographic.com', '8f0a0cbcc5b9b7e85827108814300ad697645ca8585f79ae5253b320a6da8c74', 'spettatore'),
('ldudmarsh6x', 'eblewis6x@jalbum.net', 'e6ceac1fd535b0f2f1cd9e03d256465a3b014a2fbe3cf583b46c2c5f5346ab37', 'spettatore'),
('lcunah6y', 'nswains6y@berkeley.edu', '267f6042b8e14fc786921f9079333186726bcde33b593f1aef09514f4bb34d14', 'spettatore'),
('cwayman6z', 'ecommin6z@multiply.com', '71986ca8245e74d3fe2b67c10a6bd791adc3f91e09aabd0b3a16f4fa39551fec', 'spettatore'),
('belgie70', 'rlibbie70@spiegel.de', '5449bd1a88f8c225212f74ed9e6e5dc796c409e3410458e46ba5c0a8459343d7', 'spettatore'),
('jcasina71', 'dcousans71@youtube.com', '366db33bf32c0d8a41b5f6be0209171b73c47f12c7eecda36e53832b19be3a09', 'spettatore'),
('wpinsent72', 'tballchin72@geocities.jp', '02a5ebbdb4725b90dea84b2cd9eddaf1bd4472c8dde855bc843a218b32743aff', 'spettatore'),
('chasloch73', 'ibottelstone73@soundcloud.com', 'be99602715b69c79c0439a172cbc9ca101cd5fe6823cd408d421330b9501faa4', 'spettatore'),
('tgeekin74', 'ablowing74@eventbrite.com', '687bf1df62764973c895b9bae84c1776a434644590b509125489cd97aa150957', 'spettatore'),
('dizachik75', 'glieb75@wikispaces.com', '4bdfc58aa9b0e1e63a13ca2c9bd551a101c7cece1374ef90017ecfc2c13df196', 'spettatore'),
('rdorkins76', 'icoopper76@yandex.ru', '6920f202186f85abad2e1a32e95b3bc516b590baee528dc2d3ee98b19cdd6b05', 'spettatore'),
('mheiss77', 'abrunesco77@plala.or.jp', '5a3eeab19c50835f2bcced96066ad8aa4e8829041bb7540b927fb0bac6225707', 'spettatore'),
('ndeegin78', 'vcutten78@ucoz.com', 'b28a556ba21ae2c4c2a25d183f84c9a2ce71199fecfe5486c1237a880d1624e4', 'spettatore'),
('gmatelyunas79', 'csivell79@hugedomains.com', '76edbeeae24a7035fc572d5cd0a0cfeabeca6181b7a7aa5c863134291fdd6dc6', 'spettatore'),
('dvize7a', 'gpaynes7a@shareasale.com', 'f7e07281f0bd1f8fba296de40e6b9c336014f889685f7cb2d02d63cdafc68e0d', 'spettatore'),
('lhalse7b', 'amcelory7b@infoseek.co.jp', 'e1ba3943538dbac093a32d33074749861fc898bba28f85407ad6cd04f8616d70', 'spettatore'),
('mheckner7c', 'gdarlison7c@umich.edu', '96e86d0bfb170ddce6ab8f873d944c76200220c96fa65780ffbc04fc45551997', 'spettatore'),
('gdingwall7d', 'agarrelts7d@networkadvertising.org', 'a3f18a23c400adb577e23381b0e90cf426d3cd5491950a419b98ee063db7d8c8', 'spettatore'),
('sbreeze7e', 'bmeyer7e@irs.gov', 'b0bfa5c8a5d964ae82714a7571a75e98c67e0859741ba118a04d52c087043baa', 'spettatore'),
('pthew7f', 'wyeabsley7f@facebook.com', '739d5c2a9611bea8027b65d4ade6304ebe6c34c70b938197f9c26bd3ae525dc6', 'spettatore'),
('sfloodgate7g', 'kgrogan7g@wikia.com', '0ef93c98b5d05c790e8adfe194a755f9d735750024da2dcbfab9ccc58649dfeb', 'spettatore'),
('tgeeraert7h', 'bdomel7h@livejournal.com', 'a3cd4455db9fa5d06552ee9fab152ac38e4d0357f30edba725a88bc5e908cd1d', 'spettatore'),
('lmerriton7i', 'merswell7i@cbsnews.com', '1f96eaf83366bc4d032de5e6c514b6ace04f871427f29f3a50cc3e6ebd9b1a1e', 'spettatore'),
('sobispo7j', 'bcanti7j@unesco.org', '6406fa65a932512451583068c7a302bb47253cde3a478d1e94b320c1b986298d', 'spettatore'),
('rpape7k', 'kevered7k@edublogs.org', '06cd6cc13e625ed7cb8fd1f7b2d23aca68b82072e366b9d777d52fac7dc1708a', 'spettatore'),
('gtims7l', 'vwilsey7l@netscape.com', '43565b9c0fc83e57cbaf7819a129bb612200028fa7b175e6b24d190f43599572', 'spettatore'),
('mbudik7m', 'ssammons7m@google.co.jp', 'cc1954932ab52f74f3d9e188e475b9785a9c67faf6a8f75856fa93f92db50073', 'spettatore'),
('ashewon7n', 'hmcaulay7n@pinterest.com', 'e5bc2ddaf08addd48225824a187622a579533c73075500b3429cc021d7cd29ef', 'spettatore'),
('nlepruvost7o', 'nsaur7o@clickbank.net', 'f13b16136f7abe95d72ed1e66d8a2bcf004b9f5b2990d211731e5120c7d2aa4c', 'spettatore'),
('wbrownsall7p', 'nkimmitt7p@shareasale.com', 'adea7ebb9c58663b60f475025c4310d19c8b4a5f83d6786060c989627d2f668a', 'spettatore'),
('ghabden7q', 'oskyner7q@seesaa.net', '50147c14c591f497916e1fdd41b52d04ae5cea101bd24d73901c3279c688d6a4', 'spettatore'),
('xdenison7r', 'fhatton7r@uiuc.edu', 'd15984120b9638391edec687de19f4d00a2fc3761b3e406d631f543b99647d56', 'spettatore'),
('ppruce7s', 'ntraviss7s@yelp.com', 'b1a19ff5099d2f08bedf3973dd546e410329ec2f73cd80d03bfac0d897b9b91c', 'spettatore'),
('mlamburne7t', 'tcourtes7t@instagram.com', '408e99bf8d0f99fe9c1c01fa2f8375c1673c8980f994691682350e5cbae78314', 'spettatore'),
('dkoppeck7u', 'bsermin7u@odnoklassniki.ru', 'c72d45ae6bafd23bec3599bbfa596ce54c26684565c6d83621cc7ce7409c1798', 'spettatore'),
('tcolquhoun7v', 'fcayford7v@wikipedia.org', '3ac004daaa17a16c1c86e3ca0ad0d002209611b1586ef32ee021123d379a506f', 'spettatore'),
('htinklin7w', 'baveries7w@icio.us', '2182be7b803f2d1d4d1dec43e5e7f1719e78c2bdf8d73e0b062043941a425ce2', 'spettatore'),
('bbutterwick7x', 'gtarzey7x@dion.ne.jp', '50439a793f598624eaf32d499b6d71610e52c79cab64e1daf077f02771162bb6', 'spettatore'),
('emcvaugh7y', 'tantognelli7y@tamu.edu', '832b1e4f1c21df4a322d76cfa9c4ee681f97550480ac89b124cab5bde1d143b6', 'spettatore'),
('jsummerill7z', 'bcuttings7z@usatoday.com', '79e5adb217b78aaa836812aacc8f4dee6c0f022aa3a25c24344186f9400fbb2f', 'spettatore'),
('hough80', 'ckonrad80@studiopress.com', '09c6fccb7b7fd32c7a736f27274a171a0e940e42d4dc1f4c9d96e5d063afbe7d', 'spettatore'),
('jgoudge81', 'jtumelty81@surveymonkey.com', 'f89993baf39770359513f3272fb747d18b1bbd54362c4f8234134ad161b79744', 'spettatore'),
('kwallett82', 'abarson82@livejournal.com', 'bd1372aac936e9d250cd6a1ac15d6c95776029db41db95f87ea6fba0e995c414', 'spettatore'),
('ieburne83', 'dsinnott83@edublogs.org', 'e094aefc4d3f8643054f5ab0e79ccd1ebf81ba695e99fd83094b691f4e9a5080', 'spettatore'),
('dpossek84', 'sesby84@trellian.com', '2c6c15f90bd5ab256221d8a5074801b1f41dee7ae9e4050110e2b6920fbceeb6', 'spettatore'),
('ehexum85', 'nskaid85@bloomberg.com', 'f9c22ed129837f1d9ae02afa2f3936abb200fd6ae93288f3e3a0c4f05edfeccc', 'spettatore'),
('dvanes86', 'aolrenshaw86@sun.com', '9d663decc0bbc3fb5c8eda1e09e7b4b48ebd08391861555b53bfd0f2e1e8c2b2', 'spettatore'),
('aellissen87', 'atennant87@elpais.com', '93e9cfe37610056fb9859baee0578595afd8d95279d7b99f2c8427df8b74a51e', 'spettatore'),
('tstannislawski88', 'hgoscomb88@who.int', '773464a8a63f9b85b117de7ef00b134850a0b63e2759898f2095251abb6b4cae', 'spettatore'),
('dsoans89', 'aofallon89@dyndns.org', '53fbcab8235b82c2cdeace820dd108e9c362a914d90fceaf22b9ccb52e0959fb', 'spettatore'),
('rbeernt8a', 'nnicolls8a@usda.gov', '9996155a5453199d966f9969db724615ef31242517445a0b739c3afb2433606c', 'spettatore'),
('lhysom8b', 'tpolino8b@princeton.edu', '9c1f9355e1f77770073dc4cc31215d3cbbfdac63b590b13af3b01c42219c38b7', 'spettatore'),
('mswanbourne8c', 'etimmes8c@phoca.cz', 'a73587771296ec71ceedd4bd0e6fab75a001a877570bb07c8b217c3d4ae54ccc', 'spettatore'),
('ebenny8d', 'fknowlson8d@digg.com', '21b919fcd13f6cff7bbebe82a555d0ae47f5d71861fa9646214d6579912243df', 'spettatore'),
('cbatte8e', 'bdickinson8e@accuweather.com', '68e41f8606f0c8704954b03071ca10d97fc835dfa9770af4fa98c5c038f94173', 'spettatore'),
('aguitton8f', 'kbassingden8f@paginegialle.it', '497fb70b002d9aa945f56e9f55fd6b96b35eea16386a7796f801089ac34fa5be', 'spettatore'),
('fstone8g', 'cjankin8g@usnews.com', '7091bf54ce5cfd13d95f3a3b2024686791188f35aeba38d0b6eb0edbdaa4b1be', 'spettatore'),
('rmillhouse8h', 'llinck8h@shareasale.com', '4dfa8a303dca5f0a446fc3f10fce7f4894a636b68116a189c04e65d69f047afb', 'spettatore'),
('valcido8i', 'sgillman8i@dot.gov', '2ff3b0fde62adbb305dd949ca2be61cc9414d6367d310427579936e49b006452', 'spettatore'),
('vmasedon8j', 'prosencrantz8j@cnbc.com', 'bfa062fc1b147965fb0bacd47f022bef3fc63e2da05f1f0bc7ad6af28a7ae3b2', 'spettatore'),
('tarnowicz8k', 'tsimmgen8k@fc2.com', '208a45607257da1359513cc121c83faf9d36fd8171e2e88ed562fd968026375e', 'spettatore'),
('mloosemore8l', 'rpeet8l@abc.net.au', 'a9e1764e8324e724ea75d8b502045abc0478d1354e661c07bc8c75a1ac8fda5a', 'spettatore'),
('kca8m', 'holuwatoyin8m@ed.gov', '7c789a3df29d18b1dce75b7496db7e6a1e0d886ea3619de1e10e77300770cd97', 'spettatore'),
('gbettison8n', 'hbande8n@forbes.com', '38fd7116ca6cccfc5ed6228770f061a0c3223195aad5b2c0506935dd98653591', 'spettatore'),
('scattel8o', 'obeentjes8o@businesswire.com', '6c7cb911bf232561408ba1173e21a74c1ff33a75eeb9c1cc7fdcf8680a7e7058', 'spettatore'),
('nkedge8p', 'fmalley8p@indiegogo.com', 'bc1c5479208581b1a45f3aea59df59b6a9657fb409fa6f7259548b0d4b7678e5', 'spettatore'),
('gakester8q', 'mlinay8q@aol.com', 'da1efd085285b2cc2cd74cfcd5b2f54cbfd4bfd445eb5131477d7f98e52b55a8', 'spettatore'),
('soles8r', 'rbrimm8r@chronoengine.com', '11414ddef5461ebe9f5b0bf3331bd3dbdefea33586b1bf71e85e99286c8455ce', 'spettatore'),
('abeddin8s', 'bvarga8s@ucoz.com', '2b4771172917a315391f76ae63c0f09bc5db0ef26bb8badb7631581f11253e05', 'spettatore'),
('hedmand8t', 'rorrill8t@instagram.com', 'e2cf48f954a0aacae64c3dc2b9ca257489ef2bda699d1f256baa0cdb2af776b7', 'spettatore'),
('efrayling8u', 'ndegiovanni8u@yellowbook.com', '27d20e2b162e5388783ef48c65ca1676d3a2ae38c053a70cd5b8d1660b0c552c', 'spettatore'),
('hmusto8v', 'sbuff8v@sohu.com', '61ee7bcbf0a1dab590c11527324bd1a115efa0bd8675cf918d4b300062592822', 'spettatore'),
('pdumbarton8w', 'hcranch8w@weebly.com', '33045603a36522e26c5cff086249777bb3367651fb79df7b3b808f7cf143dc03', 'spettatore'),
('cgatecliffe8x', 'nbutterfield8x@cloudflare.com', '94e66a8f4d56f01d99fb2abad080f03167fa2f71a1b8865d230d2bd6cf4b0f45', 'spettatore'),
('aflament8y', 'mmcpartlin8y@tripod.com', 'e7eb84f629cc7d9ce2e28c06ac7ddfb5096cf20c904a2f852db07ad301e4612b', 'spettatore'),
('pvasilik8z', 'tszymanowicz8z@jugem.jp', 'f08d1371afaba5239361c6ab732f3afc990d6cd28dac80350c8afd92c97531d4', 'spettatore'),
('dboylin90', 'smacias90@chicagotribune.com', '699c357677d100859faac6231725048cf6cae67cf00de5a03cb862adca1d8c7a', 'spettatore'),
('mmartynikhin91', 'mlaviss91@dyndns.org', 'b40aac32c837e5f4419f0d0e3e6d106932f1711bf6e37c82cb7380040cef5a1c', 'spettatore'),
('ctoombs92', 'kstafford92@pagesperso-orange.fr', '5f7b2cf088bfb6257704a6d8c0d5609820b24df700cc43c9be03e64617ca29fa', 'spettatore'),
('mcopping93', 'idacke93@senate.gov', '73cd279d828a916aaad425432367849e5297bf06759e363fda9460798fa607ff', 'spettatore'),
('idenisyev94', 'rrykert94@mozilla.com', 'd9ff9945a86eeea7d74a8a15cd798bc0d3fef5c4420d7254894a6aade052fe7e', 'spettatore'),
('madran95', 'eaugur95@upenn.edu', '8df65f90838ec87bf7d3c8ef191cd284b8c04b6e8e4bc3f1f945aa05e7a970a0', 'spettatore'),
('arosie96', 'swillishire96@cbslocal.com', '1e1da8278e7345d57e8de73e1cfdcfa83394588cfd0db2f795479892b2f8e0d5', 'spettatore'),
('dcastanone97', 'rwells97@geocities.com', '4a53fcc46d1f4259ca1dc5c590afb1e38a80fa843b5d46269ce1944528ef14c1', 'spettatore'),
('sfusedale98', 'ehillan98@ftc.gov', 'fbe4c91672e48038120cdfdf0a494f9f216194f8219aff5abdae0f7c07186ab4', 'spettatore'),
('kdalgarnowch99', 'ccandish99@theglobeandmail.com', '98e2569e69709d6de4c79e177c78c91c65b2a91d802018f745a6fdbf1cbe7f5b', 'spettatore'),
('wvandermerwe9a', 'tandreone9a@va.gov', '131c9cfabb78f11aa34e75a0d5865670a9516279992d47d6e61eb0657d56ea5d', 'spettatore'),
('mdeglanville9b', 'keffaunt9b@bloglovin.com', '28e5268b837a2b7acaa637c5f12b9ec46086021fe61d3e58ffc335022fb1706f', 'spettatore'),
('ssaturley9c', 'cdarkins9c@oracle.com', 'a9cedcb61f0a8d792bc6af74673a944738ca9fa11edf8d3ae1dfe6501ad4451f', 'spettatore'),
('ncolten9d', 'abourgaize9d@networksolutions.com', 'b904ce50498cf6fa10ad76213ff3345b0c0f8c345586570d3314bbdac6abc8c6', 'spettatore'),
('tgotling9e', 'tmcgeoch9e@abc.net.au', 'd95a854d05bef9fffb70b54ad991276f0ee144e3e2028ccbb575d1387bdc31a3', 'spettatore'),
('wmatchett9f', 'wkretschmer9f@fastcompany.com', '6021435936a14ba43e96b719021bb353a5adc660f134ab870ab1fe273e8b2812', 'spettatore'),
('ealfuso9g', 'cbarter9g@desdev.cn', '5da937b0cb66d8c608493fe2a46fa29d12f6ecdca2fd7295baa72d2334edcdb9', 'spettatore'),
('cbrolan9h', 'tlonie9h@nba.com', '028f021a1d6206a8f2a48813945026f87fa893db13ceed2738ce9168c3695b15', 'spettatore'),
('msheppard9i', 'mholdren9i@a8.net', '894fb30a73ae08231ebc1c2d5ba05b26101308dd427df80092f6f5634e095316', 'spettatore'),
('hstaley9j', 'wgeraldini9j@mac.com', 'a801b1580a9e0d5ee4b3353bd46ecf947daa1265a5277506a0b79992d30cb0ea', 'spettatore'),
('dstandage9k', 'acassar9k@sogou.com', 'f9d14257e5e4ba1110f9a47a978af50c1c48c3b59198b6cf002d5c16d00091c7', 'spettatore'),
('vcaizley9l', 'wferriby9l@indiegogo.com', '9a77cef22db39e0953d92b4c3bd37414647f31f439e623c39ba42f7b84d72d2f', 'spettatore'),
('ryurinov9m', 'bpiffe9m@merriam-webster.com', '7e07cd1e0573c77cc8f0e251e545c898a9a8374945f4f2a92c17dec450190bbc', 'spettatore'),
('blille9n', 'mchainey9n@google.cn', '35e368fb7b69a9865bb7b54657914e6edfd20af1d8c6cb71c3d997207cfad208', 'spettatore'),
('bpurves9o', 'cmilland9o@desdev.cn', 'e17f633b4b6206785e22297c1af3cec29258a11cd63093d16559edace389b4cf', 'spettatore'),
('pziemen9p', 'fsage9p@zimbio.com', '5f06ba8a01631e52ec337823128703e8cb2c95faeca5bee37644cd67e730e3f7', 'spettatore'),
('jyellowley9q', 'zkliner9q@washington.edu', '409c2dbadc54de2452e85368b352f78f4b7d67d7cdf1886958712c9ce5eb7e0b', 'spettatore'),
('smaidens9r', 'mmanger9r@hexun.com', '9952aaafe847387daa0dce40158fd6ad663d5f61d008107ba60dd7368614b6d4', 'spettatore'),
('aspollen9s', 'csedman9s@patch.com', 'f47f873ae3498d53d134db46e569c96df0dcb4ba7b568a0f0b318c3675fac625', 'spettatore'),
('mcoumbe9t', 'gcasajuana9t@google.co.uk', 'e0b04ba5716c4f35439e9c5b7c880821278e8832461ad05b98cbf06314e1ac68', 'spettatore'),
('nmattei9u', 'nrudham9u@yale.edu', 'e281f047a2e89140ea8504ba103bc98b0e38c739e6893218cbef89ebbb7588e3', 'spettatore'),
('jfeighry9v', 'dvinter9v@tmall.com', 'f90e2e2e24681f4f30c21f0c8f803e875ef29ee66e4be09715aaa0d012bb90a6', 'spettatore'),
('rlifsey9w', 'emilliere9w@webnode.com', 'e415464f737d96410ef73ccc67a73ba11d8d08809626b5f71ec626cafdedff0e', 'spettatore'),
('wweekley9x', 'clindegard9x@comsenz.com', 'e5510d0960fd5820ccb8a1f8ecf7fc6e973e2420d9bab60219339290b47a9336', 'spettatore'),
('spickring9y', 'jmaggorini9y@hibu.com', 'ea6e7b934e488825dbf5b1e7d2a77271066c229e740f6cf7f471b093ba0926e5', 'spettatore'),
('atremberth9z', 'onisot9z@exblog.jp', '96b4563b85d13b68629ba1532f235a0d0a0a20cdd250bce8eb231ef0064ff021', 'spettatore'),
('oyurchenkoa0', 'vjohanssona0@edublogs.org', '1bd9dbfb5ea4724544df7851ac5c99c374e8dcfd3a087e347027237b9098439f', 'spettatore'),
('bcrankea1', 'ekenlina1@dailymotion.com', '354af6cbeae6990061cff0dea683c5e64cb9be4237c0420a8e7d309b4f16d64e', 'spettatore'),
('imcgenna2', 'asainza2@simplemachines.org', 'b497ab2646af03a7aa98321620c3f1b225a4ab08a3be9555ca922f5742901299', 'spettatore'),
('fbickerstaffa3', 'nblacksella3@ovh.net', 'b7f157fbdea5e3e84d61bb1b08b994fe3598ec9bad8d39fc1b9dbad2a82b6953', 'spettatore'),
('nboheaa4', 'csoppitta4@cyberchimps.com', '87980c6d0ea14f065c3a7c82b0f59582c342b01738687965fed4baa08b90dfba', 'spettatore'),
('iguntera5', 'abiddlestonea5@squidoo.com', '482c15791f03c902352e3dbebad2f3427fbbab8b3bac232d544ef2f9ce37109f', 'spettatore'),
('kiwanowskia6', 'ablanquea6@soundcloud.com', 'f660cefae3af91e401ed23e60c08d113a8242e9120c3a47095ac7167466e271c', 'spettatore'),
('abuma7', 'edukea7@sciencedirect.com', 'bfe50938dcdf5e3bdf8cac20bc5e73897f0548c79ea98867a1261b02e4d9cbb0', 'spettatore'),
('awoodhama8', 'rpendrida8@kickstarter.com', '8e5219eabc766374ce25387ec39975c4b229d93b37bb3b041c540f10142090f7', 'spettatore'),
('cminifiea9', 'smccumeskya9@1und1.de', 'b8b86267e916406efbd10f0f06c81f6421eba37a1a6821aaac57d6fdb648d1ba', 'spettatore'),
('jopieaa', 'fwalklottaa@seesaa.net', 'a27723320cd551d9416954654c8da2aab60c615afd62eba6ce417d4988cbf839', 'spettatore'),
('hlilionab', 'ldelvesab@arizona.edu', 'dc455cfd3e8b2a363695c28c61a4e4c94ea91a0e10c1cba8dbf42446adff1fdf', 'spettatore'),
('kmonanac', 'ljikovskyac@weibo.com', '5f33b3ce6abbeda0aae4676ef2917e252b5f25b341882fd597c143f6c3be9350', 'spettatore'),
('bkinavanad', 'lsalzbergad@spiegel.de', '7514be28a02a4eced179ac2532ece915d720890293e1e36068eb0a9c2f4a30a3', 'spettatore'),
('swillsmoreae', 'chardiae@epa.gov', 'f39f0c480f05f992b80177ce2e70d80c50b1c6b05980cd763e09b6ef8b8eba03', 'spettatore'),
('rbenettelliaf', 'bputtnamaf@umn.edu', '54463acb24e59ef323a1d5ac16cc4653e91fa8bc0746dd2ef5479eab40851480', 'spettatore'),
('uhemphillag', 'lmulrenanag@wsj.com', '08fd938370f71e3013ccb9479c8d4eccd785712f85f0203b2fae7d65944dd740', 'spettatore'),
('ldominicacciah', 'tgebbah@youtube.com', '3d027a3d723707e588da7d9826181055d2541b9793a46bf7c39db668f9418c98', 'spettatore'),
('tedmeadai', 'rtythacottai@cbslocal.com', '53b44e3b8336bde19c43518c62f3be503a7b1a8c15c7d5293fb2d5ef36866f89', 'spettatore'),
('dminguetaj', 'areicheltaj@wunderground.com', '8216622e1dafdd6b67695a534d5481cd0f8a956287e6c89b242ad43d71f47b34', 'spettatore'),
('kglandonak', 'bguinnessak@yolasite.com', '2fa2d134ca925d68ee8ee43359d3e1747fa0af1bb1590299e1cc89b55754f2e0', 'spettatore'),
('hmccromleyal', 'jchirmal@bandcamp.com', 'd5854ec26afd366e8bdb3243898a89cfe5cce39f2c3380f9eb019741587383a8', 'spettatore'),
('bebleinam', 'sdelascyam@cyberchimps.com', '774db50b739b059655bac53d71597f9f8066f2285f6e95a2ef4677e22559f627', 'spettatore'),
('fchateauan', 'ggeelanan@marriott.com', '63da419e79d914e97a9f077cc3c794252aa53d376c37b1f133b139bdf587e845', 'spettatore'),
('tpinyonao', 'ebroadnickeao@spotify.com', '16eea54ff88ba584310cd51ea47e2cfb3bf6f1b1c1c35a3b4c4c9c7bf5d9f3c0', 'spettatore'),
('slenardap', 'etalbyap@uiuc.edu', '5c5d826b12eef64aee1cabcf3537149e4521f2e3769fbf65b5f2c5504c9bf8d0', 'spettatore'),
('ugingeraq', 'hhatcliffeaq@booking.com', '6e8f369891f99f49b87450267fabf305a3cabf68ab688639ac622c308e41d567', 'spettatore'),
('jblundelar', 'kfilipchikovar@slate.com', 'f1b680281df0f5e1820834a3749eb5a19bae1d7261d5275163ae087ba4333cff', 'spettatore'),
('rkumaaras', 'xtrytsmanas@patch.com', '0cce54ed025e5237621100386fe5bd9978440d6a6ccc3e0a39a25adea0c8e524', 'spettatore'),
('nasaafat', 'mhumbieat@typepad.com', '0adfb8e8133d4e21447775fca248b90ddc2bea45754cee65137f2731e96ca4f3', 'spettatore'),
('dwellsmanau', 'iproverau@gravatar.com', '696ca7fba2fead26ba72021d819051e5fa5d95f211e1fd027b599c164e984891', 'spettatore'),
('ggombyav', 'ihaccletonav@cbslocal.com', '72333d9d76dbf65c65b996349c4c1631cfd43c78bba76ca26f60e2a2819156fc', 'spettatore'),
('hfairleighaw', 'aniemiecaw@ezinearticles.com', 'afb33a8f19f491b6dd98af238233270d2aec2021a5d700c1499173a4e3528668', 'spettatore'),
('ccamblinax', 'hscorthorneax@auda.org.au', '484932f84858e736e223b8efdfafe4bc103d556765cdad9f4be0c116e1e576f3', 'spettatore'),
('acoldbatheay', 'darkwrightay@smugmug.com', 'add1f3d50de71f0151f034e0677fbbdfce176928aac13d8df62a5886583f37e1', 'spettatore'),
('wgriffoenaz', 'wleeteaz@51.la', 'efa32c42414fc9c8335ccf53df0d86ac9dd1417b66da80e489f69290e6d3d298', 'spettatore'),
('tbrancheb0', 'cravenscraftb0@naver.com', '7fae12713ae166a40e07d330caeedec6f0051a373a7c6a4b17e46cc4a05f8d30', 'spettatore'),
('fhousonb1', 'hdoreyb1@addthis.com', '1b3645a65e16a63c069b7efd35216092e1547bfe4eb0cbd685d0c31f661bba98', 'spettatore'),
('fforgieb2', 'lslavinb2@hao123.com', 'bf7f44c8fa582d2bc37421ab8e7e38d81909df5e75cb63a3d5d3b6d404413423', 'spettatore'),
('preffeb3', 'rkellieb3@cdbaby.com', 'bfe74ef0ed9b22391afb09ce493c4b1d500956ea0e5cf3200c881919bd648004', 'spettatore'),
('dbourchierb4', 'fshieldonb4@sun.com', 'ae485114b4948e8a5f58fc53b983f972ed461973bb259e7073ab60b8fcbd55c0', 'spettatore'),
('tlapishb5', 'jlemerieb5@illinois.edu', '9a60817f92fe02e6600b4f572a44c74ea24e3c2e9a19fe248d9fbd2ecf8575a1', 'spettatore'),
('rwevellb6', 'iwauchopeb6@auda.org.au', '0ae28ff3cb2df97e8fb466093b8f9e2150212c790e341ca92427840a56976f2a', 'spettatore'),
('esimkob7', 'egotthardb7@ow.ly', 'dd7ab0f24e1c01e5959963979a4def34d93de452c4561b0ea95c76b3b31c4e61', 'spettatore'),
('fhopewellb8', 'mclarabutb8@addthis.com', '4a879ffa7dd1f2199960cb40aafb44da4fe94150354f21c7c319416ff343298c', 'spettatore'),
('pbisacreb9', 'rdominettib9@prweb.com', '6d30c83240742add41b1ae0c6bf7121d02a3c9cf8203cf060b8467ccd3e61545', 'spettatore'),
('ajanesba', 'eskettba@skyrock.com', 'ca611aef883343c1eeeefca1a574dbc264c6ebab893b2712cf5517b126cec601', 'spettatore'),
('ddunthornbb', 'dtomblesonbb@bluehost.com', '5f8ed07c95d916e25fcb8ce0110b18302e254bf36ede0e502e254c0b13698acc', 'spettatore'),
('vdalglieshbc', 'oharridgebc@storify.com', '5051febb0c810f48842c2ed0de96aa31eb628d79103b73a459461e54ffe526e6', 'spettatore'),
('grootebd', 'fdorceybd@admin.ch', '649b1f9453a973d5bbcb0a377246ed641521568e3db5c3fb9e9d318adaad10e5', 'spettatore'),
('wroelsbe', 'mrodiebe@indiegogo.com', 'b5e0c4555ade5b3c648f7948ae790fb897a311d5d9ab4e714d76c665711f44c4', 'spettatore'),
('gangoodbf', 'cbrycebf@senate.gov', 'f05e106c7f1354254e6f89f54ac1297341826d8ae4c927949cdf3d4bdd609811', 'spettatore'),
('ddumiganbg', 'grimerbg@tamu.edu', '5e9b113a23d55a9da66959f94b72d09a6254998b96d7169ad1df9e7c91015535', 'spettatore'),
('pkennifeckbh', 'salfonsobh@army.mil', '6039ee48a6bd599e498cf7f83e5ca9291c950db8afb161ce728d2cfc6533c38e', 'spettatore'),
('amcnamarabi', 'chaylettbi@de.vu', '1e6cff8d9ea5b65f526e1ac47023116a73dc63a1aaed610160f1fd842f484f30', 'spettatore'),
('mzarbbj', 'anadinbj@netvibes.com', '867e0d363ebf4d834f32c7b23b87349761156cb11122bb04672e4dbc3c066d3d', 'spettatore'),
('tkileybk', 'qdeansbk@stanford.edu', '2e6d8850b87a957e0c73e882e805d4035f32c7228bc73ca57dc46cac72eedc01', 'spettatore'),
('fwhitesonbl', 'wrippenbl@who.int', 'e20249fa2489a6d247602b0bf12b94d60e7ea3786166dc79e6a782443df81fb3', 'spettatore'),
('deastlakebm', 'gciccarellibm@mashable.com', 'b07a9cfc8f54528a080048d00f1c841bd2bc7603f369a176bdff303dc4f52cd3', 'spettatore'),
('ltipensbn', 'bpasslerbn@elegantthemes.com', 'e1a1438b229c7da83e61d3fcb5b119897a320ab8b0ab40dbab855ce52e19c59d', 'spettatore'),
('slusherbo', 'spatchettbo@phpbb.com', 'da0cf6af80eab505b620058a60721c96b4a32afcb93ab9cd4328d58575762322', 'spettatore'),
('cmacmarcuisbp', 'aalgerbp@flickr.com', '747f589bd0636d40d6b524d7ff1643cdf15eb965f8c1c41297c423b50a851e9e', 'spettatore'),
('fcamossobq', 'qpiolibq@dedecms.com', '31f96ff43f60406f43f90d61b17ea06d8a24aba18ac3699393dc54c617c08ac9', 'spettatore'),
('csolomonbr', 'jdugdalebr@netlog.com', '2773afc7696f88b7fdc73c9f317147f63d40fc7bf7b20e89324ba260c6bca378', 'spettatore'),
('tcatterollbs', 'eedysonbs@ibm.com', 'da4bcc8b71b1054cba6fc84f734df4e7221dbecda0a35dcf6ecd3c148563892f', 'spettatore'),
('jkeytebt', 'gdilowaybt@themeforest.net', 'dd9c2f9820e7bf9aec3a0a5e976527849e417189c14396e2e14267751ca14b9c', 'spettatore'),
('hisbellbu', 'corfordbu@umich.edu', '873157431cf3525389107d8232ee62adbf14c7dbfcbfa5a0d9efdfd28f223611', 'spettatore'),
('hpodburybv', 'pkendalbv@meetup.com', '545485385cf2c743a7d0b9dc88ae2085c407086766abf53f433e3c79d214ee13', 'spettatore'),
('gmcgonaglebw', 'pwhieldonbw@house.gov', 'b99490a14396283510f5e9d398da9bfaf421eb3b1917d6891bbbbf524d01b5de', 'spettatore'),
('bstanmerbx', 'dtamburobx@deviantart.com', '94c5734cddb0d1fd217c4d87cdd6f0992bcb70011ae704d39296d16008b6dd8c', 'spettatore'),
('emckimmby', 'vmccleodby@pbs.org', 'a5927806ba956a0ce1ad9a304666301eb72e3b4834c7589fd8bd035db4bd8bb2', 'spettatore'),
('ebeathembz', 'aklassmanbz@npr.org', 'c5c816cfc76c3fba9ce08ca59cd3147d86a5e4279465953b7b40ecd9c7e24cfc', 'spettatore'),
('ckaasc0', 'elangtryc0@huffingtonpost.com', '4f45f41c049f128368e6c9fb32d9a04e58c6d8b6ff2f282ec60bd8a3ce3e2195', 'spettatore'),
('bgrenec1', 'rhundalc1@dedecms.com', 'd757bd90ac31f362f4b34a8607191b2d109bd38d14b0c265eff4ebcd0fb811b2', 'spettatore'),
('dquinneyc2', 'jgalbraithc2@storify.com', 'e5eb8c13c937c87f1467d8861148c09be4d09cf0bb8752a7b048d05d4530ddda', 'spettatore'),
('yvogtc3', 'kwalshc3@eepurl.com', 'f0f16df80b5220599d93dc1ea71b154d936978e9d8b224ca6716b6e653f00a9c', 'spettatore'),
('wdenevec4', 'hcolcombc4@google.ru', 'ec383f98a40fcdb5207f6627d24b6b0d8b8db363d81df6dac21a38e9df6aac1c', 'spettatore'),
('rseftonc5', 'tdespenserc5@cnbc.com', 'b6e644ba5825901850eaf9304fac341c92a6ac37105fbe6cd0314d66559e0ed7', 'spettatore'),
('mcarnelleyc6', 'rtoozec6@youku.com', '0979a8b4071bcc9192024ff858f65a200f5c2a9a5b2560c53c3ba7129674cbe1', 'spettatore'),
('lyakushkevc7', 'kmatysc7@amazon.co.uk', 'd3b43b032f6c9b66fbc49c957730cf4ea852d4da94a64413471a6d0a024f11d9', 'spettatore'),
('mlambirdc8', 'yormistonec8@drupal.org', '41bc972bfaa62ccebaa39b58423f513bfb83c1a4d86706adb35c838bc35d357b', 'spettatore'),
('gellettc9', 'lburdekinc9@mozilla.org', '09d506836e8bc5a6f35b7aa3f6f6300d8438443b7d40ff3e983a94aacc620b6f', 'spettatore'),
('jbrayfieldca', 'nrobartsca@hp.com', '0edc278206abb27c8f39bbddce88ac67fd1ecd41146c97d67b24d3645a11d27d', 'spettatore'),
('rslingercb', 'edowdcb@imgur.com', '74924f462e9a572be6daf4843a8b5bb73b41a043fa8f8019ea7778539ace5b7e', 'spettatore'),
('ahatchcc', 'lcogercc@unc.edu', '6bc159059cf91834aaa40e98c9b9f02a0b7aef892bef38a5c3bf74c572576de6', 'spettatore'),
('llegercd', 'shaydencd@hostgator.com', '6ffd462462e62ba7d0cdf82b468e6174d47ec90eafba9b35bccc366dd0123cec', 'spettatore'),
('etortoishellce', 'sritchleyce@buzzfeed.com', 'c5f2b1141122d665b1fc3a7130db6614d19b5919fcd1ef7245a4097820b624ed', 'spettatore'),
('pjorgecf', 'dmennearcf@gmpg.org', 'f41d625af7762e5f96f924dadd9649b2b872e6b3bbcd06ade0fa1661f193b7eb', 'spettatore'),
('fmaddrellcg', 'adrewcg@histats.com', 'ca52b1e7242a52437e7c8362001c258de060485de2535d592c6a284f7798c37c', 'spettatore'),
('aplankch', 'bmariottech@com.com', 'a5d7f0c8c05a92f0a1dc2f53c87ea9b535acaf9ff4a5b550e200e5510e44186b', 'spettatore'),
('lyoungeci', 'cbraybrooksci@mozilla.org', 'aa2b5cd3ad6600041e062dbaeac4a746240879c6988f069039265f6bf3821970', 'spettatore'),
('rlilfordcj', 'choyescj@indiegogo.com', 'd51ae1e13926489ba3891d4a8b45c358121be5397446dbe94bfb3afc708a9185', 'spettatore'),
('bokendenck', 'ozimmermannsck@usgs.gov', '5e481136f7e0d9f649a2dc495fcfed8a96251dc522898137323ed5d347ae6740', 'spettatore'),
('jsannescl', 'cmarchmentcl@lulu.com', '246460e3e41bf9a67b71620111de1e56d97e50d28b07a03fc35f0b9a9797fd05', 'spettatore'),
('svasilyevskicm', 'dmerrileescm@ox.ac.uk', 'a50f828a3f4995650466d457764181dc506b56a89049441e34f008547551b07f', 'spettatore'),
('bforseycn', 'aschniedercn@usnews.com', '6d7dc9b009235e7574eb22d726577611616ca357c93cad4cc2a3f9464af77478', 'spettatore'),
('kclewloweco', 'cellerayco@blogspot.com', '5aa03af3d6810e76d7c6c246322e04ab6056aa6f64ec99716bd04aa35a84c2eb', 'spettatore'),
('lbramwellcp', 'amchughcp@seattletimes.com', '3dc66578fc6b24e80273c504b190af118ccb5ff8c876999643dd5496def3d9aa', 'spettatore'),
('dfronczakcq', 'deustanchcq@ifeng.com', '87e7df296f43cbe193bcd2ae428d1126c5745f0b60b0b4350fa96faeeae40cd5', 'spettatore'),
('jmathancr', 'hbrimcr@mayoclinic.com', '892e8e6457a0ea8a0679ab7ea97f88edded6769f45cdecb9548b594f0f09ca03', 'spettatore'),
('gsheldrakecs', 'wcheercs@arstechnica.com', '5aa4e695a2b2deeb268aa065311b17879f40919271b3a2c0ae5ec6c7e1452ba3', 'spettatore'),
('aeshmadect', 'broffct@ca.gov', '3acc86301fd9ee3e45b136197c8dae2d204d6c5043f63031f594046e0f9bbc27', 'spettatore'),
('rnaveincu', 'rkimblecu@fastcompany.com', 'd6616b1fd0d9a7a3202fb2583e9e0feddb7b44c7b8ebd2fd97cddd00cf0795db', 'spettatore'),
('vskrinescv', 'imasseicv@yahoo.com', '9ba70200b710fa7c9efa3c61527eb8509fc3297ed9d3a6855ea10c2797948fe4', 'spettatore'),
('aocainecw', 'amalpasscw@bizjournals.com', 'f66f7e3641a0bd6fb47a80ac4d54c4fc6ed13d5d534d7bd144b23864fc9c536f', 'spettatore'),
('rdorosariocx', 'vsurrcx@privacy.gov.au', '1e306539aa9df2dbfa730368c03ada97048f9dca24f1e6e7cc9641dffa7c54bc', 'spettatore'),
('oahrendsency', 'nduckitcy@globo.com', '07001bd96fc9921e10c25ec29d61c89afdef530150a86ab788170bd8967af64f', 'spettatore'),
('abrotherheedcz', 'jlemaitrecz@telegraph.co.uk', 'd07e91b9243410aed57bba5e8f5ba80f67687d9e6715ed513851f3d907000e4d', 'spettatore'),
('rguenyd0', 'kdumphriesd0@uol.com.br', '5fe8f08fa72b0c1a88184c623ae33381d3e8100d23d1214acd12e79bbaba34dc', 'spettatore'),
('hgeorgievd1', 'dupchurchd1@ustream.tv', 'c27776298e6a89a88c2f45f52c7fca7689f9465bc2e8854647c77b2e42d230ff', 'spettatore'),
('kaizkovitchd2', 'mwinwardd2@umn.edu', '0c463542b966ecde214e53d3e326396d11ebdb806ed34b2ab96f490b0cf56608', 'spettatore'),
('ctwyningd3', 'rmcwatersd3@prnewswire.com', 'dfdb94389b0df051582d63bc45b62318410f063392d44a530a189e59490891b4', 'spettatore'),
('nraised4', 'imatignond4@bandcamp.com', '31fada0923c2b2b7199a0fa575d137d38a1e80107501728471df49f081522782', 'spettatore'),
('cwharbyd5', 'rmcgurnd5@ehow.com', 'dce4d46824fe87b5028b47e88ded0fd2a5d6cf6380b689f12536f35ff4ab64c1', 'spettatore'),
('nhowleyd6', 'amenlowd6@timesonline.co.uk', '0e68e4bacd95ac4e465fe6a9976fdbeaf97bfeb56ec3c4713acaed3a537551e0', 'spettatore'),
('jennalsd7', 'bpaulatd7@comsenz.com', '78c935013456b0a94ca906d57ba6d6c38a42d1ac7eb205f7eba449076d943df5', 'spettatore'),
('zlintheadd8', 'kheintzed8@spiegel.de', '09792a023378b70b429720c8cd0c157fbd75bd0f66dc2bd6da063b671e99824f', 'spettatore'),
('rparsonsond9', 'lchampd9@samsung.com', '00a5139a5051cad75fcfc5e322a7647ee04828a9d8fe5e58dc40380a78aa4087', 'spettatore'),
('mbuntingda', 'pboyleda@themeforest.net', 'ea6d7496b843273bb661d5502abd38e65ade4cdc0b9ce0e9bb9aab50476af7ec', 'spettatore'),
('swhettletondb', 'lkieradb@noaa.gov', '7ee16a32db51b52e1ad5c7a64a0f67ce89db6d0b1ba0377140669eb6e93fec09', 'spettatore'),
('hpetrollodc', 'msimonettidc@hibu.com', '28ea8df4f205ed1fbe8490a858ab2b5d876bb1add350de65045fc5df3ee6ac12', 'spettatore'),
('martusdd', 'lbinnydd@wsj.com', 'b1c139274264f6c5151046cafc978255f681f960dbfdcb54612286237aeff692', 'spettatore'),
('wclemersonde', 'fkimbellde@123-reg.co.uk', 'a0942220ed5d94b8095a9965cb58de78d0b2f2925b90cf588d0a2223af28b7af', 'spettatore'),
('rskillmandf', 'aobriandf@google.com.hk', '07ce7b91a61f3b7c8eefafe29eeddc2075d6f800527858c4edee5aa664dda449', 'spettatore'),
('bdonaherdg', 'lcritzendg@domainmarket.com', '0e4a92973d643ed970b1e5875b09d9a089c5a803ff8f0841536c9ddbbf105387', 'spettatore'),
('cpeggsdh', 'abellisondh@netlog.com', '04dd10531067cea843d86f57d4628b92a1f044717d3306637ed16a547e44911b', 'spettatore'),
('ktheakstondi', 'bfretterdi@desdev.cn', 'df02b07c608f56dac10d2cc77e4783d0d15b51faa39715c70deb0eb1830b641d', 'spettatore'),
('pmilledj', 'gmaliphantdj@admin.ch', '4a4f3a877ea294b1b12ce999a5981374ed354c7e4eae979617a031d885c7b19f', 'spettatore'),
('dspoerldk', 'fatkinsondk@illinois.edu', '48d5918fc7e28e764d7658505755da67639f1aa2714fb546b6d55f51f2405d99', 'spettatore'),
('chardendl', 'lschaumanndl@github.com', '4306a7ade0d235821280e4102df746a16fb60d3e1f63fae3060b0e7c01da6960', 'spettatore'),
('paseedm', 'eisakovitchdm@pinterest.com', '61588ae03c4041178310455cbe7910ed35265556b9526e2de243990a8d870170', 'spettatore'),
('bmccleandn', 'imantrupdn@huffingtonpost.com', '6b2f3b2f672eb863dfdced81b0d433656e71e6f214eda39cee20905e7d48b147', 'spettatore'),
('lgrassdo', 'acleggdo@cdbaby.com', '96af79ae46327beac10cab56c727edfbd26c31648d44cffda3f88c721b57e9b6', 'spettatore'),
('lboydelldp', 'dellanddp@netvibes.com', '3ddbcd5b72955e66564fb97b9fab02cd5e76fd94e6f56c5d7dcc51d8276f5ce9', 'spettatore'),
('lquartlydq', 'nnixondq@wikimedia.org', 'db5c550aeb6aa4aeea6ff726ff77de22054612cc8d09b60a6e6ab7a2cde4e9ed', 'spettatore'),
('lbrownseydr', 'stuftsdr@altervista.org', '0f445522326ba9bc723927fe13e5019d5db33df95173dff065ba14b1eca53df2', 'spettatore'),
('tcowelyds', 'cmowlamds@wordpress.com', '12beb8f7b91c2441b706aef23c0ea0754420bffc1553157920157bca845fc86d', 'spettatore'),
('ogabottidt', 'millyesdt@imdb.com', '9ff7c829ef7cad622ee287c8e473fe5f5eb5f9cf5cc6f52f24ea437aec1be9d6', 'spettatore'),
('gtiptaftdu', 'cmerriottdu@example.com', 'a8ed56624b9605ed404a74edf1d1e6df42f9199a0bd4799ad49b50a4a965be27', 'spettatore'),
('dbayldondv', 'sbattsondv@ucoz.ru', '3927eafd60763f316eb4f597452ac9786470c8a9bacd70a10ca50c826194057b', 'spettatore'),
('ssabeydw', 'gmicklemdw@cmu.edu', '523c09666596016450ea9df2b8d6dc28ad04f916492187e42cc5bcf9e585f886', 'spettatore'),
('atolwooddx', 'hbrutydx@youtube.com', '56c4808402e4d06ab30a2642304fb753f2291feec8726b5b333a86ba631fe411', 'spettatore'),
('sburnhilldy', 'wtimblettdy@chicagotribune.com', '1bb143d54be92eb5fe901d100a0c2b7f0f77ddd0ba8567ed5e9005e0a4cc4fa6', 'spettatore'),
('cofinandz', 'gfromontdz@moonfruit.com', '16b3cf82165b354b3da407c4fb56626d829eab75f1e4dc4710fb4e529ac8728d', 'spettatore'),
('rattreye0', 'pcochrane0@kickstarter.com', 'bcbe696d7782809ded16123f42f89de3b9343b76ebf08942cb2ffde6feb95dc9', 'spettatore'),
('ymoresbye1', 'msodae1@constantcontact.com', 'b03a4ebd44f2b6c1d5c1aa816ab9f11e82fa4ad5e76a319c12a4ed20c083af71', 'spettatore'),
('ashellume2', 'rmorbeye2@digg.com', '9e2193766ba9975b9a82f875d027f46b13d65581fc9201195319c709446f8684', 'spettatore'),
('bloudere3', 'fropere3@flickr.com', '02d40cbb3cbfe830baaa289ab1cdb0c00b300e9b5c2c29111b90650076953193', 'spettatore'),
('dscarlane4', 'fhaville4@rediff.com', 'ecc791785ccf25ee7f25b543cbe5911dc6e8bdffa3b9c4cca694a17109775885', 'spettatore'),
('zlunte5', 'pleleue5@weather.com', 'ff90bf7b0f5473566f692a3cacee26d0d3d15ea8fd65e04297e861e1ab623b39', 'spettatore'),
('jrillette6', 'privelese6@instagram.com', '5f5c9f4f93d8b9a56f8e027c8b6f2b4d7dc2a4b71e249caca9c0ef9690651da1', 'spettatore'),
('hcorsare7', 'jcrowcume7@goo.ne.jp', '9c55535c264f6e69f4dbcbc53c2791f17ac060eb9dd7f31bc097bbd0486c94f6', 'spettatore'),
('adunye8', 'kpatese8@google.pl', 'ce9e5064a30ef9a08ad0d7d61b56a00c349725f7daba16452e6cd48685df6b6a', 'spettatore'),
('ggwilyme9', 'zmussarede9@nymag.com', 'b0e7887ada86ece992feec3ff5b8213f5dadd7b94b5b4b3a103e4f65c1300827', 'spettatore'),
('egrumleyea', 'migguldenea@opera.com', 'e685b54839fc0ae00f60a88368d7fb95f9bda790353005953981df6b97433594', 'spettatore'),
('jmontiereb', 'abertoteb@lycos.com', '73600dca5c6c74b09978b2b69d05d307d238ec62f5935202110b0fae95eb455e', 'spettatore'),
('hvalentiec', 'mbartolomivisec@slate.com', '632b2e062a217e8e9403c725418e345a660287faa1bcbeb4a4ff6cbc774b491e', 'spettatore'),
('snarrawayed', 'mpatshulled@sohu.com', '31ab24a42d645655c4accfa6a03a1a760c394c2301bda17cdd5524e72a57ec6e', 'spettatore'),
('hbenthamee', 'nreckusee@omniture.com', '39c119bd2dc2a0d49aec586e014857ead20d2b90c4695391e34ceb17213d3b61', 'spettatore'),
('smattedief', 'pjosselsonef@craigslist.org', 'b3c1a26dc59e53226108f187b61d23318fd0b6709c2f52815b172f82dfa8845f', 'spettatore'),
('gkimbreyeg', 'jsmitheg@washington.edu', '26337b8ffd7c79076fa769f812842c583121e261e22ba4b9701e358c657b26b5', 'spettatore'),
('wwaslineh', 'lrossettieh@tripadvisor.com', 'f0d2468689ab20d04d5bda77e1641a8dafc5776d147aea4a96fadb74e5ed5c6d', 'spettatore'),
('jcrumbieei', 'lwaterstoneei@technorati.com', '0768f8c4b149fba612ea933ee33c771e3048a8c1c52ae6c0d3444bbac2f0ce9a', 'spettatore'),
('draffonej', 'aboyneej@adobe.com', '62588b22bd43ed3e7ca943a38f3f100a4e9b59a776cc1c63b8869fb5735daaea', 'spettatore'),
('hbullockeek', 'mlyfieldek@wikipedia.org', '1721c958683f6ad549acb4299c908b617eda804083ca8e0cd31fa78d6b948a91', 'spettatore'),
('ktremouletel', 'doxberryel@cnn.com', '4d6a0d97963b9ffc8f1a3b00f1e91255a5cccb2a1da74af4981da326d0559b77', 'spettatore'),
('rflewittem', 'dtourleem@bravesites.com', '46677d8c0ebe27f1e6c17af1b1e493bf84e5db9da83bf6b85c26c16f4c40682d', 'spettatore'),
('csinkingsen', 'pstewartsonen@sciencedaily.com', 'a3066cba80a2e38a6c260684c6a2f7c01729395f850ca7c2296988c992789bd4', 'spettatore'),
('lbarfieldeo', 'kdaousteo@wikia.com', '295944fdd615aabf2f59904ed4aa322c5d66a2028168f2a3b3afb58cefcfceac', 'spettatore'),
('bfairbourneep', 'mcheaterep@liveinternet.ru', '9619d900406ddad33a70c4cf79995f11c4db71fd3d1afb412054d5cb427f4beb', 'spettatore'),
('kspraberryeq', 'sspontoneq@hud.gov', 'd34f615a45dc57bc8c0d9a3bf5d5d7041654e07a873e479047849d1de4c89e87', 'spettatore'),
('aheatlieer', 'sbreslander@dropbox.com', 'f150374c1cab720bb9f35030faf3374a49ffbba30169e8473bfd5deef7286eb6', 'spettatore'),
('npanchenes', 'ggymblettes@people.com.cn', 'a9271e577914e2da079949b1624b4fcc0162259ca7f7087e8a4395f834e277cb', 'spettatore'),
('aduplocket', 'vunwinet@noaa.gov', 'c25b5d211692ba0a6d607d52b37a38e3f53b8c557d41cf3607267092ae7bf4e5', 'spettatore'),
('lvonwellduneu', 'hmottershaweu@weibo.com', '8dc8c9f3e39bf14d9907241f7d524f350a74e541e67cb215081087c5f425246f', 'spettatore'),
('gtanseyev', 'tminsterev@clickbank.net', '553ad7084ee927fd533284240cc7b5b8210e7159a7aec23afabda1622af348bf', 'spettatore'),
('nkrzysztofiakew', 'elimeburnerew@seattletimes.com', '04377eb8be38cb25d7ad6ad6098d70caa77396168f4ae86e179987c328b611a1', 'spettatore'),
('ginstonex', 'aqueenboroughex@addtoany.com', 'f401c4929db5cea01178112ccca08856e837b2fc1ce0ea789ac05dca5b0b6b2d', 'spettatore'),
('pnorveley', 'tlotheaney@cloudflare.com', '0de0605f8c15ac657361df0880ef1dbb64cdb2b335e4b1db27dbda8070bac4aa', 'spettatore'),
('dbranniganez', 'cmewisez@stumbleupon.com', 'a4477116f1e01c18f8b15f893b5d3d0f3dbd5bc920983e1edfaeb5455739cde0', 'spettatore'),
('tscimonellif0', 'brankingf0@1688.com', '0a575937348195b4cd3821af130770a5d3a8f03bdb4fe79988d5985d31dc0562', 'spettatore'),
('nguisef1', 'cpetrukf1@4shared.com', 'e1fe4824641154e31d8432d70d0f6cd23a76c37797fdce671db230472befdc92', 'spettatore'),
('jrobiouf2', 'mroscherf2@army.mil', '7d1a7d416ce67ffed2c4493331766b908e4f7e33cede87207b778aec4ba5d497', 'spettatore'),
('mtowseyf3', 'bclaxtonf3@gov.uk', '3e7c3e3a3ac9a66222ca8ca149ff232af2d816f1cd1e0c4696914eb96b7b3538', 'spettatore'),
('nswadenf4', 'jdavitashvilif4@histats.com', '2f88d9b8146f3f1296654f1c6a10f2966022adaae5510da752e97383113d23e4', 'spettatore'),
('ebridsonf5', 'knaccif5@reuters.com', '38a106942eb68b2ce20f02611564a52973882a4378e31156f3fe4a2790e7932b', 'spettatore'),
('landreasenf6', 'apryellf6@time.com', 'cd18d04a05b7a82a00ac91db2bf619eff57714a9b08e55cec55347db6124a94d', 'spettatore'),
('bfibbitf7', 'cbattanyf7@kickstarter.com', '92ee645eceb17caf079fdef59b351d3d83b273f795f0ff9f487572aeae8a5965', 'spettatore'),
('dmckelveyf8', 'bbloanf8@walmart.com', 'c3c18dbee152306c21ee1d5085503d91940a44bd5dfad08fc9c08379bd4c7d50', 'spettatore'),
('vbrimblecombef9', 'clafflinaf9@state.tx.us', '7546c84e0524d1b3da1f551ad44e39ce0591d30a011b60b126faf0232bec7240', 'spettatore'),
('acovellfa', 'mmelburyfa@state.gov', '50dc359a319e202d82075c13c82f23e2aa27918a362b061d786301e83969b111', 'spettatore'),
('ltebbutfb', 'eroglierifb@businessweek.com', 'd2b78cff91bdfab369d3c6b41852fa7beea3bd0739038e4d2b87aca0666a0b9a', 'spettatore'),
('dleppingtonfc', 'sculchethfc@barnesandnoble.com', '37a693641151dc0df8478440af905d0642b784473ad1fa7a6e1e8fc6875ff462', 'spettatore'),
('emeneofd', 'kduffittfd@washingtonpost.com', 'e1ab5935285ec405303ba07a71cf02e3769a3692bece4d52698e5d26bb03b33d', 'spettatore'),
('crenfrewfe', 'amaffiolettife@cpanel.net', '0f774c7c9f90a9ad83fca034f7747a57aef1c62a9fa2242ea640dd6e37ee1638', 'spettatore'),
('apersehouseff', 'pkingscottff@histats.com', 'b3af354b6439fb543965494e9fc1f4c600cf32f0e2296a05509ee520265022a3', 'spettatore'),
('lbarckefg', 'amartyginfg@cnn.com', '2c5e2ac37d768813dd13ba2d48624189ca169c35b61c6071e71e4c8067ea8bf2', 'spettatore'),
('slagdenfh', 'cpeyesfh@ebay.com', '6f3caa56f9d56afaab41206af09388c8fc76cba413887f0a25e4f7ad28b0787b', 'spettatore'),
('msturrockfi', 'bgilhouleyfi@purevolume.com', 'aa8b220dfff5d39f0ca0c0b44a91a3d399450862abc0ffad17b52b8e2de469fe', 'spettatore'),
('glanfranchifj', 'bricardotfj@si.edu', 'dee3a567cea4bfb2149fb3b346b26198a193fa8e78c982c5b4335ef316c40a65', 'spettatore'),
('ljeaysfk', 'bsmittounefk@sbwire.com', '7ebcda53318f1707edd41bfc4cefd08be9d8e89d6096e8fa11e4524cf4a26dc9', 'spettatore'),
('fnorrisfl', 'dbrannofl@usa.gov', '55006f90057e5f60b4576c4d5c458c3b9f365f867635f3aad10fa24bbf3a39cb', 'spettatore'),
('dbayfieldfm', 'ldorlingfm@imageshack.us', '9bc88368a45c8b40d035f1eb3859aec6ae26b0e6e4712287f4ec8a129cff0b9f', 'spettatore'),
('hmievillefn', 'kwadmanfn@aboutads.info', '3dae268d83859882a351ea89919567e0cdd3f150719d05a4f3ed8363e4a2edec', 'spettatore'),
('rkennellyfo', 'rbedinnfo@fastcompany.com', 'a139dda3fddbc9e63e9c0e5c00428e71d264ee83dc757b46d3c9d1d9d9016a9c', 'spettatore'),
('ploryfp', 'lmckanefp@amazon.co.jp', 'fb2b7c291d13c02cd37c39d17a085789e0673a4e5fc02034901693016d7f9954', 'spettatore'),
('gbengoecheafq', 'logilbyfq@sun.com', '24fa58e23d62f5acc54baa03060bf63a81f905361d4ed8a9237dbd333ceb678f', 'spettatore'),
('rtwaitsfr', 'rdanilovitchfr@yellowbook.com', 'd0bb9da790a0c16ff85e713088a8c7a8a6b9388df8b035587141adb2ae87e40c', 'spettatore'),
('erimellfs', 'ebrumfittfs@ocn.ne.jp', '8f491a13cdf43cbb5e40ab4be26ef8d5aa14175a34c08c5d8e36605e31b5237e', 'spettatore'),
('gchappelowft', 'bdamiataft@oaic.gov.au', '59df5aa4ecf2b3b4a22ec1fbd8ff4b8f986714df2c65226bca37ab17f8f7258c', 'spettatore'),
('cpeelfu', 'afawdriefu@psu.edu', 'e7c7e19ad043402affd4f9b8f71f510f15f0a30d9cf31c2227163f9c0f803886', 'spettatore'),
('dsoppfv', 'sfearnyoughfv@eventbrite.com', '29193bb3710679c47388812edf0e491d1f684817587faeb1373d3c8617326460', 'spettatore'),
('lmataninfw', 'charkinsfw@yandex.ru', 'a95870ab96a877cd6a3cdb8368423b8abb1dce704cf9498ac92c542622c410e7', 'spettatore'),
('vwaldrenfx', 'ahobbingfx@soup.io', '734e79739a95b0a44ad688aa5d1b1e2219ca72277d55a6769cdd2bf58b370f7f', 'spettatore'),
('cdelgardillofy', 'rwehdenfy@bizjournals.com', 'e83aa15253dd6b4b26d1a3e9258d73a30184aa9e1c2e813202d672dd77b3041b', 'spettatore'),
('mpeirpointfz', 'mdyfz@github.com', 'a3d97cbe48c7cba08291d76bbea2a138cdf9d9bfe352fb946a668ed6776e6d36', 'spettatore'),
('jkardosstoweg0', 'nnewbyg0@baidu.com', '27d7f48208f57d79a43c9884042a86ee94db75afc9ad70ae0e156f9a4fd67c49', 'spettatore'),
('nleversong1', 'elaverg1@smugmug.com', 'f37fad4d3789358b998b4414a55432a01ce98b28e594124ecccd8dd1581ba10a', 'spettatore'),
('nstammlerg2', 'lbarckg2@wired.com', '3b10fab8e9d164079cf6e8b6891c115335622e8435e95ac524b6dcdebb74ade0', 'spettatore'),
('mshanksterg3', 'kordishg3@wikia.com', '2a9f9570db10b6db604d4ec123d9a844f40b07ee02161b5ab020d6d990f324d5', 'spettatore'),
('cbryentong4', 'ecowpeg4@myspace.com', '467502281790df14e84243df54a7ed287da7f045fd88bc7e0b04fa121dc88676', 'spettatore'),
('mwarrackg5', 'strengoveg5@who.int', '0cf716a5147b0459f5de9aec429254b092faa8e15cd3c4b7686ac7389b58d372', 'spettatore'),
('rkollachg6', 'rgioanig6@tumblr.com', 'cef45260d18b99ff272e9cf62b618c1df0cd121554e8f0abb4883065d83db642', 'spettatore'),
('ksnowdong7', 'aclercg7@virginia.edu', '37ae7e3e026be6cbf642497035d7504e5434a0b94872b82edfbf3e31545faf47', 'spettatore'),
('pkynettg8', 'gdulantyg8@pinterest.com', '3b2209483ee9a94e67984cf2017df4ba3d0a79d358425575bde58b91a3393bbe', 'spettatore'),
('ecasaleg9', 'aelletsong9@about.me', '6bccbd53864b5901838682a6ce0f26df8e07cbf5bc3aacd4f3bc24241064387b', 'spettatore'),
('ldudmeshga', 'kgreengrassga@europa.eu', 'ba1c76409089ea11e3e6cb6fabadbf8bc1bf685eed07440954b5950d6921816d', 'spettatore'),
('smaclennangb', 'rflippengb@abc.net.au', 'ad6db46c63fe817d6c50ffa731ec6080f37c3af6eb930be5fc0d6781731205df', 'spettatore'),
('hmacconaghygc', 'lchaslesgc@symantec.com', 'cf7fabccb84ae70aa0acd03190e337020cd091c6e5a5c1a565489b812fa45d88', 'spettatore'),
('lsturrgd', 'lprenegd@marketwatch.com', 'b072192b9687341c70916073e2182f2cea40789450872437e98e3a76317f2299', 'spettatore'),
('nlaphornge', 'jpyserge@time.com', 'aa07b029599fe8e14573f0a9b9182e29f5e22828c2063fc363728e25b3e87761', 'spettatore'),
('dsheabergf', 'ftrittongf@cam.ac.uk', 'b37e070aabcf911e8621ef9a3e8fde4f55326281888adf07c99e49b98e716ca4', 'spettatore'),
('shaslochgg', 'jgregorigg@mtv.com', 'c07c2ac15e0888703e4f48498d897dfd3c0d599a137b2e86a10db896ad80b3a8', 'spettatore'),
('gmclenahangh', 'arowellgh@dailymail.co.uk', '221d558625c233b45bc20d0006d3443c44ff1b85c452156a4b72ba3a74d75dbc', 'spettatore'),
('xtysongi', 'aduleygi@mapy.cz', '310e2740bcebe9177ebc120dde8d9d5ca5d54656f920e7fc1abe7df1b5c709d9', 'spettatore'),
('wgibbinsgj', 'ppawlickigj@irs.gov', '2bce90aa421efbfdc0f6f1e1e10710d2bfd4e2b86403928db1462cffce98fe6e', 'spettatore'),
('gwholesworthgk', 'chungk@bandcamp.com', 'ae4c4c93dd04cd7ff244dbc0930e74ed40012cdcbf68ff9f598c52d11d2262e0', 'spettatore'),
('mfaustingl', 'vtitmusgl@liveinternet.ru', '6c7e75486f4e35fbe327fdc6853015a535e1907fb22a34dcdeeb0fe7f071322d', 'spettatore'),
('nwollersgm', 'jbohlsengm@howstuffworks.com', '053eca62e16876bdec5db721b4a1f4d1eb4af2e8fd5983c7caca025d344aa180', 'spettatore'),
('afiguresgn', 'eklimschakgn@archive.org', '9940299a3431cf863c373e035fba4c93e61239b05693f1118e5efd09f9860b6e', 'spettatore'),
('wdionsettigo', 'rhawkergo@phpbb.com', 'b81fc2762331ad24126ac6906f7c0096f28d11a3b1f522074b66e9fa2e08750a', 'spettatore'),
('rsapirgp', 'rcrangp@epa.gov', '919b232b53ef9c6447decf551f46c5f6e0b6070c30e4d0a3ba8af70679d4dad4', 'spettatore'),
('nraogq', 'nhadekegq@constantcontact.com', '49faf0273eba7e164e99990cfa4b00b423607532a15cc58dbf0b21de62de342a', 'spettatore'),
('dcoppockgr', 'mhabbershongr@infoseek.co.jp', '08a6defaa82e7757207208312a784de696daf78928bb7a6dd8f1f696d9c0b66b', 'spettatore'),
('bblackborngs', 'jalenichevgs@dell.com', '8d731399aeb90cc105ff9516936acc063f322b09191eb1c6a7ab317bf2142d3d', 'spettatore'),
('dmartinecgt', 'stottgt@hud.gov', 'f9cc473c73a7bf8db451b32fd4e632c1a88707dc8fb1a3ba1982458483310d19', 'spettatore'),
('abungeygu', 'jbradburngu@oracle.com', '86ab137f71a62f03c03e42fbcc277e3b0af804fa978b14ee8b4e26d1a5cdd680', 'spettatore'),
('mmarkeygv', 'kgeraldigv@ezinearticles.com', '601a1279c2e69083c1866c1b044b2d8e444ba51d7c032965b3bc23b0f7549f98', 'spettatore'),
('hmaywardgw', 'charbrongw@furl.net', '4a3a54ebbacd4a2603ebe309caadb44a62248189aa23b78bdd3a4b3740c207d2', 'spettatore'),
('dhaxbiegx', 'escarcegx@reuters.com', 'a8406619c284b4a67ec7cd28d9df047a78af5712ceb09ad9ca06560c2699d470', 'spettatore'),
('tarletgy', 'ekornilovgy@dedecms.com', '1cd1f76ebabc19ed87752fe51b4e8841aa2e6575fb07d6822b420829a1e76a67', 'spettatore'),
('gmccoidgz', 'ledgelergz@bigcartel.com', '21e60f7107137d0d6a272e7f102d2f6173e37716cb554a73c666f61985a48a74', 'spettatore'),
('bgilleaseh0', 'cabrahmsonh0@joomla.org', 'fbf5df7292ba4b158e341b646f06d7bdd9cd0509cbdaab3de20de3dd590dade4', 'spettatore'),
('mmellerh1', 'cwootonh1@ox.ac.uk', 'cb7f0339149924942b45b70acbdc73157bf22f3d926a2024e03160c86e65b1ed', 'spettatore'),
('peastcourth2', 'rmcgilvaryh2@addtoany.com', '4ea60b5986b5e2faa17807f85e31cbc0335856de18c7f297e515da1bdfa8b91a', 'spettatore'),
('rconradsenh3', 'wpeppetth3@ifeng.com', '14671323b1e7ca48a0e23d3d0216ab8926983d45ae9bfbefc2bb865795be1fe7', 'spettatore'),
('sdavidzonh4', 'dbenadetteh4@bbc.co.uk', 'f0b86025cc488fa3bf48664675f02f20704730a141b5c47f51d536f053c078f6', 'spettatore'),
('gkinnaneh5', 'lboscheh5@prnewswire.com', '1540166020624d97ba7a7ab506a7e7d7d65af6f34f058b2886174a8eb140cacc', 'spettatore'),
('djirah6', 'alyokhinh6@google.co.uk', '88011352fffb0a341050f18a62884379ad7a4b9502fc82befb4ffcbf2d9fbc61', 'spettatore'),
('dmccarneyh7', 'dsermanh7@unicef.org', 'bf867407da663221a60886cd80a3440db1a8e2e42be0ae01bd2edbac9542f676', 'spettatore'),
('odewenh8', 'fchessilh8@umich.edu', 'a37a584dfad5aa59da6fefb05a663fbf4ce10f30135a73e6f5742ac362bf8aeb', 'spettatore'),
('fbettinsonh9', 'atanserh9@reuters.com', 'bfa68c8377b4e7c9ef41a9a3f22659a69df08ab54071a033132276fdace10ea0', 'spettatore'),
('bburdha', 'pjuleffha@scribd.com', '9f18c7762b848af2a2cfcefd1350800f586085d252df333c651ddea87efe6271', 'spettatore'),
('pgreatbatchhb', 'marnauhb@tinyurl.com', 'e3d3e1da96e840a2d76933c39a68b0fd6ce216eab8762f01bf46ca8a7cfa25c3', 'spettatore'),
('jvollamhc', 'amuckloehc@ucoz.ru', 'ab112f478dda7b426deae3d12470b885e40e6c5094bb05a6a400286aad22d0b9', 'spettatore'),
('dcrickethd', 'tvarvarahd@t.co', 'ff7e528fbe3b7c911af709973b9aec9ebba0c26cb31d44d47d96f5e6bb8baf12', 'spettatore'),
('bseeryhe', 'ksnaddenhe@newsvine.com', 'c5d8e70f7a6831bc2d3cce063ed919c14c761362f0bfe687a1c47f7e8ec1796e', 'spettatore'),
('gipwellhf', 'fmuttitthf@rambler.ru', '18b71d3e14a2bcd066288f836a0f5ebe4d066536820ea0cce36a28354daeb623', 'spettatore'),
('bbarlacehg', 'pwornerhg@cloudflare.com', '3a327240ab5b2fef9f76a7808f051b0016e2cb882cdd2d483f7fb8ecb1cdeda9', 'spettatore'),
('amacgillivriehh', 'abiswellhh@huffingtonpost.com', '4155f01695b1bfd1ba4f61ec63f2d68bc1c847011c829ef0752aaac45c51e352', 'spettatore'),
('pcarenhi', 'bsharphi@tinypic.com', '581f3b714428ba5430eb0d2a195186f659ddeb2c2028080fe36485a6ad0ddb96', 'spettatore'),
('aklouzhj', 'cdooneyhj@earthlink.net', '6787f79c766d500ad5ab9f749fd61721f31a858dd4728a1e68ea45be3ee7b7d0', 'spettatore'),
('kbramhillhk', 'bweedenhk@marriott.com', 'b7e3e7c95f392586138ada8deca6ac8f7fdbcf1b834a15e63ac91792c2729df8', 'spettatore'),
('aportailhl', 'vreddingtonhl@cnbc.com', '67fac51262bbdb4811776a92e5ad512ea120f8f7cef4cb4fb4c0dab23d163b14', 'spettatore'),
('hthoresbiehm', 'jstitchhm@abc.net.au', '360429eb8e647a5257600c773a8882144e3a000c392a14b7ff73fede06d9ebb0', 'spettatore'),
('blarkhn', 'lcarstairshn@histats.com', 'd8444b8e1adc407c67e57302b10078fb817f366d1c8db25ef68988201be470af', 'spettatore'),
('dgebhardho', 'nbradnamho@usnews.com', '4609d22b252bee4e955a0d254de9c16470e3dae618ea16bd5c3f92cd5682ccd6', 'spettatore'),
('dbruckmannhp', 'pjoanaudhp@amazon.de', 'cab368041f6cf1e7708d4958e34873e12fe9bfef4e2c4b962f7f8146d8deb2a7', 'spettatore'),
('jghidonihq', 'maddionisiohq@huffingtonpost.com', '605dcfda0b696ca72b0aada11766ab72b8283e4ded665e081cc47f97c683353d', 'spettatore'),
('mborreshr', 'tpellewhr@webs.com', '19c1591a458a248b93a06cea4c62c950227f7b42a44a7c19c20452e610fe5632', 'spettatore'),
('lghelardonihs', 'mmckeveneyhs@last.fm', 'c09583e12228f72b8645baaffad12c8b93b1f404a4ee3b64ea1892e39db508d6', 'spettatore'),
('ssolanoht', 'vbeckht@ted.com', '77471ccade44ffe4a3ceae8d1d9bdb69b4651445682cf4ce4ce98cccea1a216d', 'spettatore'),
('hporretthu', 'wrummingshu@imgur.com', '592af1c26577dc80559b459e68578bb11e5d0e86ec4a50b1a83f7d21dc81167d', 'spettatore'),
('tuttinghv', 'wjeannaudhv@go.com', '5e283a03b83c49be908d7e1e5b7647429aad804c2d4342498b2c39a8ba339d7b', 'spettatore'),
('krohmerhw', 'ncallisshw@pcworld.com', '4286e14b519568a770e3ba99ed0317287ca018f6a9795f126c4708507a89793a', 'spettatore'),
('grachuighx', 'hrecordshx@sciencedirect.com', 'c1fdcaf188d2e3a3d4e729c7081c868480cbdd32156adab7f1448d684ff1dee4', 'spettatore'),
('jfrudehy', 'crichardhy@patch.com', '03c67a95fad7497469d18a5fbf665fff723cbed0a5af9486207224b984cd24ae', 'spettatore'),
('rgraeberhz', 'sbartelsellishz@bloomberg.com', '64792a76a497609223470763dcb3ee1db29112b9af8eb0819e7bd60bcd6d75f4', 'spettatore'),
('mtiffini0', 'jfaulkeneri0@opera.com', 'd7bfd0735f9a9d5dc98cc32b31f6144e649aa187cafaad200ef43e69baf37cb0', 'spettatore'),
('nconnori1', 'krebeiroi1@samsung.com', '07a97f865b6beedb2455d7f4117a8ccf61281a2386ff6b36a94a176347b879c3', 'spettatore'),
('ctwatti2', 'lmoakesi2@theguardian.com', '72ab26f3cf11d43006b9625b8bfde2d04c3f9e315dcb3e4ecec0eaaa01c20b34', 'spettatore'),
('mlimprichti3', 'tgalbraethi3@geocities.jp', '21672738495e55238ffc61a6cb27a95fbfbb860f226eea1b166138cbd1e2e513', 'spettatore'),
('pfoordi4', 'pcallardi4@ocn.ne.jp', '07c68a88dd450c28c7c700afc3466dacf83bdf8dcd66a41d19c34cbda31d4113', 'spettatore'),
('akeatchi5', 'rpereti5@nasa.gov', 'd5c5246faac1a5873390b856036df14d61ea229112e3aed56677f479368c5c2e', 'spettatore'),
('cmicklewiczi6', 'lwithuri6@opera.com', 'fcd005f20c985a0d11009e4951c6c8ad4ef533ce13828d46b75a3259d3496bf0', 'spettatore'),
('afreibergi7', 'inarramori7@weather.com', '26f35f7a676479b971de22b69c94c81bd53f456e83540138b16cc565fc766442', 'spettatore'),
('mlemoucheuxi8', 'tstearni8@tinyurl.com', 'bfbbb4554b20961d414d100aa521c4a0b0fffbdfc7e0abeed2f832a17fade0a8', 'spettatore'),
('awalshei9', 'llimpertzi9@phpbb.com', 'd355f2694a8671551d5f6adedfffa3538798b6e709625100be8c1555c649f6e0', 'spettatore'),
('dtoraldia', 'elilesia@un.org', 'e2d4ca09180172e2daf4054e365e0325c8002afb669193cb5a3c141ac2217dfa', 'spettatore'),
('apefferib', 'opreib@seattletimes.com', 'dff313af8a887f09c8701d24a30331d7e92606a9be038df1646666e903b00941', 'spettatore'),
('aflattmanic', 'cbrinsdenic@cyberchimps.com', '67baeb9088ff4c6aec55c3637d34c949ca01a0cbcf3c372b4f6c4c2d511e7dc5', 'spettatore'),
('bsilverlockid', 'correyid@storify.com', 'bb42c92e14371d644ecc436b615862d8efa55c3daf39e186661b00d88ed5d4a0', 'spettatore'),
('conealie', 'cstilingie@ning.com', 'ddc10f408437ee2fe241222139bb1c60647edc512c28314c42d038b6a3995c29', 'spettatore'),
('cspinasif', 'nboundif@instagram.com', 'afff2a4ce691329aa51bfb8d8dfb311d310468bde80008feb08107edb87ad000', 'spettatore'),
('vlordenig', 'nguyonig@abc.net.au', 'dae70d1bbdfa5ba8fac6b89ba887af88225fce65a5b776fcb30ac6096629544d', 'spettatore'),
('rsprittih', 'ajanzih@hao123.com', '9b8776f15429f9a00f394f53782071ddf9060f6ea060a466aaffe9e8f2562ffe', 'spettatore'),
('tweichii', 'gobeeii@yandex.ru', 'efd3f9251e99cddff93e4d82415e53a56f1492b70a523a5c219f3dce1f675a6d', 'spettatore'),
('jbattleij', 'ahaggerwoodij@meetup.com', 'b5e3021dd100f6c05482ec32f56eb5cc5d5bbb782bb91d3a9c2449e95c9f5142', 'spettatore'),
('fhebblewaiteik', 'tglennieik@vk.com', '4799540eefbfe5885bf34d0ca66e1dee1d9bace229d2fdb9acc410b3daeb2f12', 'spettatore'),
('dcorryil', 'edarleyil@wikia.com', '9d573f4c3122f83ec7e6d90b4f28f802861601e4f1549a230f5a44f7ce76d2c6', 'spettatore'),
('krouchim', 'gbiskupiakim@nba.com', '4a9528b4704796f2ed17b55d8bc54da887813440e7f26d8613bfda73365445d3', 'spettatore'),
('eferenczyin', 'earthursin@godaddy.com', '5417717e35d2f1c5850dc98d5b6c06ee4200a3afe78aae0532d3f7af609b91f0', 'spettatore'),
('epresmanio', 'sdodsonio@chronoengine.com', 'df45522a0ca10f20dfc8421df492dda9a9b3331a57508e5730ed0db12f8cdc78', 'spettatore'),
('sgammonip', 'fcookmanip@nyu.edu', 'fce15336eb1b7000e902ed2498920814ec7fdb72dcf4a7a0e5a82e30f8e5a763', 'spettatore'),
('wquarringtoniq', 'banderseniq@home.pl', '202efac93b9030b360ae4a4e5d6c93090bac2fbb49db09425ed67ae7e367ff3c', 'spettatore'),
('lpetriir', 'abaggotir@answers.com', '003e26a7aad058960c6590f39aee92ffdbf371795bfb226de605730c1c71d37e', 'spettatore'),
('vflatteis', 'tminghellais@artisteer.com', 'b685731fbf49d1adefe662ae008fa35b67c7e831a56600968be273c6c27ae155', 'spettatore'),
('jmeeksit', 'rbunworthit@princeton.edu', '718693fd4ee7e6e4309530182d14d74d4a6fce063392f860e8da127b91bc3ff5', 'spettatore'),
('gmardalliu', 'bshipcottiu@sfgate.com', '306f4aec18eb6e48bfa2e7e736613c19ab32228a28446e7110072e8a1326ea79', 'spettatore'),
('csobczakiv', 'ydederickiv@tuttocitta.it', '8328a9b7d5a5b62535a24cc70514fd33e1e8d91cb8f42f1063a17402325a6b54', 'spettatore'),
('amacpadeneiw', 'hoxnamiw@cisco.com', '683cbd863aea131bbc23c050d95dff81036bf4026ef6678b50a84c2652d9e93a', 'spettatore'),
('kaleevyix', 'ktynewellix@a8.net', 'e2a82fca524dc811cdc2b81a02395b8d1145043de60851a924451408b9e91aca', 'spettatore'),
('icushioniy', 'waffleckiy@mozilla.org', '6d24cb0a92938130490855f2221a9a0f945458b5c355dec0e19bbb7cfa73205c', 'spettatore'),
('edennisiz', 'dhanhardtiz@jimdo.com', 'a8da21fd06d53f42b7b8696e8ba185580866f18788653331d3dd8d95230d267a', 'spettatore'),
('nlacroutzj0', 'jskpseyj0@constantcontact.com', '8901452edf0387e3bd4963fe7375ba8afd89342be81f4b874d65039d4b95ff7e', 'spettatore'),
('dhigganj1', 'vimpyj1@a8.net', '6d7115b7dbf1cd5c08c2b67e9a7d1901eadddc08d3a55d88375d0270329f1c3c', 'spettatore'),
('hkrierj2', 'slocockj2@boston.com', '0e1f42c58edba3ae8b22c37b17024c2678727f62e1ede0871713bc19ff5fbb48', 'spettatore'),
('thullinsj3', 'aaytoj3@1688.com', 'db51b78ce444df38421655d599d236c00546f5ad0e9ddd8e226b0872958a8d4b', 'spettatore'),
('tyaneevj4', 'vgravellsj4@geocities.jp', 'f011bb429eab549ad2596b67a219858fb5aa61f5fb5ec7b992a997c149b73955', 'spettatore'),
('panderj5', 'agormallyj5@meetup.com', '2aacb6249b1b1760c3e80e138ae3a0721bb8d660e1fa8cda5e747cd07d62d983', 'spettatore'),
('jsonleyj6', 'bscranedgej6@ebay.co.uk', '734b00e9048553e3fae696538a16f7adba712102047487ab1e4a1491896aaa12', 'spettatore'),
('bcolquitj7', 'owozencroftj7@craigslist.org', '72d8f1d039dd92193d6d45db8b13f9f166560a8a2e290633f0bd08a0d7f29ab1', 'spettatore'),
('ospreullj8', 'bastinj8@mac.com', 'b07195c52c610ac11951b0d4cd0aa00e2060a744822194f99e16814cfed05c50', 'spettatore'),
('cdinleyj9', 'bdawej9@devhub.com', 'db496a1b6ac523d164ee6a9b596069c0a3722742c020f9b436a422d09e800cef', 'spettatore'),
('aproschkeja', 'odegoyja@cbsnews.com', 'b6ff4646150f1fd18468c6c47586e4aae8ef5dd40f859a6f50cb191e96d74e58', 'spettatore'),
('khuberyjb', 'aaspalljb@unblog.fr', '61fa735fba7105386a292c6002065f8af6fabe6a77633f95619e557d1e089042', 'spettatore'),
('lroosejc', 'gfrederickjc@japanpost.jp', '2056c1f91757533370183d6a9fefb28cf187c1e5e65d31751e48086ec5e791de', 'spettatore'),
('cneildjd', 'saleksandrikinjd@bandcamp.com', '100f32c0771b64ccdf76502e5a13c6ecc105f7313e7fb08e9f676024f7195053', 'spettatore'),
('jwederellje', 'ddickieje@odnoklassniki.ru', '9f042fd6379fa3ebe7bd01390cdf2c7e1673595f471d8c5866db2c8c1ca0f06c', 'spettatore'),
('kricciardojf', 'fhutchingsjf@google.com.hk', '830af86c66c3ad952c67c2fa37fb92db19430aba9962deae00887458e93cd24f', 'spettatore'),
('acorneliusjg', 'kmcquinjg@dmoz.org', 'd3e008201d4e2d1bfe48f94decb3d53a468554fa99afc2d66145f30664a438a0', 'spettatore'),
('tbarochejh', 'shamonjh@sbwire.com', '8e8ffa3a474bd9e36bce19e696051aec9e24f6755c6c2e16a34a29882ef41798', 'spettatore'),
('rmeatesji', 'jromanji@vimeo.com', 'bc8d2a3a604b1a84569f0a7ae8130a0300d591486fe9641e3e61a6d3c7b66163', 'spettatore'),
('gmaccijj', 'gnotherjj@facebook.com', '485ce819dca98e99e1e6199c60653b54feb743d58400da16638931ea9177fe3d', 'spettatore'),
('fbertheljk', 'mtweedelljk@altervista.org', '7b9a9e965dbb0b083999ef675bec2cb79c6929b2407378a0eb37b9b255316e46', 'spettatore'),
('mmewisjl', 'ameatonjl@blogger.com', '28efa4287f16098874020b59e3130b5f05bfb8248a4e06a5c3d77c70f58d8027', 'spettatore'),
('adibdenjm', 'wsnaithjm@columbia.edu', 'c773a24ff1f705f37dacd536f679f0680fdd8bf63193553d8dabee5510d6e848', 'spettatore'),
('mrissenjn', 'swollerjn@deliciousdays.com', '452ecfc8d5513d99a8dc9fcd96bf811ad55ed06f68fdc923b309652728286ec1', 'spettatore'),
('btutinjo', 'abrugemannjo@twitpic.com', '3b7993c40f86beff78b84a328ad4ef1cb554ba82f37299ad350ee8470b90d192', 'spettatore'),
('jthomsenjp', 'elomisjp@gizmodo.com', 'd37cf14367be25ddedf0fe63e07a709e255e9519d4493b8ba18e83d1c69afb4e', 'spettatore'),
('abrownbilljq', 'glemmertzjq@auda.org.au', '30efd4bb597cb300c51d7bc919941b591a4e7d4361597fbc0095a9e5d9154ef5', 'spettatore'),
('lgrindleyjr', 'sstittlejr@goodreads.com', 'c14522c6944211cffcf9f62c0c0caf346a79136ba36bcbe9ec76ad4fcd402a71', 'spettatore'),
('ghouldinjs', 'rgreensitejs@fastcompany.com', '1556568dc7f17c520b8b3f33247db311f631b897b5b63caa7587e050fd020a5e', 'spettatore'),
('awawerjt', 'garmanjt@elegantthemes.com', '0a727d424b2a1178fc1c1f958aeb52af9a7eadc3d412e36b2671645cc96f8a4b', 'spettatore'),
('fcayzerju', 'vdewenju@photobucket.com', '25e96d7a57e1e7ca974307aee49d282163f019a8b15d4630baf0bc90471d49ab', 'spettatore'),
('gcambelljv', 'cdyettjv@furl.net', '639932a2259cb7ecc266890edf7d180cb12f1facc26e5b59305aaee66fc69dba', 'spettatore'),
('ahiersjw', 'jfairlemjw@360.cn', 'de04a5bbb6b22e4a6e2b0c94948864fbaaf3a65320647f302b5551185d25b588', 'spettatore'),
('rmorphetjx', 'idanilyukjx@alibaba.com', 'b5f56a1361080ad03c3c475be795ca38a68a9f55a7537cdd27b129aa5c350638', 'spettatore'),
('tperringtonjy', 'pwestwoodjy@cocolog-nifty.com', 'f06aedcd6b4ab26d9a1564afbb4f048f1cbdba2c9dc9ebffac23abb34e9437cb', 'spettatore'),
('zcarriganjz', 'gdacksjz@aol.com', 'b8911d68dec27830f81d70576d1a4e158fcb64f55df73a2e9df818aff65b3de4', 'spettatore'),
('gghiraldik0', 'hmithamk0@webmd.com', '5aecaf0604cc42c50c2a57da19a2a96d5723c329cc8c31531a9a46171add486b', 'spettatore'),
('pjendrichk1', 'cmcgrawk1@japanpost.jp', 'eef68bcb2932bf6d7424eff7d917da7f16a7ee53d574ec9382f9e56b5dc1ce37', 'spettatore'),
('pbanaszkiewiczk2', 'jhebblek2@tiny.cc', '0df90c077bbf1986f3039e90e46a681452f050b8df8dff1b8f7ad65adc475c9d', 'spettatore'),
('nnoadesk3', 'adoogank3@reference.com', '493d1cdca7810b1120e1f0f357eee4940bc610221876ec33ef6faee29b629ca2', 'spettatore'),
('mfeechumk4', 'aweedonk4@mashable.com', 'e817a2cf1fb8ae6fca5ea66de8ad2797676005758a5c563c25e68dbfe0ad7749', 'spettatore'),
('ksedgefieldk5', 'rlaiblek5@hud.gov', '7adc26b3eb6e9765525ba8b228e475ab1deb84e2d1b5e195769ec8967a2c787c', 'spettatore'),
('jpresnailk6', 'ghiddyk6@google.ru', '06a55a8842e0dc556292c467a8d1f1839cfeb7943baa87e1ffefb2d1fa3220bd', 'spettatore'),
('ehalheadk7', 'gpielek7@miibeian.gov.cn', '60172a0d6478feae94223a8cac48e3f1f6e04ded8c506cf111883e12d00ea7c6', 'spettatore'),
('hgascoinek8', 'hbussensk8@tripadvisor.com', 'ffe09c407e8f4fc3da2b33c84ccd611f6595e94f70c0ff549b12d272a1a0f90a', 'spettatore'),
('lowensk9', 'dmcavincheyk9@hibu.com', 'c20910f92c6b39198c40e66575335f9586fd4d47d9d078351dba98242d0b1855', 'spettatore'),
('blofthouseka', 'bfallenska@businessinsider.com', '8e25466b7f06384e3f202f068592f90f5807e0e110b4cd78c06c52e0e77f94d1', 'spettatore'),
('awooffkb', 'mbaldonikb@senate.gov', 'fe0cff575a1e48f8863a172f2cdacee0c4277c151cb6461c86c36d4940748efe', 'spettatore'),
('esiggskc', 'wludewigkc@weebly.com', '5d6cb15d328aa421529a3a5604ee8a0e1d045f6e3a114fa5445dc6297d33e7c3', 'spettatore'),
('pstebbinskd', 'dvandenboschkd@princeton.edu', '206e26c7530a335a7d31d7c2d971097b54164d6d3aa352eeb82e54e6d0173762', 'spettatore'),
('jvaunke', 'ejuszkiewiczke@berkeley.edu', '71d97caa10b7de46df54613c3c57aa2d6ce59ea9e0ab6695a9a603f4a1a721e2', 'spettatore'),
('spingkf', 'nbourcqkf@google.co.uk', 'fc259e3018ac8787d6a90caf710025d363da9b956aeff5c1cd564298f15baed8', 'spettatore'),
('cgoldstrawkg', 'chaldenekg@auda.org.au', 'ec59d4754638115f84a6fedb85751d660e168eef11a605e89303b264d11ef511', 'spettatore'),
('fscanterburykh', 'nsegoekh@redcross.org', '6c29a7417ce5bd5a9f436a4a6ef3f8dbf0775a8df1a673dc775551415bae9ed2', 'spettatore'),
('vcastellki', 'gmciloryki@ameblo.jp', '373ae658fdd2358e79ce466a9604a24335e66ccdbfdaf2a5129e466be78b6dcd', 'spettatore'),
('dspottswoodkj', 'mdosdillkj@indiatimes.com', '6527e3aa0f1b6e4a6dd5d766641fa2586d952a8e098be66269e9937949890cf6', 'spettatore'),
('emcglashankk', 'elanekk@soup.io', 'e355185e2bf0db6bf0f3b87803293971d9bfe99656e18393bd80ece6b9494e9d', 'spettatore'),
('jvannuccikl', 'rwinklekl@ycombinator.com', '293fa49459a3ae6a315f8d7df022171ba4e59ddbf1719a26c44d77b8771d5be2', 'spettatore'),
('mcovillkm', 'bskyrmekm@accuweather.com', 'a0220a8bd1ad074e851b21eebb12670ceacb67e104f2bcf31ef9bd2622d9b418', 'spettatore'),
('rcadigankn', 'ckinlochkn@mapquest.com', '3794f50d993bcdc819a842b305cd3f4d575a86da8d6a55fc37cd82d4302fd302', 'spettatore'),
('sautyko', 'vdilksko@soup.io', '3d6c8c2e273723d62f66a01933796c19470b5768cf649096a27e0007088abc3f', 'spettatore'),
('mbuttrisskp', 'bcrosthwaitekp@mediafire.com', '153c0c3724230e786d435984dd86ceaa6749c403c7d900681d0f9dea6c9939a8', 'spettatore'),
('mpohlskq', 'mlocarnokq@lycos.com', 'e7445f48019b88eb74be02656fca01706d3214006f1d1f8a099674a6bcffe220', 'spettatore'),
('qschultzkr', 'ebaggalleykr@reuters.com', 'ef9fbb49f321c794e9d0d05925a97c50d6e584613197a3e8e1040c788a6b08c5', 'spettatore'),
('jgothupks', 'sbuntonks@purevolume.com', '30c80e30c3742da5c420671f887af1fdff62ee7983ee2b7ed25fec983bade2b7', 'spettatore'),
('bdonahuekt', 'ujoelkt@odnoklassniki.ru', 'd1aa33e854b4dee4fdd38c066b8d761fcf676b142acb666498dde52202a556f8', 'spettatore'),
('aheffernanku', 'cskeffingtonku@pcworld.com', 'e6710853c43d29495a38b1b2415d466ecd8bd9fba719558a45ff17a7e7eaacfb', 'spettatore'),
('cwhealkv', 'tatleykv@hhs.gov', '379a6323e9445e1cfeb2f6fdb894cae6f42d0c14c1c10535f6ec6dcf2d706c79', 'spettatore'),
('dladdlekw', 'bdullaghankw@w3.org', '800fe63ab913533d1ecafa58c993e3eb38b99196e4d1090fe70eb67bee04c4e8', 'spettatore'),
('nbuggskx', 'alamzedkx@who.int', '2b51527e183864001ffc2031949d2a8a8435315e65b75c6c3c8546759f596f0e', 'spettatore'),
('clodevickky', 'dgreggky@discovery.com', '83b9f769fe953e746f89942a509e80167fe0a375061cecea093ffd8757b705bd', 'spettatore'),
('ndezamudiokz', 'cmiddiskz@github.io', '4dfefb7ef773a1fab2fcba89885dc70689229f6682a89c101b069e55810fc953', 'spettatore'),
('cwipperl0', 'dburlayl0@vkontakte.ru', 'b6ab1ea3f180775875868695a3315ea18a8efda0741eb19f27a3f4a5d5a24272', 'spettatore'),
('sdewickl1', 'mchampnessl1@intel.com', '0fe0a2842abfcd1869a31065be04c73750affdb391dc05ff412a7ae9a29284c8', 'spettatore'),
('tjentonl2', 'dharsuml2@youku.com', '389c6a0f098967bc85c70660c7d4e02a959052b17f404448658ebb737694992f', 'spettatore'),
('nstowl3', 'imalthusl3@forbes.com', '69676c55573031a028fca42f32110c16e0f4cc4e09fc8c913b960f7e9789655c', 'spettatore'),
('lmendezl4', 'cemneyl4@rambler.ru', 'ff078803ddaf2ed687b4a597a9ab6d8704fd335af3d0e22a13256300f3e9bffb', 'spettatore'),
('mfullagerl5', 'gyukhtinl5@issuu.com', '5214d992ad6686a972f33d2e5c61a9fc68a8452d796b97d394a8d9065515334d', 'spettatore'),
('wsamettl6', 'tmershl6@com.com', '34e111acdf1d59bae4d0cfda97d0013d60f0d6767da4fd3ee2778320506c09aa', 'spettatore'),
('rbeginl7', 'sspearingl7@dagondesign.com', '4b7fcdcd081de0396c2bf52bf06c30d02d48f767a9a37027c50e7ae54f4d7132', 'spettatore'),
('lquilliganl8', 'lathyl8@nsw.gov.au', 'b671b222b6cb44bfebe108408d13ce199986725ea4f38346d92156c4e593dc5e', 'spettatore'),
('ccombesl9', 'speizerl9@nationalgeographic.com', '300b71ca9ca9de94a90957b954e4207175af2d1fc11a577c73af73d1af28402b', 'spettatore'),
('hlyfela', 'jmosconla@about.me', '07550170b23566fef3cd8e11d5ee0d88f04fcc03a0d8fba584680bb8e7565db8', 'spettatore'),
('tgarshorelb', 'aridesdalelb@ed.gov', '441ca078bf7fb6cdc3207118cdc5c7e2b2d1839e51cf34727ccced6e1737a96f', 'spettatore'),
('dfullicklc', 'wlardinerlc@omniture.com', '1ce254cdaa44f0ba6335341a88e59a096463425300d7da8899f88eec61ca54d5', 'spettatore'),
('hrolinld', 'mcayzerld@whitehouse.gov', '189134ba9f056564afbcaf03886a79398c950d72cb30e9d7cee29d36c4c1220a', 'spettatore'),
('dblakeyle', 'mzanollile@phoca.cz', 'e91e65f9af9d73d845a5dc5ecc6c74724604766184128e5f4c4168b3434e25b5', 'spettatore'),
('mbolderstonelf', 'apettifordlf@github.com', 'b19736bb6cd3d89a509f998a280c49767f85ba1ff524a66feb5e4f19a79bfcd0', 'spettatore'),
('lmacmarcuislg', 'pdessantlg@hp.com', '5fbd9dbf0857e6b5d85a9fce34ec51ad370a96519e8f341b8b19b4286aacac1b', 'spettatore'),
('jdearnalylh', 'jsebrenslh@jigsy.com', '1da62893f48f059e202161fb99856036b3c1aad2c64c2d0e3d76c02959109bb0', 'spettatore'),
('bguilaemli', 'igraeserli@businessinsider.com', '070e40035f6d552139adcaa29acbb72fe4f6ef59be66de189e458deaae797adc', 'spettatore'),
('wlawdhamlj', 'oivanilovlj@51.la', '2d21e5c5523063e59af59710e435559b7e69b2a497ba23993d8ea808a4e02442', 'spettatore'),
('dsheldonlk', 'cbrimmelllk@surveymonkey.com', '7574c84eb37b44ea375be7983576c7cafc4e8295fa9e135f08be1fb23ac9ecf2', 'spettatore'),
('abedenhamll', 'dscarboroughll@businesswire.com', '67d1ae84871156f12b32ac4866c2fb5267e6ae2c362131a329a8991b52fed9e1', 'spettatore'),
('asimonuttilm', 'mchasneylm@webeden.co.uk', '89b85201196420f10ff5a61fbd19e2fb8180a7867139632231542b57111194f9', 'spettatore'),
('arigbyln', 'aforseithln@imdb.com', 'dc878a21b69609a0a45970da7590f11c72605df55218065c43930dfac64b6352', 'spettatore'),
('shenriquetlo', 'cmalkielo@businessweek.com', 'ea36893a3f39ae8b41043ceb15f82bd8782923707ad05269f42463b18ad83157', 'spettatore'),
('mberresfordlp', 'mmaidenlp@ask.com', 'eedfbe356e39d928415fb1db47b9e40f9804a53e0bc57133c6f5e06baf954190', 'spettatore'),
('gstearnlq', 'omcbreartylq@gov.uk', '55a7c7af293f26ba73919d294041e18e37698248a4835039dd333155908fdaca', 'spettatore'),
('kwaddylr', 'dpeachamlr@businessweek.com', 'b8c369be44fdc7c623bb1568a05260a2938d7fbf90afe44b8cbedcea2ba023c9', 'spettatore'),
('zdurningls', 'aeffordls@reference.com', 'd8708a463b19cc9cdb98069a78d207b528d2fd17b80518f5cef3901500fdc49e', 'spettatore'),
('ecallingtonlt', 'cskittlt@unc.edu', 'b4be9b3da45785c1c5980412e7ab994b85e0f9a1e4a5006c5c2d93a25d1964eb', 'spettatore'),
('rbennittlu', 'kmacmenamielu@tripod.com', '3eb1ff30eef466437d5de5be328824cc1b33488d1174be37fd51549443912429', 'spettatore'),
('dchaterlv', 'tbayneslv@etsy.com', 'e578ba50a8ba6ff5acba5f42149779732efa3fa31b1e921ca4e2377edfc64dcd', 'spettatore'),
('fbrandellw', 'stregoninglw@earthlink.net', '08bd02be1062348b330a68cd0871258239a70731ab52ce96aacfd3f39e170336', 'spettatore'),
('pwoodheadlx', 'dpucknelllx@java.com', 'bccf4d8085a9b08fa2346b9df9e0c1bc61e97121c421fc001753d6a8b80aefdf', 'spettatore'),
('gscopesly', 'bcawdellly@photobucket.com', 'bf61a84f3c5f303bbf817fcc8ad9b2b21b5d1f5725d0cffb51c0e932c6c4d29a', 'spettatore'),
('umacneelylz', 'wfarranlz@baidu.com', 'e1c1de6667ce433d899b5f8fe6296cf83d6ddd98c7234cb9dad986723c1dee89', 'spettatore'),
('rcastagnerim0', 'akuhlenm0@csmonitor.com', '68e39c8def4e9b8c7f7261c6c61b7bec756beffc128e06c73108f3fe91d2e309', 'spettatore'),
('dpedrickm1', 'mchesterfieldm1@sfgate.com', '0e18e8d3f265e422fd7ba387c300c47a2e8302413972f6cc04a6322d42195d1a', 'spettatore'),
('ttyrwhittm2', 'smorffewm2@ucsd.edu', '01237efec5f217f7b9ce8a9e4e335d09ed10cdc1c6cb39ffdbb694a43a6a4298', 'spettatore'),
('bnorthcottm3', 'jkilkennym3@whitehouse.gov', 'a90d78c4555706f87f1c006a6f757c55bc5ef9ec1c36ae7a274c9f8cb27e9a30', 'spettatore'),
('cbartlettm4', 'sorrm4@reference.com', 'aaa4c0573d57ba8c067132e6593fc355965c873fc56c7c84cadf0e4b7ab65cb7', 'spettatore'),
('harndtsenm5', 'jketteringhamm5@networksolutions.com', 'eeece0d328d1aa155a5b6801eaf883abefa34f911d0a7727c626fac59ea85630', 'spettatore'),
('mbeinem6', 'mslanem6@quantcast.com', '297f1d5d4e371b3e600b6ad628acf30a776252fa087f5a03d3d3aa530a6d40f4', 'spettatore'),
('dpikhnom7', 'hockleshawm7@marketwatch.com', '435afecf8dadff3bce023b550680cf63939a49ecd28906586511fdbd986bb086', 'spettatore'),
('cblacklerm8', 'eswindallm8@hhs.gov', '58d010d407c825a1abaf1484703f7749077168b6386085516053dd52052bfe4f', 'spettatore'),
('jdevalm9', 'holooneym9@ibm.com', 'c745d21c00a503ed16edb230a578b6b91aebb9167bb13532532a2e3adec7a08b', 'spettatore'),
('jdarwenma', 'emulhallma@w3.org', '233897a41d12c12e13c0dc2165bc1616e095878049c90705d31b2971f0ad3dfb', 'spettatore'),
('vwarhammb', 'dfennickmb@marketwatch.com', '4bee37219b4ef53233d73ef1a5fe4f602ddef096c6e72af150b0f143e6b22b44', 'spettatore'),
('etythertonmc', 'tcheatlemc@jugem.jp', '93df19dd73f06e7b0e1e033af14b073929350754259b794a6144a085197a39ef', 'spettatore'),
('cdalbeymd', 'modoranmd@senate.gov', 'b105c5baf0ab1a21ed4a12432a0a00a851a5ccc121bbf739a2bfd7e46724d156', 'spettatore'),
('ccudworthme', 'tsleathme@reference.com', '7d981b5bcb6d94b397fbec507700cc3e26082a71005614e01fdd8f784b21f033', 'spettatore'),
('qdomleomf', 'fgirschmf@prnewswire.com', '08f06672e93e7fc2266edff273c44788206b18f8c1d23027b45160beb92d8442', 'spettatore'),
('thadcroftmg', 'ckunnekemg@netlog.com', '873a950d70aa3f447031e35151bd3b9e6967f2737c1fefd05eaeca3d39b8f1b6', 'spettatore'),
('mmangermh', 'htenpennymh@wired.com', '3ce20572f7e254bc1d4af9ee0677ceb80072ed77e715c60e3097c41638b8f643', 'spettatore'),
('proubeixmi', 'esearchwellmi@about.com', '5b9691eafdbee53fcdefcaa9c4001dffaf97b7eb2db132c8a6be4c0cc0b3a54e', 'spettatore'),
('nfeymj', 'hhallanmj@clickbank.net', 'ed40ccc4bb5be03c00a457f4a5fc121cedf0e7175f6cd79b59db3a8028e6a975', 'spettatore'),
('qvakhoninmk', 'dohalliganmk@squarespace.com', '99fb35a22dad918fe98455f108a33fa9b35a0a82030f92a0fca091118e753724', 'spettatore'),
('mgirogettiml', 'jbaroschml@networkadvertising.org', 'd190929e95bcf3d87d48975d38b36590a63879c0d3e0db7dd9eed4c9f2812bd8', 'spettatore'),
('rbrickwoodmm', 'pkleinmm@jigsy.com', '4437499bb6f48373485ab753d4c47a61378bc87c3e9dd4001c431db6eff7de5a', 'spettatore'),
('dpriddymn', 'bkerrodmn@ucoz.com', 'f12e81bc8806d098fdddfef89f859e0dde965c09e1544df446920870f089fda0', 'spettatore'),
('wfavellemo', 'mbottemo@ameblo.jp', '15a278a22e869b130503c4821a73d13c7a259173a9b8b81c6a23260004345c14', 'spettatore'),
('jdehnmp', 'rdraggemp@omniture.com', 'c2ca80d44ee211cd7d83c2c10dcfa50fc30222368e4f8842451d5ffbb8a9db2a', 'spettatore'),
('ahuebnermq', 'ahollingbymq@slashdot.org', 'b989c3cd533374e61b8fef669bbda502cc8ea53d99003acde33cb3b5cbd4be89', 'spettatore'),
('bmatyukonmr', 'ahulsemr@hostgator.com', '308a5a58e2f072b9ca702e8a255c393208bc39d5c00d70259d81df98d0c7e4a3', 'spettatore'),
('atilliardsms', 'rpaffettms@g.co', '2ca0825e994f4e57d60209d61682a4857fedf91b5939dc43c0020fb4653b0e86', 'spettatore'),
('lbeckinsallmt', 'cpondjonesmt@opensource.org', '0e26aa2aad50a090ec5b5c14c1bb494d016ec4f38614956a4075ab744ef4650f', 'spettatore'),
('bmostenmu', 'phessentalermu@multiply.com', '0d4841e25d90ec5cfa75ff9b71fae3d4d130717a6eee54b198707df0928f823a', 'spettatore'),
('gdellermv', 'iphrippmv@hhs.gov', '3c8db09c89f6a11a93e50c3ee1beea881433555a234874186dbcd779a91084b6', 'spettatore'),
('cmuslamw', 'kheepsmw@theglobeandmail.com', '6b0c63d5d5587d932092a46278d0af4b9bc498b0b0068c3ca4816609402f3293', 'spettatore'),
('agurwoodmx', 'daspinallmx@wikipedia.org', 'f36d98b369882e108e6c4a5e2c893ecf728fb4d014cf9191267f933c4e10d062', 'spettatore'),
('tphilmy', 'fkerswellmy@irs.gov', 'c08e37f63bff2325137fc5d4e0a7aa249e70da981eb4d11cfbc4c8f08f0487a6', 'spettatore'),
('htankardmz', 'brosengartmz@google.ru', 'a90403a2e93d95d5f2468c27f1077191fdf5f76555a94bd68cec97567e4d21b4', 'spettatore'),
('islessern0', 'gkoppensn0@stumbleupon.com', '551357da594b7d58313619ca6df027cbc7b735649cbd0ef6a34fc45244bbeac2', 'spettatore'),
('hmccuishn1', 'cmaccomben1@paypal.com', 'cf52f525d06676d75b5000079273ac5dadb2c74db6f778f28812f2dbcbf3fd4b', 'spettatore'),
('wpeirpointn2', 'xdrewsn2@indiegogo.com', '156ba8094a7945e7c366d2927a60e6bbd7ab27232937ff223fb8e872514c75eb', 'spettatore'),
('mhilldrupn3', 'sjopsonn3@webnode.com', '38286163889b6d9a6154619d90b5f577f0a8413e504b430cb4ea70349ca3d2ee', 'spettatore'),
('adobbsonn4', 'drosewelln4@ibm.com', '0d839a8105ce90542af450f8c1a2311eb1e1ff3d81d7260e37383df365255e2a', 'spettatore'),
('cordemannn5', 'nreddingsn5@angelfire.com', 'a98897e1fc3d9fc3e820e9fc6a77556f75ea936f2cf4255aaeba55845a3c48a8', 'spettatore'),
('mclaeskensn6', 'cminghellan6@wired.com', '4b721c4b0c077a26f66632929b73c99e12d9ad0c3820d3c62d51f19d842fe20a', 'spettatore'),
('lsanthousen7', 'rcuncarrn7@examiner.com', '439c8b9981a7cbb0c37e18569c25e37709c0edd93e106bf49f653b887b1c37e9', 'spettatore'),
('msandryn8', 'aalcottn8@istockphoto.com', '05e73aad37a899d2d154beac5be68ea912f45b29a8340d9303e01cd5089ab51d', 'spettatore'),
('lcatterilln9', 'rfullicksn9@reverbnation.com', '4260a65a6d7f2b28cd00cf831b07b36e2241b549ef284931693b94a4f0738705', 'spettatore'),
('stibbitsna', 'badcockna@usgs.gov', 'b9ba0d7b400846af4d6479b4dd1aa342706fd18b561525c3ca0bc93c56110050', 'spettatore'),
('sdrezzernb', 'gbarstowknb@dion.ne.jp', '3bdb04808666b310fc544d74ba2adae8c0a2885ff70a3da8804671f2daf9f2b5', 'spettatore'),
('kcrookshanksnc', 'bvandenboschnc@blinklist.com', '1af3c97bb2f1889c77206a185345154b604c2cdd66de256fdeb28982b751aad7', 'spettatore'),
('alonglandnd', 'gcrankend@cornell.edu', '8049838fa48c26389e05f234c2f5490d1c2aaf26daf1ef0a1b16b14002f14a3d', 'spettatore'),
('ostonallne', 'ecromackne@cbc.ca', '971f1717e3537906698df7e4409c8eefa405df5d802b4dd61a7fedbdb3290c6d', 'spettatore'),
('whawsonnf', 'mburghnf@naver.com', 'e505d0e979efd9a8b8fca32b0ab2b80cde36bb51b62469d71cd01854061f8293', 'spettatore'),
('nfloydeng', 'abeglinng@ustream.tv', 'c9cccefb621fbf810771f2ac374e133345f1275db047b2f3bca37f2a2a6638e8', 'spettatore'),
('ahogsdennh', 'cbriannh@purevolume.com', '1793d3d523d3c01f54a98fb9eb3f71dfa71ad3da2bae576b73e75ea017b31d3d', 'spettatore'),
('etrinemanni', 'bdamarellni@yellowpages.com', 'f2220cf6a8ef641e5ed958cce59ee72de6e4068c0b659458abb37b216ef8d208', 'spettatore'),
('bkerblernj', 'ndilkenj@digg.com', '812b0bc89909100e81fd2083d0946c09f7ba3030691d986f13c71513a7ed02e4', 'spettatore'),
('zstenettnk', 'nlongworthnk@parallels.com', 'ca10db9c8f3b4eb107b4ffe0eef50e8ffdd3fbda79009755961e5e5bd47cd6fb', 'spettatore'),
('mkettellnl', 'pcameratinl@miibeian.gov.cn', '3f1d7cae3ffaa56cfc33fb98b4361a89ec4829884e3d28ae512496825553f774', 'spettatore'),
('ipymnm', 'mmandellnm@weibo.com', 'f723b4fb85e029c911b2a66675bbd91246e6341a8a5ee6480b2058bb943f28dd', 'spettatore'),
('zlangleynn', 'kpriggnn@google.co.jp', 'c62bc5c60f04d2b2078924f70fd3305493205653395f0727bccf70f822c9a593', 'spettatore'),
('rbaystonno', 'jbaakeno@indiegogo.com', 'cdadeab9410b2d1ebf3c18e9beb4b8e8881637ace7cf8ca23a17487b9c5655fc', 'spettatore'),
('zwarrnp', 'cfassmannnp@geocities.jp', '76bc36b1877d47798160273b7aa69c2f4873ee676daaf9f105bac07268084cce', 'spettatore'),
('nhuguevillenq', 'wpickrillnq@home.pl', 'f1ce65dc43038a3b8a17405f24a98912ae5c2fbb272510943ed6b58fbde3ed07', 'spettatore'),
('kdyetnr', 'mpinhornnr@desdev.cn', '5192355ccb4f2c1f032b43f78c336613e1bb54cdf10306d8d9712cafb9aa7e03', 'spettatore'),
('lmounsiens', 'chuguetns@intel.com', '435ef891223ea80cc9eaf171dcbd1693111eed7a6c166485de6100a9e04a5ed1', 'spettatore'),
('msummersonnt', 'lpiechniknt@google.es', '6e4848ea03b8321fbfed661d91fc61e7f0d31ec9d0a66a806584a57f42ae7d49', 'spettatore'),
('wegdalnu', 'ctweedynu@over-blog.com', 'dc31a6f6eb259f0c4167057a40c28e5b7f6a9df42571e6054875a863d91a0370', 'spettatore'),
('hcannernv', 'sjonesnv@discuz.net', '4bb34ea391b574b090a19aef469809de9cb6a02b09939698633a6c74b5e273c3', 'spettatore'),
('pclemesnw', 'oimlinnw@nytimes.com', 'b71f5e3d002b3391b46323245397727d34dd0c56758b1ba2f72b33ff152c0216', 'spettatore'),
('ssimonnetnx', 'fspittallnx@yahoo.co.jp', '7f9a9344562109e33ef95c184f0c6f1e9f75e125411b23ce823e1e046123d55a', 'spettatore'),
('astokellny', 'hcowernny@geocities.com', '015465a5c3437ef7180510f905af93abdb713a9e04de3aba88c402a6e8e6f753', 'spettatore'),
('abizleynz', 'kshottinnz@cnet.com', 'ebf432b98ffb0f58f774c8685e6a69bdcf50101e4352009296427c1ac52e4dd6', 'spettatore'),
('sbreemo0', 'mhuggono0@nba.com', '497d49f3743e0aac2f770b1e370d82ec6b0e2ecf699868bf7f8c68ebe34672f3', 'spettatore'),
('ahagguso1', 'ftreachero1@reuters.com', '80c215732c5a70efcb58fedad8724548212618c93217d2147c50b6fad8ba41b3', 'spettatore'),
('jcusso2', 'hgateshillo2@amazon.co.uk', 'aa7f854d5aa064f4965e2b24708416ef811866b28c258636937531914b40a4de', 'spettatore'),
('holleyo3', 'cgoodlifeo3@cyberchimps.com', '93fc21553cbb7b0c32bb2a3a5b3da8772b729c30f6b0784236465da3093a1b35', 'spettatore'),
('fpokero4', 'eolivelloo4@constantcontact.com', '2666f4cee1dbcd3c4f636ecd532ccc78054931890611eb5c9eed53ad1dd46ae3', 'spettatore'),
('ccollishawo5', 'dnevilleo5@berkeley.edu', 'c77f5079c0d3be624c15fdc74db3ae46c0bf247fe47157f7982ba4003ed91f20', 'spettatore'),
('fdegoweo6', 'cpessolto6@mapy.cz', 'b1a2f59c327b415fae58cb31160a546105a110593ffc840295d19e66fcbc61d8', 'spettatore'),
('bgeoghegano7', 'dcrasswello7@freewebs.com', '79e2c4282641611fccc1d4cf11c78400290194709be18d534f0b4ce46aaffa64', 'spettatore'),
('ilahyo8', 'bbarnewello8@shareasale.com', 'c81583218fbe66d6fb20661a9a78932f02f1f760a1fffa8e81d7cb7ef393295a', 'spettatore'),
('abidgodo9', 'mambrogiottio9@skyrock.com', 'dd7355de64ca3f1cb1ad83eac9f022a387686dc7f6cc880f1a26ff16cf1f1af8', 'spettatore'),
('avaiseyoa', 'anorthamoa@discuz.net', '34105fdc797737853faa2a3ea79415d2b70438f9dec28241f120d2b57e819604', 'spettatore'),
('ecurstonob', 'bramsteadob@sciencedirect.com', 'd82eee98e078b10a9b77ef166d85cd365649a5d9a719879c8d787ff48158b452', 'spettatore'),
('ljohannesoc', 'kkhristyukhinoc@virginia.edu', '7942ed9306d9df4a219b685c485fe0ccd179745411b2fd39e607b907f3e5c91d', 'spettatore'),
('csheridanod', 'bperigood@merriam-webster.com', '077df792ccf4c711ff398299f816b045d30c3dd82f62e150ce4e35d403671506', 'spettatore'),
('raleksandrikinoe', 'rcucinottaoe@desdev.cn', '7be39b187d3fb216cffa08b2c12e09c8be06a0c205d436e7e883c452239d9ad4', 'spettatore'),
('gbandtof', 'hhabershonof@prnewswire.com', 'd73e82736778a656dd5c9453c9b779f322e1db74a2307c20849107287a4be8c2', 'spettatore'),
('mcorsorog', 'wvorleyog@example.com', 'e069d7c4219a5d61c5b3558865b7421ebf73d3e53bdcc8a9f65e35136e0dcaeb', 'spettatore'),
('gshemmansoh', 'abroadfootoh@barnesandnoble.com', '0753dbd41210da649c641b1e55b704042ee9263108e1592171a0a59d10bcf100', 'spettatore'),
('uganteroi', 'ncathenodoi@independent.co.uk', '8cb60a0d4aedfda6654ed773ba27a48299b09cd482f4918f203060bd8dde9c35', 'spettatore'),
('lcorseroj', 'rbertrandoj@ebay.com', '36fa26816b9b02ec009cc6039987e226938db58b5c1a8a5b62ccf4480d14c3b0', 'spettatore'),
('mstaitok', 'kturbayneok@godaddy.com', '61b8d26e1d761e2055a5742b46356169fff570fa15a4c011d8b64d0ea700d0b4', 'spettatore'),
('olemonnierol', 'mspenslyol@cbsnews.com', '924ecea46d4af3f641ace31a72d68a45a5cc7b837e134b17295fe82687506870', 'spettatore'),
('eyarnom', 'astanleyom@narod.ru', 'db4a401477546d51c1d583980a45e905a1c85e93dbfa8d487e373947af822e0a', 'spettatore'),
('gmottleyon', 'xknobleon@posterous.com', '00cac11af959cc9bfb4491e3915c3d8960ff5530b8cffb84555184a4b3fa9708', 'spettatore'),
('icornuauoo', 'mburgisoo@behance.net', '12a9759715fa9207044dbf2dc4b36ecb5c05037bc3cb978d7ace94c7f82aef09', 'spettatore'),
('hdunicanop', 'haffusoop@g.co', '18a5d4c1e9ef16c826f26befb97859136c9643d029c30b1a93bc2bd06344a61a', 'spettatore'),
('mjerdeinoq', 'hotoweyoq@mediafire.com', '6c52f1f9cd5f965aa71870569894b667cface4d6231b3565171bc5f6a5219d48', 'spettatore'),
('blindemannor', 'kdemareor@google.nl', '11a7d7b71ee040a64adf8c17686f4f8dae5f585a4bc80b717ddecf82ec44ff5b', 'spettatore'),
('mheisleros', 'trubenos@apache.org', 'a9d1e17f1553a14c80a3d719cfa3252d91707c457f778fb5002fa24236a96a01', 'spettatore'),
('tscortonot', 'idoleyot@youtu.be', 'fccbb93515dc637bd0ce1b9fd50b5e3db613c4abbd43fb7cea667b91e075d229', 'spettatore'),
('kbadmanou', 'dbridgenou@weather.com', '66a7e0161f1245d26204af2f323e224416d0a7bf3a8294e27c5a5ee612223828', 'spettatore'),
('ewilshereov', 'mspendloveov@mail.ru', '1957b49f19013548a6319c620e2cd2429f32ec3605559539d5db85fd17abf3f4', 'spettatore'),
('gcarltonow', 'sjamaryow@engadget.com', '0df515ff6e344f4b20c793ccb18e29c306354983956d0eeabfa8b1f85932c90b', 'spettatore'),
('hstratleyox', 'lgiacobelliox@noaa.gov', '2e4351b11e93a7c96c0eab3e0f030cd6b1390b6cd5b9392331e1695283e7c783', 'spettatore'),
('dcarderoy', 'porodaneoy@msn.com', '5ea43ab2fea6747d2d6a2797c8894a4905c52ff2247b4b7d40b279f81bb0009c', 'spettatore'),
('elockettoz', 'pmatteinioz@omniture.com', '9d47e487fb2253610c9b6d783db199f60fc9d1bb0b5034c83ab8209fcc504e17', 'spettatore'),
('gcowillp0', 'mosullivanp0@cbc.ca', '4794ef2ed962bb0703bae1da430fc553c9087abf184a083547d62cbb43bce112', 'spettatore'),
('bgrimsterp1', 'etippertonp1@reuters.com', '139ddf73650e51690d48b5a89a2dce5d18300f4e4ec9e29e5dd11353bb8ba0b2', 'spettatore'),
('apasqualep2', 'bbanksp2@artisteer.com', '527a32f7abca792e095540bcade92aa02079670ed5654ef9f79871df8ecc3640', 'spettatore'),
('eescolmep3', 'gjacmarp3@comsenz.com', 'c7ac02e60e3f5bda0bdd0fec7d94333b32b5b624461c369a97d178690dd5d90f', 'spettatore'),
('jflaxonp4', 'shamflettp4@bigcartel.com', 'e68de1402a96db343073a2e0ddd0334b7fa8f3deb91caf0e8f8ed705b0644eba', 'spettatore'),
('lpedlowp5', 'gcrewp5@smugmug.com', 'c0691f5e845bba8532446fa7ca4ea868e3f2317e6c5313d2ddbdaba3f44193f7', 'spettatore'),
('bdacostap6', 'rgrewesp6@biglobe.ne.jp', '6713636fae6e73991616605d8cd65bc46ec1e5ae4cbe6f56558fe332be41f342', 'spettatore'),
('makedp7', 'achidwickp7@cdbaby.com', '85a0ec2e654b2d9c46f71387f265df1ac30aa1637681ff10b8fd10b33f4f267a', 'spettatore'),
('crubanenkop8', 'shaddacksp8@adobe.com', '14dedf6940729e7abd1208f112db016d1f973756a87650ee036cdabeeb94b7a1', 'spettatore'),
('tmaddocksp9', 'lspurrittp9@psu.edu', 'c3baf8974d9c384880f8f4c1f29e2e0a40864104962a0b1d6f03cea850cbf2f4', 'spettatore'),
('rrantoulpa', 'fdunckleepa@bandcamp.com', '10ccf45e181aa7073ae409a9af485e0139f8a74ea9ef53a69b4c5d571b2d06e8', 'spettatore'),
('fbollompb', 'nwilsdonpb@histats.com', '5156c17a0afa977ea2631c46f3973ef58c5f1cc89e2ef97c68d56aca365fb5ec', 'spettatore'),
('sgollingpc', 'gthornspc@webnode.com', '102b6961bb6be36163eb8b4942aee508a14d4e6f0d9d075bf5be6ec7e3b8a1e9', 'spettatore'),
('lbecarispd', 'jmostynpd@reuters.com', '2361c695c2cb06a283a024a52318f7723f34746a3ccfa1bc006111e10b2542e4', 'spettatore'),
('gkilroype', 'sdiplockpe@sina.com.cn', 'd5a8266290a43536da98d2d3bdf298ebac103bfa56e80e34724e14df434c6d7b', 'spettatore'),
('rkristofpf', 'bcorsellespf@zimbio.com', '4b003623a17a6551180ca23816063fdba5f78c35398a77fd1c9795c3f583aead', 'spettatore'),
('sgillampg', 'awightmanpg@qq.com', '99eab7064ed911710e7d93f337e499c4ddd140afcad890be40726b067dc569d8', 'spettatore'),
('nszachniewiczph', 'imaudlingph@whitehouse.gov', '55902b2c543aa5463291367014f90bd5a0ae57392c1ab066f5e5e814af65541a', 'spettatore'),
('dshearerpi', 'sferrettinopi@last.fm', '475dfe73855f784d3a127f51603025f6974db03015d3e422947ed3067c093549', 'spettatore'),
('ejanzpj', 'csonespj@tuttocitta.it', '6bdcf7b64ac5d3c5e6d946dcaa6658236df87bf131e5a7b17beeea414d337d5a', 'spettatore'),
('bfrancombepk', 'mredfernepk@ft.com', '076f3923282cf6e28e93233285514bc563c7bee5c62a0166ea37be0af433f1cc', 'spettatore'),
('tduthiepl', 'gdinsalepl@epa.gov', '3a676ef9fc99140e2182fe0d9095117fafa3b20c27343b1d5e05c8089d95619a', 'spettatore'),
('atellingpm', 'mnannininipm@slideshare.net', '199bb90c9bbb8dedb97a78b17db13f208b5b5e1308bed8e9eee5a5c3cfee16b7', 'spettatore'),
('rwinsorpn', 'gbeinkepn@blinklist.com', '86bce32514e12628c965fcfafac877df6ff9208d53d6ed5e04c2aa58157728fd', 'spettatore'),
('cpockepo', 'dhartnuppo@scientificamerican.com', '6cdccd91090b830792704f54855b687596a2c90656eacf3691d4da2a6f89277f', 'spettatore'),
('mmaccostyepp', 'sbazogepp@yellowbook.com', 'f109ac9df2ed0f1e9a3dc88fb146c83ac9dfa50e1bb82cf4bc4f7f986cef72f2', 'spettatore'),
('rlutschpq', 'rbaldoccipq@virginia.edu', '9f38a5d97361aeff7c02048ebcc1c6ab4840d169893abc5243a7f9109b60067c', 'spettatore'),
('evarahpr', 'clowcockpr@linkedin.com', '3548927778cdb5c6c73ebe415f069edeefddf49da0257bfd2c6aaf1911f4569b', 'spettatore'),
('zmariaultps', 'jpemberyps@seesaa.net', '1d0c0cc7d46498f2521c41a9713f34570c81d9c4c4d1f5ab850263b4a307343d', 'spettatore'),
('kgippspt', 'lmoffattpt@pinterest.com', '04f4c8d533ae6fa8c5d3ce18900de9d5ea70cc72cc5cfa756a4f5dda1ac58d05', 'spettatore'),
('vphinnessypu', 'oucpu@bloglines.com', '48a61d50773183ab494e1a97bbb53aa4c4bf73e9bed89dc89723358785f18770', 'spettatore'),
('amccluinpv', 'jcandlishpv@hao123.com', '134e44411937ede33469f5dd776d992fab98d14f389275cce949ec556d15b334', 'spettatore'),
('cbeckpw', 'tdurbannpw@spiegel.de', 'd66a5d2889cb73b47c7dfd1a9b9df40465f68d15a5ba9690c5f8344ff4892c1f', 'spettatore'),
('cboampx', 'cmacpaikepx@noaa.gov', '7e354045ad1c25cc3d86c3ea6da7d88167d7841f7a4959e8441d39ce69a496e4', 'spettatore'),
('ngregonpy', 'fgurdenpy@is.gd', '65c5c8e23d2160f245a3c2d9df4f54ae81b5bc6982ffed12fcd89fb617fe58e6', 'spettatore'),
('ppeterpz', 'hfernandopz@scientificamerican.com', '0000d44b296e7d99e953d8ef6cd67ab697cc9dcc899c70632078e3fa17fafc7d', 'spettatore'),
('ebreckellq0', 'jhamfleetq0@comcast.net', 'c0272ee44e8e87385d3ac48b9df99ce713170193162f83b592af1cbe933d5f92', 'spettatore'),
('jklimkovichq1', 'kditterq1@wordpress.org', 'c877ae5f3d38568f8c255dd468f5559a06a30fc280d0e37970dd564f74d5fabc', 'spettatore'),
('bheggeq2', 'lespleyq2@dropbox.com', '9e394fd5947552b3fdb9eecd3b92e874a6723ff7d87f93e100f7ffde40f300df', 'spettatore'),
('holennaneq3', 'elangrickq3@yelp.com', '81007c3b5bc0db8263ad5095e03efb8003dc2e2ac4fbd9768bdfc37ce01b1c7b', 'spettatore'),
('swahnckeq4', 'jmccobbq4@live.com', 'eef7e8db71561e63aaee695f84704a634c26769fb675a920d4386aaefc11ae6e', 'spettatore'),
('bturbittq5', 'vfaradyq5@sourceforge.net', 'a01705de98207b3b1c5be96935147cfa907dfe67f829d068fe8e6906009985b3', 'spettatore'),
('gewenceq6', 'dlarrowayq6@gmpg.org', '6906d0ea98fe272820cdf001b675243dde8b059224dae4943bc695aed83ffff0', 'spettatore'),
('cgilsthorpeq7', 'rmaccaddieq7@blogs.com', '3f88a41c1668662cd26a1191ab1e3a756530f1d43dbbef253d12cd638133d695', 'spettatore'),
('anibleyq8', 'ddysartq8@nyu.edu', '3475ae8520e2ffa8481f689cfb78bec2a71acbbe822ff60c1eb50b288f74a4f0', 'spettatore'),
('ddoustq9', 'llondonq9@omniture.com', 'c1ae46074b69d7765a2ad7ae7e6fcac01fa37627268b6dc31b64496d712622bc', 'spettatore'),
('kstopfordqa', 'htregaleqa@pcworld.com', '35319a2d92743695f168a3aaa78a22dfd7d4171ad165a52eab821b537a254d8f', 'spettatore'),
('rgarrisonqb', 'eyankishinqb@virginia.edu', 'd65ac73fb2b0dd9e78adf2eab62d2a38373c9844943177e5c9d64f1afb2f1cd0', 'spettatore'),
('csoaperqc', 'dcumeskyqc@1688.com', 'bc76f1e4b54c248ba7c6dccea08911c36c4c4ccc1fae9a450cc7c01eb6937a7d', 'spettatore'),
('rkaszperqd', 'nleapqd@ask.com', '79efad8d9ee189e4bdd00dabbd2c33482e8d7197b1bcf4bd8095de759de32724', 'spettatore'),
('rferencziqe', 'apetrelluzziqe@seattletimes.com', 'bb887714af1c54ddc4e46d25f4a54f2f32f315c95b0a066b8c6d23907ac0fdea', 'spettatore'),
('ncoulstonqf', 'wduthieqf@tinyurl.com', '2b11384961ab65037e2e5f81d5fb834c718404f2d953d589892882e02de75203', 'spettatore'),
('pkearfordqg', 'kwainscotqg@google.nl', '0077959de56c286cea2fa52ef1df99db2a87757465f2bdb5e5e37e8d4d6603ad', 'spettatore'),
('jpellittqh', 'croglieriqh@parallels.com', '6fadc89bcfc7666de9701032903520575b9350e88bbe874a73c59439bfdc8a7f', 'spettatore'),
('dholliboneqi', 'rveracruysseqi@github.io', '242d94f09debe38e0cdf49feae5e84f543448557dfe410270e3afdd67570a674', 'spettatore'),
('kllewhellinqj', 'mrijkeseisqj@hostgator.com', '69d708d7189c9790335edb98781f3b2fe425721991106237bf3c2258c351b39b', 'spettatore'),
('pwestwickqk', 'mmacritchieqk@cocolog-nifty.com', '9ab5a8c82cd4fed2d81e9100ddb9535d53ffdd0c2cdefb7ee2c0674a72313899', 'spettatore'),
('xkuhleql', 'mquadlingql@amazon.co.jp', '2ea0aabf675d908acd5b61a2665322371f14feb8ee582acadd5531fc050820b1', 'spettatore'),
('nravenshawqm', 'jhaydnqm@newsvine.com', 'c6b78e0d67ebb397937e95a59c30e66587d8c62fa31b028591b03d22ce4c97cf', 'spettatore'),
('hsmitheqn', 'mchasteneyqn@artisteer.com', '844c18a12b6c10ee2f32de412d6a5a35481e2f508bcad4e8ba25887fb03deb10', 'spettatore'),
('dmccullockqo', 'tgirodiasqo@stumbleupon.com', '235a928574ab1326f8893d504d309aed46f1e733ed0a6be2dc8b806c756e3e29', 'spettatore'),
('ejoplinqp', 'asibunqp@ycombinator.com', '365195130d7d29456938d6b4ba121fc128fae01bcae9f0300d8b10774bf14ba6', 'spettatore'),
('aantoniqq', 'lnijssenqq@wikimedia.org', 'b1479a7c3f3c3a07283247314aedaa476a3141f31e3ac1b56a08428e41c90651', 'spettatore'),
('hbartaliniqr', 'kbreitlerqr@opensource.org', '274f36238f9ad4895f3825f5056263eb1a70f7246c10b66d0739cd2cbf92575e', 'spettatore'),
('pnaisbetqs', 'splampeynqs@nature.com', '8fd3ad437ee07c35c204cef9c3dbed15ce913ed4d9460195da1851df4943b62d', 'spettatore'),
('tbischofqt', 'darnoudqt@yahoo.co.jp', 'ff0bb26aaf264c900e8f5c7993e5a6f0e615840413b14e10d4556c6be457a3ba', 'spettatore'),
('darchleyqu', 'fhaggartqu@ebay.com', 'cef07ac7af5c13dea16ecaae23cea0820b4862202d63f73745a87351b70711f0', 'spettatore'),
('bbrownsteinqv', 'gheinzelqv@aboutads.info', '8ef2c37b0b64fb766bacab2113233b22cc6c846c27ced84ef62ec8e37d76770d', 'spettatore'),
('fsalzenqw', 'shaffardqw@ow.ly', '591a5f6e92fe80347917606993d933864a5e7e04225a29d0e1405f45138457b7', 'spettatore'),
('olambrechtsqx', 'npetricqx@mail.ru', '36cad76bb23994c895d9a3698d95f26d66587d9bcd98f6f9e9cdeb6886bc14d1', 'spettatore'),
('ddotterillqy', 'scuellqy@e-recht24.de', '8b53293f6436c5ad56d02363337e8f7cd38513fa3e7e63f97e8478df0e453e8a', 'spettatore'),
('csteanyngqz', 'schattawayqz@blogspot.com', '565ea7d27edc23d860c8107584dca76a137c43e8a3c7c9dd3f134a7e2b362da3', 'spettatore'),
('lyosselevitchr0', 'bborgnolr0@360.cn', '3eba97a700c977901cde741c24393252ec7bd5c803822a7673354d3e4f513086', 'spettatore'),
('aaccumr1', 'ihartzogr1@dell.com', '7291bca2c8a1b551dbcadb4faa73e53e2ec5673f8e319c7b737895b265c7794c', 'spettatore'),
('thenrotr2', 'cthorogoodr2@paypal.com', 'd18d856b0f82b5c3e9d24be10c4b51e5fc7e2dd1a96d5e32dd3d291123c63377', 'spettatore'),
('pbarteletr3', 'cdunkertonr3@networksolutions.com', '56b2452e26b0aa4c785613cc29529a83c0f4ee24423ea56cdc0e1051d272b35b', 'spettatore'),
('lchaucerr4', 'awiltonr4@mapquest.com', '2917f830014cf4ca72164be3069fbb1704f29ae83be16589b4dabd1dcbd79374', 'spettatore'),
('cfaltskogr5', 'drolesr5@etsy.com', 'e580764d6a30cc75aaa81e01dae1ea880cba4efae302e925a5f941d5ced65d89', 'spettatore'),
('bmanleyr6', 'kchaneyr6@goo.gl', '89df2bed3df2d88a198cd85ef9761faec555c1ac7e297bdfe6b10ef63e78ebdf', 'spettatore'),
('tdeanr7', 'dlowbridger7@google.es', '88695309855f8dab07055b903a83d534a3164050263e29c189eaed6e60080527', 'spettatore'),
('hmclaffertyr8', 'vsandeverr8@comsenz.com', 'f4f68ae0c1b9573ed4cf4ca96b9b11d588432d218d313dd50fe8cf9a5bbd374a', 'spettatore'),
('edewsr9', 'gcarrattr9@bandcamp.com', '4ae8d0ac3bc9cc30336d6abe94106219d00fabd273318aac6c22fcf93f7a5fbe', 'spettatore'),
('jrudgera', 'msegeswoethra@fastcompany.com', 'fb94382b39b208405ceb92130e9a910017ba917e181f1502959d549d12f9e8b1', 'spettatore'),
('kvarnerb', 'amoffettrb@creativecommons.org', '0678c96906e50279f1da2a5f955c371525c50deb1d1946f965f0c5b3eebec31a', 'spettatore'),
('pbartalinrc', 'rtwyningrc@blogspot.com', 'b21cf467dfc4c20f470bb134610cfc1600073d3a305e54cc427ed3d1ddc038ff', 'spettatore'),
('ulindstedtrd', 'easletrd@yahoo.co.jp', 'd0b1de433e54569e83c9f557ed56722ce32de0ed2cee8dbec684bc0d764f7efb', 'spettatore'),
('apore', 'bjennyre@myspace.com', 'fa52b61f1a846e1481852dd9847cc464fde066f593abb39a9048f7cb8481abe5', 'spettatore'),
('mdecrucerf', 'sstrowgerrf@wired.com', '4d2d31f5057683cb79b6ad41206f88408d08fcd649ba6ffaadbd09b6758234be', 'spettatore'),
('fmannoochrg', 'dskeltonrg@toplist.cz', 'b7cf23f0098337287fda52dfcd6d7700b849fad434c1d4c1ed5b8fabefbd3258', 'spettatore'),
('cthoraldrh', 'esegrottrh@fc2.com', '67d88eeca2fffc054146784e541704e2b3c15996b3197e015c8986ec4d13fe3d', 'spettatore'),
('abearhamri', 'egarwillri@guardian.co.uk', 'd6ca890a6fe14e3d1a9dd5bc9b2e154bd226ff67e7cf7f0571770e83d9e10063', 'spettatore'),
('mmcgarrierj', 'mbucherj@over-blog.com', '1d6994f88bc2397bf056048160a468f8f06f48989d01c2d0f8500df58e9217e4', 'spettatore'),
('gtukelyrk', 'ehannantrk@blog.com', '8f6ca8219fbfad8cc31b2532e31c982a3c1e7efaddab6ba0291ebfbe358c37b2', 'spettatore'),
('aligerrl', 'cdownerrl@gizmodo.com', '318f2014af620d2581fb070fae25a165e58273e7b5d9ab4a66553aa1edb3a56d', 'spettatore'),
('ekrolikrm', 'nsullandrm@salon.com', '8f89d80d03464722084eaf7b380d04cd9428fa69197c4a96f0d707c00654329a', 'spettatore'),
('ajakubowiczrn', 'fpeinkern@engadget.com', 'e7595ef5e2c4b73ed309569cb08cf2262520ea9233911d3cdfb6c67ba8526e1d', 'spettatore'),
('lloffheadro', 'ldroverro@tinypic.com', '994afe8529df512a00d5042867e3c1352af9cf8e7cfdda7582033ca123afda2e', 'spettatore'),
('lmaffinrp', 'zhattrp@163.com', 'a853ee69145893f40c355d876ec355ab602a748a1c5d9a58ff14b944132c45bb', 'spettatore'),
('ajohnrq', 'rmathewrq@livejournal.com', '3cac225d76fbff6c99ba9c55d31785cb589112fe3840961430e376801a67b1b4', 'spettatore'),
('dgravattrr', 'shobbenrr@cornell.edu', '0a0bff22767be5eaa638404235d2d313e1f1be3a9fbf4718f61e545da3897b90', 'spettatore'),
('rledwidge0', 'lheggadon0@imageshack.us', 'bb2c6305f1e6a13dbc290cedd1fd07962b10368971b5c78e2cf5a6ed7116614a', 'streamer'),
('ocowdrey1', 'pgarrood1@123-reg.co.uk', '9693a471bd88f6ea9075412842ba985c9fec0e750e4e61499642c83dfd0349a7', 'streamer'),
('dkauffman2', 'nbaudone2@youku.com', '2e63569f4337f1e9f426c5e7bca6d6180dd97dfcaeab0dbdeed07d5bb7840700', 'streamer'),
('mshrigley3', 'hend3@google.nl', '0b445e67687d89715fea6568be28fcb55e4ee8a0334833f7d2349fa64f57fc96', 'streamer'),
('cflowitt4', 'adelagua4@artisteer.com', '2aef28985e29d0bd285bb0a8282bf12917aa23d268f50c6f70aa572e1cf0a80f', 'streamer'),
('fverdy5', 'mmcpeake5@economist.com', '836422971fe778856ce4bc6e20ba5699a3a6699f9d9c9d1f49b283932c1fcab9', 'streamer'),
('mfinicj6', 'akynan6@odnoklassniki.ru', '33a5650499484a624cedb4a57f3c757c32b47709ebfe0fa3919efcb32eef605c', 'streamer'),
('djacobi7', 'gcatterall7@w3.org', 'aa023ba5de860e9f40ff9583d7072db04ee96e71afba8f218284d0e2dd406f8c', 'streamer'),
('mary8', 'kbenstead8@virginia.edu', 'd24556e05ae25cfea74aa20fce59a582776060cc8c24f25b72dbf1fb49fad745', 'streamer'),
('lferrer9', 'cvanvelde9@nhs.uk', '756b7cf1ff80de3ef708d47741c0f9d43f42ce1fed06c3c72bd3301caad08bad', 'streamer'),
('nperigoea', 'rwhitwortha@weibo.com', '925c0105d2154da592bd6fa5f1314b99c299f5c4b3e7cc27127db148094bcee3', 'streamer'),
('jpetronisb', 'dkelletb@imdb.com', '933f10eb8f5f3a5f2e8aa26514babcadc3c6444543724e69bf1c0698758cfc50', 'streamer'),
('mfeldhornc', 'abourtonc@histats.com', '39dc04b3ad2ed540ba77259714571418a048b814447d0b829b5de7584af097b0', 'streamer'),
('mtwohigd', 'moboyd@histats.com', 'f7d3431329f7a4dd1428d3ca4231388aeeecf9a403bc258e4584313c1cdc393b', 'streamer'),
('mmartygine', 'kblindmanne@free.fr', 'adb8c2cc354ebfbc54c3242baa318d5684ce205387a19753e501f32ae5e78296', 'streamer'),
('sboysef', 'hantognellif@hubpages.com', 'adc004911b8d7572b2b9dece1a5d3c79360f45e124da2a737adfc9260b27927a', 'streamer'),
('tbiagionig', 'truoffg@businessinsider.com', '2fc832231dd765ee3e6b1735966f384a03ed98096903317d1db8906392efb762', 'streamer'),
('pgadieh', 'pbrimsonh@nyu.edu', '3717aa5abf95356ebabf4fa4262dffbbcd8132759b1f5054681dfcccb98f154c', 'streamer'),
('dhamblyi', 'atuffeyi@so-net.ne.jp', '1034f12cde9c85f36a2488b1487c00be5ec2543449d30ec2b952076f1f8d7bbd', 'streamer'),
('ckarlicekj', 'mleebeterj@msn.com', '510bdcb72df2c9490dd46217505c50a52afc12a0a1d9d4009fc1ac8343f1e237', 'streamer'),
('pcohalank', 'cklaussenk@illinois.edu', 'ad0fa9a50cc931ee8dfd0661681ef92462d74c80128673aee12c46c4a4967a37', 'streamer'),
('bmarial', 'gyarnalll@w3.org', 'd5e8188816f7adece1f3422760c150f6433e1222850e142c02316a3eba0c6f11', 'streamer'),
('paylingm', 'rqueenm@nytimes.com', '5f0121ccd66d78f93d045a72a74d83264c17023845a7b3365806d1b4334d2ce1', 'streamer'),
('tmcclymondn', 'leveritn@purevolume.com', 'b722dd0f6dbf5686ce8d011cf792d50368628674ad96ff59289060910d858b2e', 'streamer'),
('rdessento', 'mstreatfeildo@hp.com', 'ab6db66cbacc98fe95020ba124d88e059de0d7dd55f643905af3766ae12aad4e', 'streamer'),
('tclemesp', 'dcantwellp@free.fr', 'a2055eef5aa4b83d95cb0cba5ef3adac2f89e054769b11d22a3989187603c09f', 'streamer'),
('bwhitelandq', 'cbuerq@hatena.ne.jp', '4546deb1e48617deb00d0f2081db9e45ff3e40198cd64c943ffefe2d71a953d8', 'streamer'),
('dparadinr', 'aklaesr@issuu.com', '259c1e3e7c7ecc238b024a858d5d176e34e769046f51536ff026886e848c7422', 'streamer'),
('kcommons', 'cchillingworths@webs.com', '5e6c9db535665a928abccaadd938a251ad404e00efebf22e30bfe88f5a6b7ac4', 'streamer'),
('mtomaskunast', 'ssarllt@sohu.com', 'ee7c11b005204b04e6fd53b9437e5bc94c7746c00469ce37910614ddd9b09dd7', 'streamer'),
('qjeannonu', 'pbaudinetu@wufoo.com', 'fc7c9b0b87f95c0ab8b2e54e8fd42c61ead8046c5233fad4a32e9b8c5d0bfe96', 'streamer'),
('tcalafatov', 'ivenessv@usnews.com', '4cb63c5e5b12a385b58496a7c44800e0f5338caea1cde111e1180aba31f07a38', 'streamer'),
('beadew', 'schristauffourw@furl.net', '5a3ca0e65a340cf005b7196882811cddbe24fe80ff5aa886addcd83d3e2f904e', 'streamer'),
('atalbyx', 'mtreadgerx@hatena.ne.jp', 'afe2c029d6dfa10c1cb66df08bfc6ae4c9e0b13c2456fd41f4798b40cb270553', 'streamer'),
('mvanhaleny', 'aratchfordy@nsw.gov.au', 'e1f80cd9765b11e09612b2e76abf42cf5431638e9ce21f128d74cff494f65774', 'streamer'),
('tedgerlyz', 'ssnelsonz@fotki.com', 'a81e3644f450967af1453dc33bde49dc43184079e87f2b95f3abf89eb96893f5', 'streamer'),
('gdeniskevich10', 'bblockley10@discovery.com', '636c55ec7f006d13a00522c6f6fdeb56c3e99081ac450192bbe78cf8e6339822', 'streamer'),
('ebraddock11', 'cronan11@gravatar.com', '466b75fb539b20bd4d2e6ea396309df0fd842d116df857a3195442eb79f7d454', 'streamer'),
('carmes12', 'lpimlett12@google.com.au', 'c22cc26252c17d712ff0eb93f0fbc3f647737fe077f8c9066a18471a91440dd1', 'streamer'),
('smccolley13', 'vmitford13@phoca.cz', '282367128a8d581257608e8826ae230bd77a8454156b9448d32a0a39315932c7', 'streamer'),
('etomei14', 'efiennes14@smugmug.com', '1bf3d086fe68cd160b7a782165c0bdb95b97d890add90c80dfee635fc7e8f4ec', 'streamer'),
('ntrew15', 'pprisk15@nationalgeographic.com', 'cb19d630df086feed1e7da05de6e0402bec3d388232b8bd6fc94208c13a94deb', 'streamer'),
('progez16', 'phadden16@psu.edu', '088b68138b222dc4de88ce37d221f3ad139a538421db0dfb4f255b5114a11bb7', 'streamer'),
('mseabon17', 'apulteneye17@phoca.cz', '322e150c1692d6ff9766370995333f2c1b954019b47415038cba3111fb8ff218', 'streamer'),
('abarens18', 'mtansill18@nasa.gov', 'a23cd1c22e6dc1606b28022000a509a402198c24e1be0b3265973272e975c421', 'streamer'),
('bshoebottom19', 'njersch19@marriott.com', '8239b7b9fcb83ba1cc37e75b813c64b1d8c459e4858150f29c56e8d2afd2b3ed', 'streamer'),
('agaenor1a', 'jaxon1a@cdbaby.com', '3ad0c1a7113aa1915a5fdf63c5ba481e03b4237ae51c7bc0da414bf79db0324b', 'streamer'),
('ccastagneto1b', 'fpagett1b@amazon.co.uk', '3c79fd23dbd9a409c69d90fa8e256d197086eceb40962f08ff4514b202ff4652', 'streamer'),
('hmcaviy1c', 'etown1c@tiny.cc', 'f5f8de7eee6683e12cd46cafa74b38ba9701332ef5e49486fade2b3006c1242d', 'streamer'),
('abon1d', 'smatieu1d@hugedomains.com', '4875d81afb74bbfaf8de14e25879bacd9da76793fa4bc79841ab453847570c29', 'streamer'),
('torteu1e', 'jwyness1e@youtu.be', '29194a3949f89ab801e76e1933755523740f8e29aa5261e8c8ce28bdd7ab481d', 'streamer'),
('fmuzzi1f', 'dlenham1f@360.cn', '53f6b1e427dd21a2bb2d46262fa849c787ae0fb836674d335eda095abe40a598', 'streamer'),
('gmccambrois1g', 'ahartell1g@ca.gov', '983c612e6bbd036d123383334da63ee65bd9c54e40e856384559102322172a14', 'streamer'),
('adowner1h', 'aeadmead1h@goo.gl', '03e8d1e82ec3766abcc29ea90f33248e0a197f6bf6e5d18382658e8203e62f13', 'streamer'),
('gstandeven1i', 'sheistermann1i@oaic.gov.au', '508c0d450bac9f828b041620c10d7dd27044bc6f339bd6b78d7a09baf0b6910b', 'streamer'),
('lhedgecock1j', 'awisniowski1j@archive.org', 'e846835e36032cbe20c2fd053976cac0564954674e62717aa26460e865790b08', 'streamer'),
('kgadaud1k', 'pvegas1k@google.ru', 'fb7d7ace5bbbeb785319baac060744ebffcaba3027142ffc24c7262c2705abcd', 'streamer'),
('ajensen1l', 'bcockhill1l@skype.com', 'd92a32f410f2d715002348e221ea2b52973bc47e0b0fed4d65e0022d00fe31d5', 'streamer'),
('cperet1m', 'mwolffers1m@wisc.edu', 'db5b1c04c4f5f7fd8ffa5d0f5fb47a4753feff87fc71c01f680c76b4046e4e26', 'streamer'),
('clembrick1n', 'agabits1n@tinyurl.com', '3f10b802ba827c2f8e5262b465a9cbf939aedfcd8eaa1132b78e2b78552dac96', 'streamer'),
('hpenkman1o', 'ndemageard1o@businesswire.com', '6399860f7a2b6522d90a74add4f216438f53660aa6f3df30ebe38117eb3d43b2', 'streamer'),
('lfrosch1p', 'tcowndley1p@indiegogo.com', '2c59989219bb183dd509acd4c23d99735e46b2f66a004b95b1e89e341e2bf98f', 'streamer'),
('imallett1q', 'yross1q@hc360.com', 'a691a6b5eb2ca3177222f59d50a899946ab3c058c1db5e7ea3056faf3860322b', 'streamer'),
('hfarlamb1r', 'balfwy1r@hexun.com', '0db217a00ac533d5f9b88b44bbb90e72cc651c19052ba67048971e95e2e1ecc2', 'streamer'),
('jbellows1s', 'telce1s@imgur.com', 'b8b03c4634ffb8e7ab77c0d213f979469580e35212db9e00f930a0bdcbbeb338', 'streamer'),
('labercrombie1t', 'cbootton1t@arstechnica.com', 'ff24f1b997e832432d97773ade42ceeb8595252f7eabf903de69df8937fed9b5', 'streamer'),
('tquillinane1u', 'bducrow1u@uiuc.edu', 'b3a26c13796c5fbefbd2af70ab5568d1023772716a7ec44b4ec609b19506bc5a', 'streamer'),
('cstrutz1v', 'jdugget1v@moonfruit.com', 'ced612dffd6e9494f427289046e5f8fb6828897918b327231c807b617261d380', 'streamer'),
('nwilmington1w', 'kgirardot1w@dagondesign.com', '8aef2acd5a4046e6ab74a56d005f9923a38e2ee664b119d2dbaa49aaa9ce2d20', 'streamer'),
('adavsley1x', 'efriar1x@csmonitor.com', 'fc0f3a3a7740c938a418922466bb4ebce0a609a173f4194533001be8ad12bee8', 'streamer'),
('bpengelly1y', 'ehafford1y@netlog.com', '762b68b56ac0d14f011db14d33e7759a18c0fd05481b3400261c00218f0232ee', 'streamer'),
('osilverthorn1z', 'cdestoop1z@symantec.com', '36c360639512bac9474443112aa9fe38d3346bedfa7d62bb76b9fd1eb64da55f', 'streamer'),
('adimitrijevic20', 'jwoolerton20@businessinsider.com', '38638fc5247b47c5ae73be120b8ee30f5ad13c048444fa0bc199e9a160882791', 'streamer'),
('eelwell21', 'cpittendreigh21@ucoz.ru', 'b3515c51b66e63761796ab967cb1d3bfc1d63c70f67f9c6eb164178c25fafc94', 'streamer'),
('atabour22', 'gjervoise22@example.com', 'dfbc8807442ade6e67fdfa78b721de93191fc68c56a6cf029fe43764795e0970', 'streamer'),
('lgrinval23', 'cpetrescu23@shutterfly.com', '19fb23b7f604d94d09c420afa595cd29a27193f992ff7634ed7de5a17ace57e8', 'streamer'),
('cbawle24', 'emaclardie24@imageshack.us', '29929a1ca230b7fa5646a72b573ff765083bd90b9fb96466ac7e3bec26899132', 'streamer'),
('efairy25', 'astannion25@cornell.edu', '4aa842e02c965211b4009410e7816e9fc7e2735adb83166eb5893295326aad1b', 'streamer'),
('tpena26', 'amumbeson26@constantcontact.com', '6e3e4ef28d49b0bfdeef4e6017106a70ab71472f49e0f6ff7ad1adc1d4ff1fdb', 'streamer'),
('jnewis27', 'rmclennan27@unblog.fr', '1e55d8050ec67575a5541ebe043f838580978bcbdd120b903469a5d8692b00d0', 'streamer'),
('bmapholm28', 'lwadman28@hp.com', 'a5c9dcaf087d3bf9de41e76c06c32d1d3868781b26a05fed6e904b24853b1b67', 'streamer'),
('kmocker29', 'emccarroll29@salon.com', '11b12a007ba1ef0ce6e16f5de24b5941ad7d70d1254ecd7a3f1d8f608949435e', 'streamer'),
('gclappison2a', 'tannear2a@auda.org.au', '3a0979af5ace8756867046a035fe6202109a955b02762cdc593955cf1a830eb3', 'streamer'),
('tharrop2b', 'hpennyman2b@cafepress.com', '7fe4333eacdf7cf7f1e501dc49388deb220e0ab4026083f8febfe07225beffac', 'streamer'),
('bpierucci2c', 'chendriks2c@ucoz.ru', '61f8a4b753ad19da4c8ad3908f09bdfb0f3d7266afbacd8c374efc44a57e4008', 'streamer'),
('etopling2d', 'hgadney2d@g.co', '1e3cf58ff5b13ca6ee4eadfb93e19d061487789c24f36323a915e13673dea4d8', 'streamer'),
('ipownall2e', 'mkealey2e@example.com', 'e33454a754517100fded908681bad0e6978bbc92998255ff153a5e93ba6b1c90', 'streamer'),
('wjoney2f', 'kortell2f@fema.gov', 'e87c6916083845c1771f9d992538bc5fb18fe0ab848ab80c2cdbeb25fd141c3e', 'streamer'),
('jdesimoni2g', 'mgarrat2g@boston.com', '567d47f1545657c4ab261cdc768caf835abaddb21877d0ac3336e99f4049a6cb', 'streamer'),
('fguyton2h', 'acornelius2h@blogs.com', 'a36a273201054ef2234a86391f1c8d1f059bf3d9dd957e9eef9e8a26ec1cd1ce', 'streamer'),
('tpetrashov2i', 'eandres2i@netscape.com', '0179a05e26c6130fb2517923cd6fd8af3270632d54e0c9d82debec8a797a206b', 'streamer'),
('hlasslett2j', 'rdellorto2j@dagondesign.com', 'abcf596260860f2a7857e9b3fd5eab0460b44b98797efff8d2157e0c09942c6b', 'streamer'),
('awilby2k', 'eblamires2k@mozilla.com', '10dfc62245dee5ea6c2cd859b5ad66d0e5af5cbf411bd9852a7ce6de46f8d4f3', 'streamer'),
('cshaddock2l', 'acouchman2l@hexun.com', '05c8abb9436e36d103276360cfbef2519c28df1ec367d3b42cc9357e25819f96', 'streamer'),
('ileak2m', 'vreadwood2m@amazon.com', '3010af398d88d2af091915ad43548a46d570d7ff8eb840d9627551c5b6656b2b', 'streamer'),
('cgianettini2n', 'cpierpoint2n@furl.net', '3db875a154b1ba10ecd373901a216c0d404f96fb522fd7671501ec5658eb67ce', 'streamer'),
('wcain2o', 'rramberg2o@fema.gov', 'c5b30da5c6347488215d4f6d76d71ab22727bc8f3a3d231236bc1ad33b6c60c3', 'streamer'),
('aodoran2p', 'cradborne2p@intel.com', 'f2e6cdcb52bda8e72ac14cdd38d8a0f3eec77e2bb9f417b4791c42789ea9f152', 'streamer'),
('wgosker2q', 'gbosden2q@walmart.com', '150d6836c253d1423340aafaea12890a9bc6a6492d3f1b9893d39bd244961d1a', 'streamer'),
('vcleyburn2r', 'cdrayson2r@usgs.gov', '3c4b2c0a498e3432f0948f9cdd1ce1b77f04ed604e180493932cb2e8a245abba', 'streamer');

insert into canale (nome, informazioni, id_streamer) values
('rholbarrow0', 'User-centric 5th generation artificial intelligence', 'ydonovin5'),
('dparkhouse1', 'Optional fresh-thinking parallelism', 'kcorse7'),
('mperassi2', 'Adaptive intangible flexibility', 'smatzkaitis8'),
('qolekhov3', 'Re-engineered human-resource forecast', 'bcarcassa'),
('dcoupland4', 'Cross-group eco-centric database', 'ohaylettb'),
('njehan5', 'Profound disintermediate website', 'tvonasekc'),
('zreichardt6', 'Grass-roots mobile workforce', 'astebbind'),
('fapplegate7', 'Diverse real-time benchmark', 'mpopescue'),
('rtetlow8', 'Organic secondary firmware', 'jfennaf'),
('kcyster9', 'Synergized bifurcated Graphic Interface', 'vkornl'),
('sshimmansa', 'Operative intangible leverage', 'psyddalln'),
('akilmurryb', 'Optional incremental extranet', 'zdimbylowp'),
('samberc', 'Customer-focused executive parallelism', 'sambrosettir'),
('fauburyd', 'Polarised composite implementation', 'gwadlyt'),
('sisitte', 'Customer-focused didactic database', 'ewestern11'),
('rkreberf', 'Fully-configurable human-resource capacity', 'jbruckstein17'),
('ksymingtong', 'Cross-group web-enabled array', 'lbarhem1c'),
('jmorleyh', 'Re-engineered clear-thinking circuit', 'lonraet1g'),
('hlodewicki', 'Upgradable reciprocal ability', 'dyurshev1l'),
('mpardiej', 'Fundamental client-driven time-frame', 'dshelmerdine1v'),
('acicconek', 'Public-key coherent forecast', 'nmcconnell1y'),
('rhanburybrownl', 'Customer-focused dynamic projection', 'akersting1z'),
('ycollism', 'Reactive transitional application', 'dhollingshead26'),
('ematen', 'Stand-alone incremental service-desk', 'mwilloughley2b'),
('tlealleo', 'Networked 3rd generation installation', 'wcheer2d'),
('hmarap', 'Advanced zero administration intranet', 'pkissock2k'),
('btreanorq', 'Future-proofed leading edge complexity', 'slequesne2l'),
('cextilr', 'Proactive scalable local area network', 'dkensington2p'),
('bspadazzis', 'Future-proofed 24/7 workforce', 'rledwidge0'),
('abennittt', 'Grass-roots empowering portal', 'ocowdrey1'),
('smontgomeryu', 'Switchable zero defect project', 'dkauffman2'),
('hhawkswoodv', 'Re-engineered multi-state algorithm', 'mshrigley3'),
('zdomengetw', 'De-engineered object-oriented workforce', 'cflowitt4'),
('clanferx', 'Fundamental even-keeled software', 'fverdy5'),
('rfanshawey', 'Centralized secondary moderator', 'mfinicj6'),
('lvintonz', 'Enhanced demand-driven forecast', 'djacobi7'),
('csorensen10', 'Progressive logistical migration', 'mary8'),
('hsottell11', 'Triple-buffered bottom-line moderator', 'lferrer9'),
('ksemper12', 'Sharable full-range service-desk', 'nperigoea'),
('yapdell13', 'Vision-oriented disintermediate complexity', 'jpetronisb'),
('alafayette14', 'Organic zero defect circuit', 'mfeldhornc'),
('aleuren15', 'Open-architected asymmetric definition', 'mtwohigd'),
('dlarwell16', 'Managed attitude-oriented attitude', 'mmartygine'),
('jloving17', 'Enterprise-wide bi-directional open architecture', 'sboysef'),
('eandrioli18', 'Automated client-server installation', 'tbiagionig'),
('gtrounce19', 'Grass-roots demand-driven service-desk', 'pgadieh'),
('fgladman1a', 'Proactive 24 hour function', 'dhamblyi'),
('jkellie1b', 'De-engineered methodical solution', 'ckarlicekj'),
('dedmondson1c', 'Function-based fresh-thinking implementation', 'pcohalank'),
('jmetzel1d', 'Object-based analyzing monitoring', 'bmarial'),
('wbraam1e', 'Progressive full-range emulation', 'paylingm'),
('rrubbert1f', 'Fully-configurable zero administration extranet', 'tmcclymondn'),
('ljuckes1g', 'Configurable real-time initiative', 'rdessento'),
('rtwaite1h', 'Versatile executive alliance', 'tclemesp'),
('lguite1i', 'Versatile contextually-based archive', 'bwhitelandq'),
('ewaterdrinker1j', 'Programmable zero defect function', 'dparadinr'),
('cwippermann1k', 'Re-contextualized next generation collaboration', 'kcommons'),
('emoorton1l', 'Advanced cohesive forecast', 'mtomaskunast'),
('whollow1m', 'Triple-buffered client-driven neural-net', 'qjeannonu'),
('ajanew1n', 'De-engineered zero tolerance policy', 'tcalafatov'),
('ohallifax1o', 'User-centric responsive leverage', 'beadew'),
('iredolfi1p', 'Integrated asynchronous core', 'atalbyx'),
('mmullett1q', 'Fully-configurable systemic internet solution', 'mvanhaleny'),
('bcorona1r', 'Enhanced grid-enabled moderator', 'tedgerlyz'),
('ilucien1s', 'Re-engineered bi-directional synergy', 'gdeniskevich10'),
('tloxdale1t', 'Advanced 5th generation software', 'ebraddock11'),
('ddraisey1u', 'Customer-focused transitional software', 'carmes12'),
('jgamlin1v', 'Intuitive next generation synergy', 'smccolley13'),
('rbills1w', 'Synergistic fresh-thinking core', 'etomei14'),
('jperham1x', 'Re-engineered bottom-line function', 'ntrew15'),
('obailes1y', 'Synergized incremental help-desk', 'progez16'),
('lcarnilian1z', 'Synergistic coherent Graphical User Interface', 'mseabon17'),
('vbrownsey20', 'Configurable fresh-thinking framework', 'abarens18'),
('aderuel21', 'Decentralized mobile ability', 'bshoebottom19'),
('pgonthard22', 'Open-architected 24 hour help-desk', 'agaenor1a'),
('proskelley23', 'Secured methodical methodology', 'ccastagneto1b'),
('sattack24', 'Operative full-range solution', 'hmcaviy1c'),
('pshelper25', 'Open-source empowering groupware', 'abon1d'),
('mlewknor26', 'Exclusive intangible access', 'torteu1e'),
('lgocher27', 'Synergized upward-trending functionalities', 'fmuzzi1f'),
('sridley28', 'Polarised 24 hour process improvement', 'gmccambrois1g'),
('astroband29', 'Decentralized multi-state productivity', 'adowner1h'),
('bshortland2a', 'Synchronised uniform local area network', 'gstandeven1i'),
('bpringer2b', 'Pre-emptive background archive', 'lhedgecock1j'),
('nbrent2c', 'Inverse cohesive core', 'kgadaud1k'),
('agaskal2d', 'Organized interactive productivity', 'ajensen1l'),
('dwince2e', 'Organized zero administration open system', 'cperet1m'),
('zfearns2f', 'Expanded dynamic data-warehouse', 'clembrick1n'),
('mcopnall2g', 'Enterprise-wide 3rd generation open system', 'hpenkman1o'),
('cheald2h', 'Reverse-engineered 6th generation initiative', 'lfrosch1p'),
('fkretschmer2i', 'Multi-lateral upward-trending budgetary management', 'imallett1q'),
('wcastiglio2j', 'Cloned reciprocal task-force', 'hfarlamb1r'),
('hledeker2k', 'Fully-configurable executive portal', 'jbellows1s'),
('klapwood2l', 'Stand-alone leading edge synergy', 'labercrombie1t'),
('evannikov2m', 'Sharable coherent synergy', 'tquillinane1u'),
('cbarten2n', 'Team-oriented coherent concept', 'cstrutz1v'),
('jberney2o', 'Self-enabling composite approach', 'nwilmington1w'),
('frigbye2p', 'Compatible content-based projection', 'adavsley1x'),
('arosone2q', 'Adaptive regional application', 'bpengelly1y'),
('jbamb2r', 'Proactive discrete local area network', 'osilverthorn1z'),
('wcristofolini2s', 'Reactive real-time website', 'adimitrijevic20'),
('nfansy2t', 'Function-based background infrastructure', 'eelwell21'),
('dmeasen2u', 'Programmable analyzing contingency', 'atabour22'),
('zmatthews2v', 'Visionary incremental firmware', 'lgrinval23'),
('freadwood2w', 'Front-line coherent structure', 'cbawle24'),
('achalcraft2x', 'Horizontal fault-tolerant task-force', 'efairy25'),
('aferreras2y', 'Digitized needs-based capability', 'tpena26'),
('mclaire2z', 'Triple-buffered hybrid model', 'jnewis27'),
('fbrewis30', 'Ergonomic uniform functionalities', 'bmapholm28'),
('lluna31', 'Diverse dedicated process improvement', 'kmocker29'),
('rstaveley32', 'Object-based zero tolerance paradigm', 'gclappison2a'),
('ljosephs33', 'Multi-channelled systemic standardization', 'tharrop2b'),
('breeken34', 'Profit-focused human-resource forecast', 'bpierucci2c'),
('jmcgauhy35', 'Optimized full-range moratorium', 'etopling2d'),
('rriddiough36', 'Profound analyzing interface', 'ipownall2e'),
('rhallatt37', 'Digitized transitional methodology', 'wjoney2f'),
('fdoxey38', 'Profit-focused encompassing interface', 'jdesimoni2g'),
('sfydo39', 'Centralized stable local area network', 'fguyton2h'),
('kquince3a', 'Future-proofed systemic frame', 'tpetrashov2i'),
('lallnutt3b', 'Synergized asymmetric flexibility', 'hlasslett2j'),
('qdewsnap3c', 'Switchable holistic database', 'awilby2k'),
('kgarbutt3d', 'Universal holistic synergy', 'cshaddock2l'),
('ljodlowski3e', 'Vision-oriented encompassing flexibility', 'ileak2m'),
('bcuree3f', 'Virtual demand-driven service-desk', 'cgianettini2n'),
('dpawley3g', 'Automated client-server extranet', 'wcain2o'),
('akeller3h', 'Devolved 24/7 software', 'aodoran2p'),
('ladds3i', 'Multi-layered intermediate open architecture', 'wgosker2q'),
('cpayn3j', 'Automated executive database', 'vcleyburn2r');

insert into azienda (p_iva, email_azienda, nome_azienda, linkspot) values
(18558889945, 'jchilton0@house.gov', 'Gadal Laboratories Inc', 'http://comcast.net/semper/est/quam.png'),
(98686997534, 'mogelsby1@dion.ne.jp', 'Dr. Reddy''s Laboratories Limited', 'http://wsj.com/curabitur/convallis/duis/consequat/dui/nec.json'),
(24545262834, 'tskinner2@microsoft.com', 'Lupin Pharmaceuticals, Inc.', 'https://4shared.com/vel/augue/vestibulum/rutrum.aspx'),
(35136228730, 'awilks3@tamu.edu', 'E. Fougera & Co. a division of Fougera Pharmaceuticals Inc.', 'https://wikimedia.org/lorem/id/ligula.html'),
(41992640385, 'htindley4@arizona.edu', 'Antigen Laboratories, Inc.', 'http://reuters.com/aliquam/erat.html'),
(16926730441, 'ldommerque5@nydailynews.com', 'Kinray Inc', 'https://slideshare.net/orci/nullam/molestie/nibh/in.json'),
(69425009073, 'rplan6@facebook.com', 'Watson Pharma, Inc.', 'http://umn.edu/nec/molestie/sed.png'),
(87455023625, 'mdavana7@discovery.com', 'SHISEIDO AMERICA INC.', 'http://google.ca/vestibulum/aliquet/ultrices/erat/tortor/sollicitudin/mi.html'),
(98207607162, 'ckindleysides8@ox.ac.uk', 'A-S Medication Solutions LLC', 'https://drupal.org/orci/luctus/et/ultrices/posuere/cubilia.png'),
(51079833122, 'rcrowcombe9@webmd.com', 'Mylan Pharmaceuticals Inc.', 'http://irs.gov/sit/amet/diam/in/magna/bibendum.jpg'),
(24314696259, 'dhuea@github.com', 'Watson Laboratories, Inc.', 'https://qq.com/nulla/nunc/purus/phasellus/in.html'),
(44699219179, 'mfallenb@sbwire.com', 'Sato Pharmaceutical Co., Ltd.', 'https://berkeley.edu/sapien/a/libero/nam.js'),
(89931162095, 'pmccullenc@alibaba.com', 'Avon Products, Inc', 'https://house.gov/donec.jsp'),
(96564468031, 'afaintd@surveymonkey.com', 'Boots Retail USA Inc', 'http://zdnet.com/blandit/ultrices/enim/lorem/ipsum.jsp'),
(95480163645, 'glanderse@comcast.net', 'CVS Pharmacy', 'http://japanpost.jp/non.json'),
(95195780161, 'slockleyf@mysql.com', 'Stephen L. LaFrance Pharmacy, Inc.', 'https://princeton.edu/ultrices.jpg'),
(63274700230, 'gcamackeg@apache.org', 'Henry Schein, Inc.', 'http://stumbleupon.com/sed/nisl/nunc/rhoncus/dui/vel.png'),
(45948572628, 'vkitteridgeh@yolasite.com', 'Polygen Pharmaceuticals LLC', 'http://twitter.com/posuere/cubilia.png'),
(89490306857, 'btinemani@comcast.net', 'Wockhardt Limited', 'http://answers.com/nibh/in/lectus/pellentesque.jsp'),
(31531570236, 'oneaglej@scientificamerican.com', 'Novadaq Technologies Inc.', 'http://goodreads.com/ornare/consequat.aspx'),
(56247241618, 'kcamblek@newsvine.com', 'ALK-Abello, Inc.', 'https://pinterest.com/vel/augue/vestibulum/ante.jpg'),
(14953583687, 'afinlaisonl@barnesandnoble.com', 'Parfums Christian Dior', 'http://ed.gov/dapibus/dolor/vel/est/donec/odio.jsp'),
(31474278493, 'bzottolim@tripod.com', 'West-ward Pharmaceutical Corp', 'https://wikimedia.org/tempus/semper/est/quam/pharetra/magna/ac.jpg'),
(74929853723, 'hgodwinn@elegantthemes.com', 'Nelco Laboratories, Inc.', 'https://eepurl.com/tincidunt.js'),
(96306729896, 'jmacandrewo@springer.com', 'Mylan Pharmaceuticals Inc.', 'http://eventbrite.com/porttitor/lacus/at/turpis/donec.json'),
(45264956785, 'blowingp@cnn.com', 'Nelco Laboratories, Inc.', 'https://1688.com/penatibus/et/magnis/dis/parturient/montes.js'),
(39818426678, 'llodoq@reddit.com', 'American Health Packaging', 'http://last.fm/nisi.jsp'),
(82876848468, 'abellamyr@harvard.edu', 'Zydus Pharmaceuticals USA Inc', 'https://e-recht24.de/ullamcorper/augue/a/suscipit/nulla/elit/ac.jsp'),
(37929198592, 'mgullefords@godaddy.com', 'Jubilant HollisterStier LLC', 'http://economist.com/cubilia.jpg'),
(57730484108, 'rzapatat@clickbank.net', 'Cantrell Drug Company', 'https://bloglines.com/eu/sapien/cursus/vestibulum/proin/eu.xml'),
(90945909545, 'lfaircloughu@deliciousdays.com', 'Aurobindo Pharma Limited', 'http://webeden.co.uk/non/velit/nec/nisi/vulputate/nonummy.html'),
(94205284032, 'jpackerv@wired.com', 'Teva Pharmaceuticals USA Inc', 'http://topsy.com/nullam/varius/nulla/facilisi/cras.jpg'),
(74211530596, 'cmandrakew@illinois.edu', 'Matrixx Initiatives, Inc.', 'http://cnet.com/ante/nulla.json'),
(32774052256, 'ijirusekx@telegraph.co.uk', 'Dolgencorp, LLC', 'https://bloglovin.com/magnis/dis.xml'),
(21670087145, 'kjalesy@addtoany.com', 'Mylan Pharmaceuticals Inc.', 'http://unicef.org/in/lacus/curabitur/at/ipsum.js'),
(34069171473, 'ewesternz@ucla.edu', 'Caraco Pharmaceutical Laboratories, Ltd.', 'https://cdc.gov/porttitor/lacus/at/turpis/donec.jsp'),
(61024453984, 'acoombe10@soup.io', 'Perrigo New York Inc', 'https://goo.gl/rutrum/rutrum.js'),
(82933184383, 'kjoris11@virginia.edu', 'Cardinal Health', 'https://dropbox.com/aenean/lectus/pellentesque.json'),
(78259733195, 'rslesser12@barnesandnoble.com', 'MedVantx, Inc.', 'https://sitemeter.com/sed.aspx'),
(89936209906, 'nsidsaff13@cornell.edu', 'Physicians Total Care, Inc.', 'http://mlb.com/quisque/id/justo.xml'),
(58277431785, 'aponsford14@princeton.edu', 'Nelco Laboratories, Inc.', 'http://businessweek.com/curae/donec.png'),
(99597150348, 'gnoblett15@amazonaws.com', 'NCS HealthCare of KY, Inc dba Vangard Labs', 'http://unicef.org/purus/aliquet/at.png'),
(88018148029, 'lwaterstone16@tumblr.com', 'Capellon Pharmaceuticals, LLC', 'https://acquirethisname.com/consectetuer.html'),
(33817786268, 'asmidmor17@pinterest.com', 'CVS Pharmacy', 'https://over-blog.com/tempus.js'),
(42973690547, 'mkochs18@fotki.com', 'Ventura Corporation LTD.', 'http://usda.gov/id/mauris/vulputate/elementum/nullam/varius/nulla.xml'),
(97849264113, 'jdake19@parallels.com', 'Parke-Davis Div of Pfizer Inc', 'https://cdbaby.com/luctus/nec/molestie/sed/justo/pellentesque/viverra.aspx'),
(26729448062, 'ballwright1a@sourceforge.net', 'NATURAL COSMETICS INDUSTRY LTD', 'https://imdb.com/euismod/scelerisque/quam/turpis/adipiscing.jsp'),
(69004141944, 'mbettenay1b@tmall.com', 'Cardinal Health', 'https://qq.com/tincidunt/nulla.jpg'),
(74989342339, 'rbolsover1c@clickbank.net', 'B. Braun Medical Inc.', 'https://slate.com/ornare/consequat/lectus/in/est/risus.xml'),
(79698813291, 'agiral1d@istockphoto.com', 'Aurobindo Pharma Limited', 'https://zimbio.com/eros/viverra/eget.json'),
(68071917956, 'wfitzroy1e@desdev.cn', 'American Sales Company', 'http://yellowpages.com/integer/ac.jsp'),
(12084233773, 'bglancey1f@archive.org', 'Elizabeth Arden, Inc', 'https://ifeng.com/aenean/fermentum/donec.html'),
(49465531801, 'ifenwick1g@angelfire.com', 'Wakefern Food Corporation', 'http://google.it/amet/consectetuer/adipiscing/elit/proin/risus.xml'),
(19372803302, 'bmatchell1h@earthlink.net', 'Target Corporation', 'http://bizjournals.com/id/justo/sit/amet.jsp'),
(41040686395, 'rblasgen1i@themeforest.net', 'Dalan Kimya Endustri A.S.', 'https://wp.com/vivamus/tortor/duis.jpg'),
(77975019720, 'jstrafford1j@epa.gov', 'Wockhardt Limited', 'https://de.vu/nulla/justo.aspx'),
(81451362610, 'baltamirano1k@plala.or.jp', 'SHISEIDO AMERICA INC.', 'https://addtoany.com/fusce.xml'),
(89239191935, 'ccrich1l@prweb.com', 'PharmaDerm a division of Fougera Pharmaceuticals Inc.', 'https://paginegialle.it/nullam/porttitor/lacus/at/turpis/donec/posuere.png'),
(17600525308, 'rkamienski1m@woothemes.com', 'Sanum Kehlbeck GmbH & Co. KG', 'https://shareasale.com/ultrices/mattis/odio/donec/vitae/nisi/nam.jpg'),
(95854953595, 'lwherry1n@indiatimes.com', 'L Perrigo Company', 'http://artisteer.com/potenti/in/eleifend/quam/a.html'),
(77272956071, 'hsowle1o@cnbc.com', 'Publix Super Markets Inc', 'http://go.com/in/eleifend.json'),
(33569002568, 'legre1p@wikispaces.com', 'Sallus Laboratories, LLC', 'http://unblog.fr/sit/amet/nunc.js'),
(93995041209, 'gmongin1q@economist.com', 'Mylan Institutional LLC', 'https://odnoklassniki.ru/risus/praesent/lectus/vestibulum/quam.xml'),
(95358799545, 'resherwood1r@spotify.com', 'Uriel Pharmacy Inc.', 'https://ed.gov/dignissim/vestibulum/vestibulum.png'),
(98675986030, 'fbricknall1s@friendfeed.com', 'Walgreen Company', 'https://multiply.com/pede.json'),
(25419587687, 'wcayton1t@fotki.com', 'Living Well Remedies, LLC', 'http://eepurl.com/vivamus/vel/nulla/eget/eros/elementum/pellentesque.jsp'),
(28775090346, 'aturnock1u@squarespace.com', 'Nelco Laboratories, Inc.', 'http://cocolog-nifty.com/urna/pretium/nisl/ut.js'),
(97960996950, 'rkeggins1v@desdev.cn', 'KVK-TECH, INC.', 'http://google.co.uk/potenti/cras/in.html'),
(33730287731, 'cgilbane1w@narod.ru', 'Cardinal Health', 'http://is.gd/quis/orci.json'),
(39147335820, 'vbletcher1x@usgs.gov', 'Safetec of America, Inc.', 'http://themeforest.net/pede/posuere/nonummy/integer/non/velit/donec.json'),
(69215927705, 'hblackborough1y@sogou.com', 'Freds Inc', 'https://uiuc.edu/justo/sollicitudin/ut/suscipit.jpg'),
(17072575642, 'rkilkenny1z@foxnews.com', 'Rebel Distributors Corp', 'http://cargocollective.com/rhoncus/mauris/enim/leo.aspx'),
(39531298133, 'kfonteyne20@squidoo.com', 'Insight Pharmaceuticals', 'http://google.fr/suspendisse/accumsan/tortor/quis/turpis/sed/ante.js'),
(42824980381, 'skubica21@uiuc.edu', 'Paddock Laboratories, LLC', 'https://icq.com/mauris/eget/massa/tempor/convallis/nulla/neque.aspx'),
(21707731790, 'mgoodge22@ovh.net', 'Cardinal Health', 'https://harvard.edu/pede/morbi/porttitor/lorem.html'),
(70776662383, 'marton23@mapquest.com', 'YBK Investment, INC', 'https://surveymonkey.com/dictumst/maecenas.jpg'),
(42661401753, 'aclurow24@seattletimes.com', 'Watson Pharma, Inc.', 'https://soup.io/ligula/suspendisse.png'),
(43808795597, 'srivelon25@jigsy.com', 'ALK-Abello, Inc.', 'https://cmu.edu/quam/nec/dui.js'),
(82414310260, 'ggearty26@hostgator.com', 'Praxair Distribution Southeast LLC', 'http://bigcartel.com/lobortis/convallis/tortor.json'),
(20756701255, 'bferreras27@businesswire.com', 'Atlantic Biologicals Corps', 'http://github.com/rhoncus/dui/vel/sem/sed.jsp'),
(56736746320, 'ddwelley28@jalbum.net', 'Kimberly-Clark Corporation', 'https://nymag.com/nulla.jsp'),
(59914952930, 'nethridge29@smh.com.au', 'Kay Chemical Company', 'http://friendfeed.com/aliquam/erat/volutpat/in/congue/etiam/justo.aspx'),
(88339657934, 'gvasiltsov2a@ft.com', 'Sam''s West Inc', 'https://bizjournals.com/odio/porttitor.png'),
(60871455986, 'fjee2b@quantcast.com', 'Merix Pharmaceutical Corp.', 'http://nba.com/id/justo/sit/amet.jsp'),
(36316875182, 'ohattam2c@arstechnica.com', 'Matrixx Initiatives, Inc.', 'http://oakley.com/nec/molestie/sed/justo/pellentesque/viverra.aspx'),
(22012712537, 'kseaborn2d@bravesites.com', 'Nelco Laboratories, Inc.', 'http://va.gov/turpis/donec/posuere/metus/vitae/ipsum/aliquam.js'),
(35736555709, 'clambin2e@liveinternet.ru', 'BioActive Nutritional', 'https://fc2.com/condimentum/id.jsp'),
(34942890638, 'fshuttell2f@guardian.co.uk', 'HOMEOLAB USA INC', 'http://usda.gov/quam/sapien/varius/ut/blandit/non/interdum.jsp'),
(35585714916, 'gkinsey2g@nhs.uk', 'Elizabeth Arden, Inc', 'https://free.fr/elementum/pellentesque/quisque/porta/volutpat/erat/quisque.json'),
(38865771434, 'bfouracres2h@skype.com', 'Warner Chilcott (US), LLC', 'http://nps.gov/lacinia/sapien/quis/libero/nullam/sit.js'),
(56137144651, 'lbolin2i@senate.gov', 'American Health Packaging', 'https://digg.com/aliquet/at/feugiat/non/pretium.png'),
(79227841021, 'ddoblin2j@toplist.cz', 'King Bio Inc.', 'https://globo.com/eu/interdum/eu.jpg'),
(94385910582, 'fwitheford2k@booking.com', 'Antigen Laboratories, Inc.', 'https://free.fr/interdum.html'),
(21854097063, 'mmcsaul2l@phoca.cz', 'Apotheca Company', 'https://weather.com/tincidunt/lacus/at.aspx'),
(27388776584, 'ilithgow2m@webs.com', 'Mylan Institutional Inc.', 'https://geocities.jp/habitasse/platea.png'),
(90324392458, 'srobilliard2n@chronoengine.com', 'Aldi, Inc', 'http://google.de/donec/ut/mauris/eget/massa/tempor/convallis.jpg'),
(18769830893, 'mverheyden2o@census.gov', 'Zydus Pharmaceuticals (USA) Inc.', 'http://sakura.ne.jp/aliquam/non/mauris/morbi.xml'),
(55484506070, 'hwigmore2p@163.com', 'Family Dollar Services Inc.', 'https://blogspot.com/eleifend/pede/libero/quis/orci/nullam.jpg'),
(47222254320, 'drowatt2q@admin.ch', 'AstraZeneca Pharmaceuticals LP', 'https://walmart.com/ultrices/aliquet/maecenas/leo/odio/condimentum/id.jsp'),
(60112758754, 'acoultous2r@alibaba.com', 'Ventura Corporation LTD', 'http://seesaa.net/in.jsp');



insert into abbonati (id_account, id_canale, costoAbbonamento) values
('dleppingtonfc', 'smontgomeryu', 20),
('kmonanac', 'jkellie1b', 4),
('ahuebnermq', 'mmullett1q', 8),
('cchicchellif', 'ematen', 20),
('jlawling5g', 'hhawkswoodv', 4),
('amcnamarabi', 'rfanshawey', 8),
('bkerblernj', 'kquince3a', 8),
('rlifsey9w', 'ewaterdrinker1j', 4),
('mbasek4j', 'akeller3h', 8),
('tkimberly3x', 'proskelley23', 8),
('jdevalm9', 'csorensen10', 8),
('ldudmarsh6x', 'jgamlin1v', 20),
('amccluinpv', 'dparkhouse1', 20),
('chasloch73', 'pshelper25', 8),
('emcvaugh7y', 'dcoupland4', 4),
('aantoniqq', 'aderuel21', 4),
('jpresnailk6', 'dpawley3g', 20),
('ashewon7n', 'dmeasen2u', 4),
('mwindram5u', 'sshimmansa', 4),
('sshasnanz', 'jloving17', 4),
('ssnooks3a', 'breeken34', 20),
('apoulsen6e', 'lguite1i', 4),
('igartan47', 'ajanew1n', 20),
('llegercd', 'lvintonz', 20),
('gmccoidgz', 'hmarap', 4),
('mborreshr', 'njehan5', 8),
('cpimer2k', 'achalcraft2x', 4),
('sdavidzonh4', 'vbrownsey20', 20),
('acoldbatheay', 'aleuren15', 20),
('wfavellemo', 'hhawkswoodv', 8),
('mberresfordlp', 'fgladman1a', 8),
('jmathancr', 'jmorleyh', 20),
('cneildjd', 'ajanew1n', 20),
('mmcgarrierj', 'wcristofolini2s', 20),
('eblakden4e', 'mpardiej', 4),
('dladdlekw', 'eandrioli18', 8),
('lcatterilln9', 'lallnutt3b', 8),
('crobottom16', 'lallnutt3b', 8),
('atolcher4h', 'cbarten2n', 4),
('nasaafat', 'smontgomeryu', 20),
('bmatyukonmr', 'lallnutt3b', 4),
('ajohnrq', 'wcastiglio2j', 20),
('yaldie25', 'dlarwell16', 20),
('nbonham44', 'rbills1w', 4),
('gdingwall7d', 'jberney2o', 8),
('dkoppeck7u', 'jgamlin1v', 4),
('dmckelveyf8', 'jperham1x', 4),
('rwinsorpn', 'alafayette14', 4),
('sobispo7j', 'jloving17', 4),
('ggales24', 'zmatthews2v', 8),
('gcowillp0', 'ladds3i', 20),
('nswadenf4', 'ilucien1s', 20),
('dcastanone97', 'hsottell11', 8),
('hstaley9j', 'mcopnall2g', 4),
('dbourchierb4', 'bcuree3f', 8),
('chardendl', 'ematen', 4),
('ssimonnetnx', 'jmorleyh', 20),
('lgrassdo', 'mpardiej', 4),
('dwellsmanau', 'abennittt', 4),
('bguilaemli', 'mmullett1q', 4),
('kiwanowskia6', 'rhanburybrownl', 20),
('nstammlerg2', 'jkellie1b', 4),
('amcgriele1d', 'alafayette14', 20),
('cwharbyd5', 'evannikov2m', 4),
('kdyetnr', 'nbrent2c', 20),
('mshanksterg3', 'hlodewicki', 20),
('sshasnanz', 'rhanburybrownl', 8),
('lbrownseydr', 'aleuren15', 8),
('fcayzerju', 'yapdell13', 20),
('asharram5m', 'jmcgauhy35', 20),
('ldominicacciah', 'lallnutt3b', 4),
('lmendezl4', 'rtwaite1h', 8),
('hfryatt6s', 'sattack24', 20),
('fstone8g', 'emoorton1l', 20),
('dstandage9k', 'zfearns2f', 8),
('jbattleij', 'jberney2o', 8),
('arosenfield3y', 'lcarnilian1z', 4),
('fmaddrellcg', 'bpringer2b', 20),
('tbarca3q', 'mclaire2z', 8),
('cminifiea9', 'dedmondson1c', 8),
('vrivallantr', 'ksymingtong', 8),
('esiggskc', 'csorensen10', 20),
('cbryentong4', 'sshimmansa', 8),
('btutinjo', 'bpringer2b', 4),
('zstenettnk', 'fauburyd', 4),
('cpeyntue3p', 'mpardiej', 4),
('gtims7l', 'tloxdale1t', 20),
('wpeirpointn2', 'ewaterdrinker1j', 20),
('csobczakiv', 'ljuckes1g', 20),
('jmckeevers5v', 'mmullett1q', 4),
('dsoppfv', 'gtrounce19', 4),
('dkoppeck7u', 'cextilr', 8),
('lsturrgd', 'cheald2h', 20),
('celsley2x', 'lgocher27', 8),
('ghabden7q', 'dedmondson1c', 4),
('thadcroftmg', 'klapwood2l', 20),
('zbonas3g', 'smontgomeryu', 4),
('nfeymj', 'zdomengetw', 4),
('aportailhl', 'bspadazzis', 8),
('pjendrichk1', 'proskelley23', 8),
('bnorthcottm3', 'fkretschmer2i', 4),
('aellissen87', 'obailes1y', 4),
('swhettletondb', 'klapwood2l', 4),
('bmanleyr6', 'rstaveley32', 4),
('kdyetnr', 'ilucien1s', 20),
('lbolesma20', 'fapplegate7', 20),
('mvisco1m', 'dmeasen2u', 20),
('amacgillivriehh', 'tloxdale1t', 8),
('ssaturley9c', 'jmorleyh', 8),
('aklouzhj', 'mcopnall2g', 20),
('kspraberryeq', 'bcorona1r', 20),
('gmottleyon', 'bpringer2b', 8),
('ahuebnermq', 'pshelper25', 4),
('ldudmeshga', 'fdoxey38', 20),
('bminghetti3h', 'rrubbert1f', 4),
('etriggelx', 'aferreras2y', 8),
('slambotin3c', 'lallnutt3b', 4),
('harndtsenm5', 'zmatthews2v', 4),
('jbaldassi4z', 'zfearns2f', 4),
('darchleyqu', 'achalcraft2x', 4),
('jflaxonp4', 'lcarnilian1z', 20),
('dsheldonlk', 'rkreberf', 8),
('ssabeydw', 'jmcgauhy35', 8),
('dsergean2p', 'ycollism', 20),
('amcgriele1d', 'hlodewicki', 4),
('wnollet1n', 'sshimmansa', 4),
('ahuebnermq', 'jberney2o', 20),
('nkedge8p', 'fauburyd', 8),
('sbreemo0', 'bcorona1r', 8),
('eblakden4e', 'akeller3h', 8),
('nfeymj', 'obailes1y', 8),
('rparsonsond9', 'astroband29', 8),
('bgilleaseh0', 'cextilr', 4),
('mmaccostyepp', 'lcarnilian1z', 8),
('efallowes2h', 'jberney2o', 20),
('khousecraft3i', 'evannikov2m', 4),
('mstaitok', 'ycollism', 4),
('nkedge8p', 'jberney2o', 20),
('gthaine18', 'qolekhov3', 20),
('trainbow5t', 'fapplegate7', 8),
('ddoustq9', 'rholbarrow0', 20),
('wdionsettigo', 'csorensen10', 8),
('bfairbourneep', 'dpawley3g', 8),
('aklouzhj', 'kgarbutt3d', 8),
('cmandrake37', 'rrubbert1f', 20),
('pdurno3z', 'astroband29', 8),
('mshanksterg3', 'zfearns2f', 4),
('rrantoulpa', 'ljuckes1g', 4),
('ljohannesoc', 'ljuckes1g', 20),
('landreasenf6', 'tlealleo', 8),
('lmacmarcuislg', 'sfydo39', 20),
('hmolleneo', 'hhawkswoodv', 8),
('abearhamri', 'ksemper12', 20),
('etrodd60', 'jmcgauhy35', 20),
('fhebblewaiteik', 'fapplegate7', 8),
('minge3o', 'akilmurryb', 20),
('bborton1t', 'ksemper12', 4),
('kwallett82', 'kquince3a', 4),
('swhettletondb', 'qolekhov3', 4),
('nhowleyd6', 'zdomengetw', 4),
('pwoodheadlx', 'lgocher27', 4),
('eburr8', 'sfydo39', 4),
('nkedge8p', 'ljuckes1g', 20),
('tuttinghv', 'sisitte', 8),
('pkynettg8', 'lguite1i', 8),
('bheggeq2', 'evannikov2m', 8),
('rband2w', 'fapplegate7', 4),
('ekrolikrm', 'ycollism', 8),
('dspoerldk', 'hledeker2k', 4),
('oahrendsency', 'ljuckes1g', 8),
('aocainecw', 'hmarap', 8),
('cdalbeymd', 'rkreberf', 8),
('mcharity22', 'ljosephs33', 20),
('cbrolan9h', 'kquince3a', 20),
('zlintheadd8', 'ajanew1n', 8),
('ggildersleaves22', 'rkreberf', 20),
('dspoerldk', 'gtrounce19', 8),
('ddotterillqy', 'mclaire2z', 8),
('vphinnessypu', 'lcarnilian1z', 8),
('avolette33', 'jloving17', 4),
('kaizkovitchd2', 'wcristofolini2s', 8),
('bmanleyr6', 'jmcgauhy35', 4),
('rseftonc5', 'bcuree3f', 8),
('awoodhama8', 'samberc', 8),
('rguenyd0', 'wbraam1e', 4),
('lbiagionim', 'yapdell13', 8),
('jpellittqh', 'ljosephs33', 4),
('jcoverleyt', 'cpayn3j', 8),
('rflewittem', 'freadwood2w', 20),
('htankardmz', 'dpawley3g', 20),
('bmanleyr6', 'klapwood2l', 20),
('sgartshorec', 'fkretschmer2i', 4),
('sgillampg', 'aferreras2y', 4),
('ymoresbye1', 'smontgomeryu', 8),
('ccarrabot6n', 'tloxdale1t', 20),
('dmccarneyh7', 'vbrownsey20', 20),
('csobczakiv', 'rrubbert1f', 8),
('bfrancombepk', 'whollow1m', 8),
('mmurcotty', 'lguite1i', 20),
('sfloodgate7g', 'jmcgauhy35', 4),
('thadcroftmg', 'jbamb2r', 8),
('jfrudehy', 'fgladman1a', 4),
('mrissenjn', 'zmatthews2v', 8),
('jmckeevers5v', 'bcorona1r', 4),
('wegdalnu', 'mmullett1q', 4),
('cphelipeau3', 'cbarten2n', 4),
('mbolderstonelf', 'rfanshawey', 20),
('cbatte8e', 'bcorona1r', 8),
('rgarrisonqb', 'clanferx', 20),
('iguntera5', 'hmarap', 4),
('aflament8y', 'cwippermann1k', 4),
('wegdalnu', 'pgonthard22', 8),
('mmartynikhin91', 'frigbye2p', 20),
('jklimkovichq1', 'gtrounce19', 4),
('rgraeberhz', 'cextilr', 20),
('lallans5c', 'jmcgauhy35', 4),
('ncottage1e', 'zmatthews2v', 8),
('avolette33', 'pshelper25', 20),
('cgilsthorpeq7', 'emoorton1l', 4),
('cordemannn5', 'mpardiej', 20),
('hdunicanop', 'jmetzel1d', 4),
('mcoumbe9t', 'kgarbutt3d', 20),
('fbickerstaffa3', 'qolekhov3', 20),
('kjeannot69', 'agaskal2d', 20),
('dsheldonlk', 'eandrioli18', 8),
('cgatecliffe8x', 'jmcgauhy35', 8),
('jpresnailk6', 'dedmondson1c', 20),
('hmolleneo', 'aderuel21', 20),
('tpinyonao', 'ematen', 4),
('sbreemo0', 'hmarap', 20),
('rkaszperqd', 'bspadazzis', 20),
('mtiffini0', 'lvintonz', 20),
('jrudgera', 'clanferx', 8),
('lbrownseydr', 'dwince2e', 8),
('ghouldinjs', 'akilmurryb', 4),
('aseagood4f', 'dpawley3g', 4),
('bminghetti3h', 'rhallatt37', 8),
('jgoudge81', 'akeller3h', 4),
('ospreullj8', 'proskelley23', 20),
('cphelipeau3', 'rtetlow8', 20),
('slewsy1', 'ycollism', 20),
('dskehan4c', 'jmcgauhy35', 20),
('lyosselevitchr0', 'eandrioli18', 20),
('tpinyonao', 'ohallifax1o', 4),
('hwhitefoot5p', 'qdewsnap3c', 4),
('dsoans89', 'fbrewis30', 8),
('fbedleg', 'jkellie1b', 8),
('xmorrallee6q', 'ksemper12', 20),
('ndeegin78', 'hmarap', 20),
('lelgood3m', 'obailes1y', 4),
('apersehouseff', 'akilmurryb', 20),
('ddoustq9', 'ycollism', 8),
('jpellittqh', 'kcyster9', 8),
('sree3u', 'obailes1y', 4),
('ogabottidt', 'jperham1x', 4),
('ajanesba', 'proskelley23', 20),
('mshanksterg3', 'wcastiglio2j', 8),
('mgirogettiml', 'smontgomeryu', 8),
('ncottage1e', 'sridley28', 20),
('mborreshr', 'cwippermann1k', 8),
('lbarfieldeo', 'kgarbutt3d', 20),
('pdurno3z', 'agaskal2d', 20),
('ddoustq9', 'lguite1i', 20),
('jdismore27', 'jmorleyh', 4),
('dscarlane4', 'ljodlowski3e', 8),
('lpetriir', 'jkellie1b', 20),
('dcrickethd', 'evannikov2m', 20),
('lyoungeci', 'qdewsnap3c', 8),
('mmellerh1', 'whollow1m', 20),
('bturland6f', 'cpayn3j', 20),
('msandryn8', 'clanferx', 8),
('pnorveley', 'ljodlowski3e', 4),
('panderj5', 'freadwood2w', 8),
('fhopewellb8', 'lallnutt3b', 8),
('khuberyjb', 'qolekhov3', 8),
('sdrezzernb', 'proskelley23', 8),
('mclaeskensn6', 'cheald2h', 20),
('tjentonl2', 'eandrioli18', 4),
('bceaser13', 'zdomengetw', 8),
('hdunicanop', 'jgamlin1v', 20),
('amacgillivriehh', 'jmorleyh', 4),
('emcvaugh7y', 'dparkhouse1', 20),
('hpodburybv', 'kquince3a', 4),
('aellissen87', 'rriddiough36', 4),
('jbaldassi4z', 'aderuel21', 8),
('cgoldstrawkg', 'wcristofolini2s', 4),
('ostonallne', 'sfydo39', 20),
('zwarrnp', 'sridley28', 4),
('lbolesma20', 'fdoxey38', 8),
('bdawid3j', 'nfansy2t', 20),
('ngibbie5z', 'akeller3h', 8),
('islessern0', 'nbrent2c', 4),
('hpetrollodc', 'zmatthews2v', 20),
('bbarribalk', 'lgocher27', 8),
('bdunsmore5y', 'hhawkswoodv', 4),
('mchainey6k', 'kgarbutt3d', 20),
('jlawling5g', 'akeller3h', 4),
('conealie', 'mcopnall2g', 8),
('blofthouseka', 'yapdell13', 8),
('jklimkovichq1', 'ljuckes1g', 20);


insert into affiliazione (id_affiliazione, id_account, metodo_di_pagamento) values
(1, 'pkissock2k', 'americanexpress'),
(2, 'mtomaskunast', 'americanexpress'),
(3, 'jbellows1s', 'solo'),
(4, 'cflowitt4', 'maestro'),
(5, 'nperigoea', 'instapayment'),
(6, 'wcheer2d', 'jcb'),
(7, 'tedgerlyz', 'jcb'),
(8, 'adimitrijevic20', 'laser'),
(9, 'vcleyburn2r', 'jcb'),
(10, 'slequesne2l', 'jcb'),
(11, 'dparadinr', 'china-unionpay'),
(12, 'mtwohigd', 'visa-electron'),
(13, 'dkauffman2', 'solo'),
(14, 'etopling2d', 'mastercard'),
(15, 'smatzkaitis8', 'bankcard'),
(16, 'atalbyx', 'americanexpress'),
(17, 'hlasslett2j', 'mastercard'),
(18, 'wcain2o', 'jcb'),
(19, 'kcorse7', 'mastercard'),
(20, 'jnewis27', 'switch'),
(21, 'bmapholm28', 'bankcard'),
(22, 'cshaddock2l', 'switch'),
(23, 'sambrosettir', 'diners-club-enroute'),
(24, 'gstandeven1i', 'switch'),
(25, 'ajensen1l', 'jcb'),
(26, 'cflowitt4', 'americanexpress'),
(27, 'bpengelly1y', 'maestro'),
(28, 'abon1d', 'bankcard'),
(29, 'rdessento', 'visa-electron'),
(30, 'fguyton2h', 'instapayment'),
(31, 'wcheer2d', 'jcb'),
(32, 'bmapholm28', 'americanexpress'),
(33, 'etopling2d', 'diners-club-enroute'),
(34, 'cshaddock2l', 'jcb'),
(35, 'lbarhem1c', 'jcb'),
(36, 'ccastagneto1b', 'visa-electron'),
(37, 'jfennaf', 'jcb'),
(38, 'tpetrashov2i', 'jcb'),
(39, 'awilby2k', 'jcb'),
(40, 'tquillinane1u', 'jcb'),
(41, 'cshaddock2l', 'jcb'),
(42, 'bwhitelandq', 'switch'),
(43, 'atalbyx', 'mastercard'),
(44, 'bpierucci2c', 'visa-electron'),
(45, 'labercrombie1t', 'jcb'),
(46, 'ocowdrey1', 'diners-club-enroute'),
(47, 'abarens18', 'instapayment'),
(48, 'ocowdrey1', 'mastercard'),
(49, 'etopling2d', 'instapayment'),
(50, 'djacobi7', 'jcb'),
(51, 'pcohalank', 'china-unionpay'),
(52, 'vcleyburn2r', 'switch'),
(53, 'ckarlicekj', 'jcb'),
(54, 'ntrew15', 'maestro'),
(55, 'abarens18', 'jcb'),
(56, 'ocowdrey1', 'jcb'),
(57, 'dkensington2p', 'switch'),
(58, 'psyddalln', 'jcb'),
(59, 'mvanhaleny', 'jcb'),
(60, 'jpetronisb', 'switch'),
(61, 'dyurshev1l', 'americanexpress'),
(62, 'atabour22', 'americanexpress'),
(63, 'tharrop2b', 'jcb'),
(64, 'jbruckstein17', 'jcb'),
(65, 'fguyton2h', 'americanexpress'),
(66, 'jpetronisb', 'maestro'),
(67, 'tquillinane1u', 'switch'),
(68, 'jbruckstein17', 'maestro'),
(69, 'wgosker2q', 'diners-club-enroute'),
(70, 'lfrosch1p', 'jcb'),
(71, 'gstandeven1i', 'americanexpress'),
(72, 'jbruckstein17', 'mastercard'),
(73, 'tpetrashov2i', 'jcb'),
(74, 'osilverthorn1z', 'jcb'),
(75, 'aodoran2p', 'jcb'),
(76, 'awilby2k', 'jcb'),
(77, 'nmcconnell1y', 'diners-club-enroute'),
(78, 'tedgerlyz', 'jcb'),
(79, 'tclemesp', 'bankcard'),
(80, 'nwilmington1w', 'china-unionpay'),
(81, 'mtomaskunast', 'visa-electron'),
(82, 'wcheer2d', 'mastercard'),
(83, 'mfinicj6', 'diners-club-carte-blanche'),
(84, 'wjoney2f', 'jcb'),
(85, 'bmarial', 'jcb'),
(86, 'rledwidge0', 'jcb'),
(87, 'tharrop2b', 'americanexpress'),
(88, 'atalbyx', 'diners-club-carte-blanche'),
(89, 'eelwell21', 'jcb'),
(90, 'osilverthorn1z', 'diners-club-carte-blanche'),
(91, 'bshoebottom19', 'jcb'),
(92, 'hmcaviy1c', 'mastercard'),
(93, 'lgrinval23', 'jcb'),
(94, 'dshelmerdine1v', 'bankcard'),
(95, 'djacobi7', 'mastercard'),
(96, 'kcorse7', 'jcb'),
(97, 'progez16', 'americanexpress'),
(98, 'pkissock2k', 'visa-electron'),
(99, 'cgianettini2n', 'jcb'),
(100, 'gmccambrois1g', 'jcb'),
(101, 'nperigoea', 'americanexpress'),
(102, 'carmes12', 'visa'),
(103, 'atalbyx', 'mastercard'),
(104, 'ocowdrey1', 'jcb'),
(105, 'smatzkaitis8', 'mastercard'),
(106, 'mfinicj6', 'maestro'),
(107, 'wcheer2d', 'jcb'),
(108, 'ajensen1l', 'jcb'),
(109, 'ntrew15', 'jcb'),
(110, 'bshoebottom19', 'instapayment'),
(111, 'mmartygine', 'jcb'),
(112, 'mvanhaleny', 'diners-club-carte-blanche'),
(113, 'beadew', 'bankcard'),
(114, 'cshaddock2l', 'maestro'),
(115, 'nperigoea', 'jcb'),
(116, 'pkissock2k', 'jcb'),
(117, 'bmarial', 'diners-club-carte-blanche'),
(118, 'mshrigley3', 'diners-club-enroute'),
(119, 'akersting1z', 'diners-club-us-ca'),
(120, 'mfinicj6', 'diners-club-carte-blanche'),
(121, 'adimitrijevic20', 'jcb'),
(122, 'cflowitt4', 'jcb'),
(123, 'jnewis27', 'switch'),
(124, 'smatzkaitis8', 'maestro'),
(125, 'tclemesp', 'jcb'),
(126, 'mseabon17', 'maestro'),
(127, 'mseabon17', 'jcb'),
(128, 'bshoebottom19', 'americanexpress');

insert into categoria (id_categoria, nome) values
(1, 'HotTub'),
(2, 'Fortinte'),
(3, 'Fifa'),
(4, 'AssettoCorsa'),
(5, 'Minecraft'),
(6, 'Factorio'),
(7, 'Sport'),
(8, 'Elden Ring'),
(9, 'Apex Legend'),
(10, 'CounterStrike'),
(11, 'Valorant'),
(12, 'GtaV'),
(13, 'Dota2');

insert into diretta (id_diretta, id_canale, titolo, ora_inizio, categoria) values
(1, 'rkreberf', 'JBL', '20:47:59', 8),
(2, 'iredolfi1p', 'GNS3', '17:34:57', 3),
(3, 'breeken34', 'MTA', '19:13:27', 8),
(4, 'rholbarrow0', 'General Surgery', '5:24:06', 10),
(5, 'ksemper12', 'Contemporary Art', '12:14:01', 10),
(6, 'rriddiough36', 'Snooker', '16:29:17', 1),
(7, 'mclaire2z', '360 Feedback', '3:50:18', 9),
(8, 'kgarbutt3d', 'Venture Capital', '23:04:37', 10),
(9, 'ljuckes1g', 'White Papers', '18:47:56', 13),
(10, 'hhawkswoodv', 'Utilization Management', '7:16:59', 13),
(11, 'tloxdale1t', 'LTACH', '5:20:28', 7),
(12, 'ljuckes1g', 'PTLLS', '17:00:50', 6),
(13, 'aderuel21', 'Emotional Intelligence', '18:17:58', 4),
(14, 'csorensen10', 'Yield', '13:34:34', 6),
(15, 'lvintonz', 'Power Electronics', '18:24:55', 2),
(16, 'kgarbutt3d', 'Radio Promotions', '12:46:58', 3),
(17, 'bcorona1r', 'EGPRS', '14:57:03', 8),
(18, 'dpawley3g', 'LLQP', '21:07:04', 13),
(19, 'mlewknor26', 'LPS', '22:46:55', 7),
(20, 'akilmurryb', 'HSDPA', '20:41:54', 2),
(21, 'agaskal2d', 'Window Displays', '20:25:00', 11),
(22, 'nfansy2t', 'Aeronautics', '13:07:44', 6),
(23, 'hledeker2k', 'Human Capital Management', '4:19:22', 13),
(24, 'iredolfi1p', 'Venipuncture', '6:18:28', 11),
(25, 'zmatthews2v', 'Ghost Imaging', '6:50:36', 1),
(26, 'mcopnall2g', 'Aesthetics', '5:14:41', 2),
(27, 'rholbarrow0', 'MCSA', '16:34:35', 13),
(28, 'bcuree3f', 'Zoology', '16:49:34', 7),
(29, 'yapdell13', 'High Net Worth Individuals', '13:32:51', 5),
(30, 'ljosephs33', 'Wiring', '20:53:50', 7),
(31, 'mcopnall2g', 'Military Affairs', '9:11:34', 7),
(32, 'hledeker2k', 'Web Development', '23:50:12', 8),
(33, 'dpawley3g', 'Citrix', '21:47:05', 9),
(34, 'jkellie1b', 'FpML', '23:06:58', 10),
(35, 'cpayn3j', 'BGP', '2:52:30', 11),
(36, 'ladds3i', 'Two-phase Flow', '6:30:28', 2),
(37, 'hsottell11', 'ITIL', '2:49:07', 9),
(38, 'samberc', 'Czech', '1:23:23', 3),
(39, 'evannikov2m', 'Amadeus GDS', '9:48:39', 3),
(40, 'wcristofolini2s', 'RPG', '3:58:34', 1),
(41, 'pgonthard22', 'NVQs', '7:01:55', 8),
(42, 'vbrownsey20', 'Hardware', '12:59:00', 13),
(43, 'bspadazzis', 'Sleep Medicine', '11:49:06', 4),
(44, 'rtwaite1h', 'Early Childhood Literacy', '19:51:46', 6),
(45, 'iredolfi1p', 'IxChariot', '1:40:40', 6),
(46, 'ljuckes1g', 'Signal Processing', '19:32:10', 2),
(47, 'rkreberf', 'GIS Application', '13:26:21', 5),
(48, 'breeken34', 'Quantitative Finance', '4:35:32', 4),
(49, 'achalcraft2x', 'Long-term Customer Relationships', '21:52:24', 7),
(50, 'njehan5', 'BMP design', '8:30:52', 11),
(51, 'jmcgauhy35', 'VCT', '4:58:19', 11),
(52, 'lgocher27', 'Youth Outreach', '21:54:24', 12),
(53, 'rtwaite1h', 'Consumer Behaviour', '14:30:13', 1),
(54, 'zmatthews2v', 'CVaR', '9:30:14', 12),
(55, 'dpawley3g', 'Core FTP', '3:39:39', 4),
(56, 'ksymingtong', 'Production Planning', '16:40:26', 13),
(57, 'sfydo39', 'SX.enterprise', '17:02:07', 8),
(58, 'iredolfi1p', 'GMAT', '13:24:08', 6),
(59, 'gtrounce19', 'MSC Adams', '11:24:08', 7),
(60, 'fdoxey38', 'Behavior Based Safety', '6:10:47', 5),
(61, 'jloving17', 'RNP', '5:17:59', 4),
(62, 'kcyster9', 'Fashion Blogging', '4:06:09', 4),
(63, 'frigbye2p', 'SAP EWM', '3:13:38', 7),
(64, 'csorensen10', 'EH&amp;S Compliance', '8:34:58', 2),
(65, 'rhanburybrownl', 'Pyxis', '8:45:16', 5),
(66, 'hmarap', 'University Teaching', '19:01:42', 1),
(67, 'ajanew1n', 'JBPM', '18:15:14', 2),
(68, 'jgamlin1v', 'Business Intelligence Tools', '11:18:02', 3),
(69, 'bcuree3f', 'Tgrid', '9:12:21', 6),
(70, 'rrubbert1f', 'High Availability', '6:55:53', 13),
(71, 'akilmurryb', 'MQL4', '11:35:52', 9),
(72, 'ycollism', 'DGFT', '21:37:48', 4),
(73, 'bcorona1r', 'PKCS', '5:30:48', 11),
(74, 'evannikov2m', 'Nginx', '21:34:06', 6),
(75, 'rbills1w', 'Workshops', '19:06:23', 10),
(76, 'acicconek', 'UART', '6:38:57', 12),
(77, 'rkreberf', 'R&amp;TTE', '22:14:31', 8),
(78, 'arosone2q', 'PTC Creo', '7:47:40', 9),
(79, 'ladds3i', 'Technical Recruiting', '3:47:58', 5),
(80, 'fkretschmer2i', 'Awk', '17:54:36', 1),
(81, 'klapwood2l', 'Dog Training', '21:15:08', 6),
(82, 'klapwood2l', 'Wedding Photography', '4:32:16', 11),
(83, 'sfydo39', 'CCTV', '7:42:20', 6),
(84, 'hhawkswoodv', 'AutoCAD Civil 3D', '20:56:05', 2),
(85, 'acicconek', 'Pyrolysis', '2:41:46', 9),
(86, 'bspadazzis', 'Aquatic Therapy', '0:05:03', 6),
(87, 'kgarbutt3d', 'Pensions', '18:43:15', 2),
(88, 'rtetlow8', 'Translation', '2:40:43', 8),
(89, 'fgladman1a', 'Krav Maga', '2:04:46', 4),
(90, 'dpawley3g', 'Botany', '14:16:23', 10),
(91, 'mlewknor26', 'Zotero', '22:45:43', 6),
(92, 'rkreberf', 'International Shipping', '4:41:51', 2),
(93, 'sridley28', 'WebLogic', '1:43:54', 1),
(94, 'cwippermann1k', 'DSM-IV', '18:21:18', 1),
(95, 'jgamlin1v', 'JD Edwards', '11:52:04', 3),
(96, 'freadwood2w', 'FPS', '20:01:52', 4),
(97, 'dcoupland4', 'GFI', '23:53:33', 5),
(98, 'tlealleo', 'wxWidgets', '8:44:07', 10),
(99, 'rtetlow8', 'TSO', '20:28:52', 9),
(100, 'lcarnilian1z', 'Carriage of Goods by Sea', '18:50:53', 13);


insert into clip (id_clip, id_canale, titolo, durata, file_loc, id_account) values
(1, 'fkretschmer2i', 'Vagram', 103, 'http://dummyimage.com/206x100.png/dddddd/000000', 'acasado30'),
(2, 'lvintonz', 'Aerified', 131, 'http://dummyimage.com/123x100.png/5fa2dd/ffffff', 'rsprittih'),
(3, 'rriddiough36', 'Bamity', 190, 'http://dummyimage.com/165x100.png/cc0000/ffffff', 'apore'),
(4, 'jgamlin1v', 'Cardguard', 29, 'http://dummyimage.com/218x100.png/5fa2dd/ffffff', 'blofthouseka'),
(5, 'sfydo39', 'Cardify', 73, 'http://dummyimage.com/119x100.png/dddddd/000000', 'xkuhleql'),
(6, 'sattack24', 'Span', 150, 'http://dummyimage.com/149x100.png/dddddd/000000', 'tjimmes4o'),
(7, 'dlarwell16', 'Tempsoft', 139, 'http://dummyimage.com/116x100.png/5fa2dd/ffffff', 'pvasilik8z'),
(8, 'ksemper12', 'Home Ing', 92, 'http://dummyimage.com/133x100.png/dddddd/000000', 'sjerrand4i'),
(9, 'rstaveley32', 'Alphazap', 145, 'http://dummyimage.com/171x100.png/ff4444/ffffff', 'bguilaemli'),
(10, 'jmorleyh', 'Voltsillam', 171, 'http://dummyimage.com/138x100.png/ff4444/ffffff', 'mhilldrupn3'),
(11, 'evannikov2m', 'Alpha', 159, 'http://dummyimage.com/141x100.png/5fa2dd/ffffff', 'jvaunke'),
(12, 'pshelper25', 'Cardguard', 51, 'http://dummyimage.com/108x100.png/cc0000/ffffff', 'sgartshorec'),
(13, 'qdewsnap3c', 'Zathin', 133, 'http://dummyimage.com/176x100.png/cc0000/ffffff', 'dfullicklc'),
(14, 'rkreberf', 'Otcom', 120, 'http://dummyimage.com/171x100.png/ff4444/ffffff', 'cgoldstrawkg'),
(15, 'kgarbutt3d', 'Alphazap', 26, 'http://dummyimage.com/234x100.png/5fa2dd/ffffff', 'aplankch'),
(16, 'jberney2o', 'Y-Solowarm', 198, 'http://dummyimage.com/179x100.png/cc0000/ffffff', 'cpockepo'),
(17, 'zreichardt6', 'Stronghold', 250, 'http://dummyimage.com/196x100.png/dddddd/000000', 'apoulsen6e'),
(18, 'dlarwell16', 'Cardify', 167, 'http://dummyimage.com/214x100.png/ff4444/ffffff', 'bgeoghegano7'),
(19, 'sridley28', 'Y-find', 246, 'http://dummyimage.com/137x100.png/ff4444/ffffff', 'bwilkie46'),
(20, 'gtrounce19', 'Flexidy', 84, 'http://dummyimage.com/205x100.png/cc0000/ffffff', 'cfaltskogr5'),
(21, 'emoorton1l', 'Trippledex', 299, 'http://dummyimage.com/195x100.png/ff4444/ffffff', 'vbrimblecombef9'),
(22, 'jberney2o', 'Greenlam', 79, 'http://dummyimage.com/233x100.png/dddddd/000000', 'fadlington28'),
(23, 'smontgomeryu', 'Holdlamis', 254, 'http://dummyimage.com/201x100.png/5fa2dd/ffffff', 'mmewisjl'),
(24, 'zreichardt6', 'Flowdesk', 167, 'http://dummyimage.com/231x100.png/ff4444/ffffff', 'lyakushkevc7'),
(25, 'fauburyd', 'Toughjoyfax', 65, 'http://dummyimage.com/162x100.png/dddddd/000000', 'gdingwall7d'),
(26, 'ycollism', 'Mat Lam Tam', 281, 'http://dummyimage.com/181x100.png/dddddd/000000', 'dpedrickm1'),
(27, 'aferreras2y', 'Job', 110, 'http://dummyimage.com/100x100.png/dddddd/000000', 'wgibbinsgj'),
(28, 'sisitte', 'Trippledex', 261, 'http://dummyimage.com/193x100.png/5fa2dd/ffffff', 'gmclenahangh'),
(29, 'aferreras2y', 'Flowdesk', 59, 'http://dummyimage.com/231x100.png/cc0000/ffffff', 'ugingeraq'),
(30, 'lcarnilian1z', 'Hatity', 163, 'http://dummyimage.com/226x100.png/5fa2dd/ffffff', 'dquantrill1a'),
(31, 'clanferx', 'Otcom', 286, 'http://dummyimage.com/114x100.png/cc0000/ffffff', 'npanchenes'),
(32, 'smontgomeryu', 'Sonsing', 37, 'http://dummyimage.com/139x100.png/5fa2dd/ffffff', 'jyellowley9q'),
(33, 'jgamlin1v', 'Kanlam', 224, 'http://dummyimage.com/226x100.png/dddddd/000000', 'ggwilyme9'),
(34, 'dlarwell16', 'Tempsoft', 92, 'http://dummyimage.com/221x100.png/dddddd/000000', 'hvidineev6d'),
(35, 'acicconek', 'Vagram', 260, 'http://dummyimage.com/192x100.png/cc0000/ffffff', 'lcampanelli1s'),
(36, 'ilucien1s', 'Tampflex', 267, 'http://dummyimage.com/138x100.png/dddddd/000000', 'bmccleandn'),
(37, 'tloxdale1t', 'Namfix', 103, 'http://dummyimage.com/201x100.png/5fa2dd/ffffff', 'mloosemore8l'),
(38, 'dlarwell16', 'Voltsillam', 64, 'http://dummyimage.com/147x100.png/dddddd/000000', 'emckimmby'),
(39, 'ljosephs33', 'Tres-Zap', 128, 'http://dummyimage.com/222x100.png/cc0000/ffffff', 'ppasfield4k'),
(40, 'fgladman1a', 'Keylex', 195, 'http://dummyimage.com/222x100.png/5fa2dd/ffffff', 'kmonanac'),
(41, 'cheald2h', 'Gembucket', 219, 'http://dummyimage.com/132x100.png/5fa2dd/ffffff', 'csoaperqc'),
(42, 'eandrioli18', 'Keylex', 207, 'http://dummyimage.com/148x100.png/5fa2dd/ffffff', 'bcrankea1'),
(43, 'kgarbutt3d', 'Sonair', 167, 'http://dummyimage.com/211x100.png/ff4444/ffffff', 'ugingeraq'),
(44, 'frigbye2p', 'Cardify', 24, 'http://dummyimage.com/246x100.png/ff4444/ffffff', 'kllewhellinqj'),
(45, 'breeken34', 'Bitwolf', 32, 'http://dummyimage.com/239x100.png/dddddd/000000', 'lvonwellduneu'),
(46, 'ewaterdrinker1j', 'Prodder', 265, 'http://dummyimage.com/191x100.png/dddddd/000000', 'eferenczyin'),
(47, 'njehan5', 'Quo Lux', 141, 'http://dummyimage.com/161x100.png/cc0000/ffffff', 'vcaizley9l'),
(48, 'sshimmansa', 'Ronstring', 191, 'http://dummyimage.com/105x100.png/ff4444/ffffff', 'abizleynz'),
(49, 'rhanburybrownl', 'Fintone', 282, 'http://dummyimage.com/183x100.png/5fa2dd/ffffff', 'ncoulstonqf'),
(50, 'jbamb2r', 'Treeflex', 177, 'http://dummyimage.com/203x100.png/5fa2dd/ffffff', 'ndaughtryu'),
(51, 'frigbye2p', 'Home Ing', 218, 'http://dummyimage.com/180x100.png/cc0000/ffffff', 'kdalgarnowch99'),
(52, 'bcorona1r', 'Matsoft', 262, 'http://dummyimage.com/107x100.png/ff4444/ffffff', 'bkerblernj'),
(53, 'hhawkswoodv', 'Matsoft', 239, 'http://dummyimage.com/206x100.png/cc0000/ffffff', 'aladewig5q'),
(54, 'rstaveley32', 'Y-find', 287, 'http://dummyimage.com/114x100.png/dddddd/000000', 'blindemannor'),
(55, 'rhanburybrownl', 'Flexidy', 262, 'http://dummyimage.com/184x100.png/dddddd/000000', 'ncolten9d'),
(56, 'hlodewicki', 'Greenlam', 118, 'http://dummyimage.com/197x100.png/ff4444/ffffff', 'mlambirdc8'),
(57, 'gtrounce19', 'Matsoft', 148, 'http://dummyimage.com/247x100.png/cc0000/ffffff', 'landreasenf6'),
(58, 'smontgomeryu', 'Andalax', 84, 'http://dummyimage.com/239x100.png/ff4444/ffffff', 'cluttger2m'),
(59, 'mperassi2', 'Job', 20, 'http://dummyimage.com/124x100.png/ff4444/ffffff', 'kbramhillhk'),
(60, 'rhallatt37', 'Sonsing', 69, 'http://dummyimage.com/166x100.png/dddddd/000000', 'tscimonellif0'),
(61, 'jmorleyh', 'Temp', 205, 'http://dummyimage.com/155x100.png/dddddd/000000', 'ltipensbn'),
(62, 'emoorton1l', 'Voyatouch', 93, 'http://dummyimage.com/245x100.png/5fa2dd/ffffff', 'rbeginl7'),
(63, 'tloxdale1t', 'Job', 171, 'http://dummyimage.com/116x100.png/dddddd/000000', 'ajanesba'),
(64, 'hmarap', 'Tin', 278, 'http://dummyimage.com/229x100.png/dddddd/000000', 'ksedgefieldk5'),
(65, 'jbamb2r', 'Opela', 294, 'http://dummyimage.com/195x100.png/5fa2dd/ffffff', 'cmicklewiczi6'),
(66, 'nbrent2c', 'Holdlamis', 293, 'http://dummyimage.com/121x100.png/dddddd/000000', 'eabbays'),
(67, 'ksemper12', 'Ventosanzap', 222, 'http://dummyimage.com/240x100.png/5fa2dd/ffffff', 'rrantoulpa'),
(68, 'proskelley23', 'Home Ing', 281, 'http://dummyimage.com/139x100.png/ff4444/ffffff', 'nraogq'),
(69, 'lgocher27', 'Viva', 176, 'http://dummyimage.com/160x100.png/5fa2dd/ffffff', 'smattedief'),
(70, 'tloxdale1t', 'Overhold', 224, 'http://dummyimage.com/161x100.png/ff4444/ffffff', 'krohmerhw'),
(71, 'ajanew1n', 'Zoolab', 214, 'http://dummyimage.com/156x100.png/dddddd/000000', 'jbennitt5i'),
(72, 'jgamlin1v', 'Matsoft', 168, 'http://dummyimage.com/161x100.png/5fa2dd/ffffff', 'gscopesly'),
(73, 'cextilr', 'Pannier', 110, 'http://dummyimage.com/161x100.png/ff4444/ffffff', 'mdeglanville9b'),
(74, 'lvintonz', 'Lotlux', 138, 'http://dummyimage.com/226x100.png/5fa2dd/ffffff', 'fdegoweo6'),
(75, 'fkretschmer2i', 'Keylex', 15, 'http://dummyimage.com/126x100.png/cc0000/ffffff', 'tgeeraert7h'),
(76, 'zmatthews2v', 'Zaam-Dox', 266, 'http://dummyimage.com/110x100.png/cc0000/ffffff', 'mallnutt2q'),
(77, 'hledeker2k', 'Tin', 162, 'http://dummyimage.com/157x100.png/5fa2dd/ffffff', 'cchicchellif'),
(78, 'tlealleo', 'Voltsillam', 125, 'http://dummyimage.com/108x100.png/ff4444/ffffff', 'ndeegin78'),
(79, 'ddraisey1u', 'Tres-Zap', 290, 'http://dummyimage.com/123x100.png/5fa2dd/ffffff', 'asole5o'),
(80, 'dpawley3g', 'Wrapsafe', 105, 'http://dummyimage.com/141x100.png/ff4444/ffffff', 'mellaman3f'),
(81, 'kgarbutt3d', 'Zamit', 76, 'http://dummyimage.com/120x100.png/ff4444/ffffff', 'ospreullj8'),
(82, 'lcarnilian1z', 'Zamit', 88, 'http://dummyimage.com/179x100.png/ff4444/ffffff', 'dpossek84'),
(83, 'aferreras2y', 'Lotlux', 100, 'http://dummyimage.com/172x100.png/5fa2dd/ffffff', 'fscanterburykh'),
(84, 'dwince2e', 'Overhold', 158, 'http://dummyimage.com/245x100.png/dddddd/000000', 'sobispo7j'),
(85, 'bcuree3f', 'Zathin', 78, 'http://dummyimage.com/210x100.png/ff4444/ffffff', 'tmorkhamm'),
(86, 'qdewsnap3c', 'Quo Lux', 227, 'http://dummyimage.com/113x100.png/cc0000/ffffff', 'snarrawayed'),
(87, 'dedmondson1c', 'Quo Lux', 33, 'http://dummyimage.com/207x100.png/cc0000/ffffff', 'tedmeadai'),
(88, 'ksemper12', 'Rank', 52, 'http://dummyimage.com/139x100.png/dddddd/000000', 'wmatchett9f'),
(89, 'eandrioli18', 'Asoka', 203, 'http://dummyimage.com/194x100.png/5fa2dd/ffffff', 'hmacconaghygc'),
(90, 'dlarwell16', 'Stim', 186, 'http://dummyimage.com/241x100.png/dddddd/000000', 'atolcher4h'),
(91, 'cwippermann1k', 'Cookley', 30, 'http://dummyimage.com/208x100.png/cc0000/ffffff', 'rferencziqe'),
(92, 'wcastiglio2j', 'Konklab', 247, 'http://dummyimage.com/179x100.png/dddddd/000000', 'lmallyay'),
(93, 'lguite1i', 'Flexidy', 228, 'http://dummyimage.com/104x100.png/ff4444/ffffff', 'vwarhammb'),
(94, 'hhawkswoodv', 'Stronghold', 135, 'http://dummyimage.com/225x100.png/dddddd/000000', 'dcorryil'),
(95, 'akeller3h', 'Bamity', 93, 'http://dummyimage.com/192x100.png/cc0000/ffffff', 'ejoplinqp'),
(96, 'astroband29', 'Veribet', 293, 'http://dummyimage.com/175x100.png/dddddd/000000', 'mmcgauhy2n'),
(97, 'abennittt', 'Rank', 211, 'http://dummyimage.com/115x100.png/dddddd/000000', 'ehalheadk7'),
(98, 'cwippermann1k', 'Otcom', 228, 'http://dummyimage.com/130x100.png/ff4444/ffffff', 'rcadigankn'),
(99, 'fgladman1a', 'Biodex', 41, 'http://dummyimage.com/206x100.png/dddddd/000000', 'lschlagman36'),
(100, 'clanferx', 'Mat Lam Tam', 85, 'http://dummyimage.com/249x100.png/ff4444/ffffff', 'tuttinghv'),
(101, 'ljuckes1g', 'Bitwolf', 97, 'http://dummyimage.com/130x100.png/ff4444/ffffff', 'wmeindl4l'),
(102, 'ksymingtong', 'Mat Lam Tam', 198, 'http://dummyimage.com/140x100.png/cc0000/ffffff', 'fsalzenqw'),
(103, 'jmcgauhy35', 'Viva', 191, 'http://dummyimage.com/244x100.png/5fa2dd/ffffff', 'smattedief'),
(104, 'wbraam1e', 'Alpha', 214, 'http://dummyimage.com/114x100.png/dddddd/000000', 'lbarckefg'),
(105, 'jmcgauhy35', 'Sonsing', 189, 'http://dummyimage.com/108x100.png/cc0000/ffffff', 'zcarriganjz'),
(106, 'lvintonz', 'Cardify', 271, 'http://dummyimage.com/159x100.png/cc0000/ffffff', 'deastlakebm'),
(107, 'njehan5', 'Pannier', 241, 'http://dummyimage.com/180x100.png/ff4444/ffffff', 'apoulsen6e'),
(108, 'jmetzel1d', 'Overhold', 206, 'http://dummyimage.com/193x100.png/cc0000/ffffff', 'ealfuso9g'),
(109, 'aferreras2y', 'Tempsoft', 244, 'http://dummyimage.com/161x100.png/cc0000/ffffff', 'cstobbs4m'),
(110, 'kgarbutt3d', 'Quo Lux', 22, 'http://dummyimage.com/218x100.png/5fa2dd/ffffff', 'hbullockeek'),
(111, 'fauburyd', 'Stim', 217, 'http://dummyimage.com/239x100.png/ff4444/ffffff', 'gmaccijj'),
(112, 'samberc', 'Vagram', 120, 'http://dummyimage.com/247x100.png/dddddd/000000', 'hedmand8t'),
(113, 'sridley28', 'Lotlux', 107, 'http://dummyimage.com/215x100.png/dddddd/000000', 'jtyler6u'),
(114, 'wcastiglio2j', 'Namfix', 110, 'http://dummyimage.com/234x100.png/ff4444/ffffff', 'ahagguso1'),
(115, 'zreichardt6', 'Sub-Ex', 48, 'http://dummyimage.com/222x100.png/5fa2dd/ffffff', 'nkedge8p'),
(116, 'lguite1i', 'Cardify', 247, 'http://dummyimage.com/234x100.png/cc0000/ffffff', 'dbourchierb4'),
(117, 'aderuel21', 'Sonair', 269, 'http://dummyimage.com/124x100.png/cc0000/ffffff', 'pziemen9p'),
(118, 'cbarten2n', 'Overhold', 187, 'http://dummyimage.com/223x100.png/ff4444/ffffff', 'nswadenf4'),
(119, 'astroband29', 'Redhold', 85, 'http://dummyimage.com/218x100.png/dddddd/000000', 'cluttger2m'),
(120, 'rriddiough36', 'Flexidy', 281, 'http://dummyimage.com/215x100.png/dddddd/000000', 'lpedlowp5'),
(121, 'eandrioli18', 'Cardify', 240, 'http://dummyimage.com/187x100.png/dddddd/000000', 'cbartlettm4'),
(122, 'qdewsnap3c', 'Y-Solowarm', 235, 'http://dummyimage.com/165x100.png/ff4444/ffffff', 'mlamburne7t'),
(123, 'jloving17', 'Cardguard', 290, 'http://dummyimage.com/146x100.png/ff4444/ffffff', 'mmewisjl'),
(124, 'ksymingtong', 'Tampflex', 195, 'http://dummyimage.com/131x100.png/dddddd/000000', 'tyaneevj4'),
(125, 'hlodewicki', 'Span', 161, 'http://dummyimage.com/199x100.png/cc0000/ffffff', 'emcvaugh7y'),
(126, 'hledeker2k', 'Duobam', 51, 'http://dummyimage.com/192x100.png/cc0000/ffffff', 'aflament8y'),
(127, 'emoorton1l', 'Andalax', 182, 'http://dummyimage.com/229x100.png/dddddd/000000', 'cmandrake37'),
(128, 'whollow1m', 'Domainer', 28, 'http://dummyimage.com/168x100.png/cc0000/ffffff', 'acasado30'),
(129, 'rrubbert1f', 'Stringtough', 52, 'http://dummyimage.com/171x100.png/dddddd/000000', 'aklouzhj'),
(130, 'rrubbert1f', 'Fixflex', 189, 'http://dummyimage.com/189x100.png/5fa2dd/ffffff', 'rdorosariocx'),
(131, 'ksymingtong', 'Stim', 33, 'http://dummyimage.com/216x100.png/ff4444/ffffff', 'dvize7a'),
(132, 'kcyster9', 'Alpha', 87, 'http://dummyimage.com/102x100.png/dddddd/000000', 'cfrancom5x'),
(133, 'akilmurryb', 'Bitwolf', 275, 'http://dummyimage.com/131x100.png/dddddd/000000', 'lpedlowp5'),
(134, 'jmorleyh', 'Flexidy', 249, 'http://dummyimage.com/104x100.png/cc0000/ffffff', 'ktheakstondi'),
(135, 'fapplegate7', 'Konklab', 153, 'http://dummyimage.com/129x100.png/dddddd/000000', 'zgrimditch2j'),
(136, 'ljodlowski3e', 'Konklab', 120, 'http://dummyimage.com/203x100.png/ff4444/ffffff', 'tpinyonao'),
(137, 'ajanew1n', 'Otcom', 237, 'http://dummyimage.com/137x100.png/cc0000/ffffff', 'ksedgefieldk5'),
(138, 'rtetlow8', 'Mat Lam Tam', 244, 'http://dummyimage.com/107x100.png/dddddd/000000', 'trainbow5t'),
(139, 'cextilr', 'Mat Lam Tam', 96, 'http://dummyimage.com/208x100.png/dddddd/000000', 'gkilroype'),
(140, 'tloxdale1t', 'Voyatouch', 255, 'http://dummyimage.com/163x100.png/cc0000/ffffff', 'mpohlskq'),
(141, 'lluna31', 'Solarbreeze', 158, 'http://dummyimage.com/142x100.png/cc0000/ffffff', 'rguenyd0'),
(142, 'samberc', 'Sonsing', 26, 'http://dummyimage.com/233x100.png/cc0000/ffffff', 'acasado30'),
(143, 'kgarbutt3d', 'Flowdesk', 132, 'http://dummyimage.com/106x100.png/dddddd/000000', 'ctwyningd3'),
(144, 'hledeker2k', 'Voltsillam', 185, 'http://dummyimage.com/129x100.png/dddddd/000000', 'myaxley3k'),
(145, 'zfearns2f', 'Fix San', 175, 'http://dummyimage.com/110x100.png/5fa2dd/ffffff', 'whawsonnf'),
(146, 'ksymingtong', 'Viva', 33, 'http://dummyimage.com/190x100.png/ff4444/ffffff', 'csheridanod'),
(147, 'sisitte', 'Zaam-Dox', 105, 'http://dummyimage.com/163x100.png/cc0000/ffffff', 'rbeernt8a'),
(148, 'dlarwell16', 'Cardguard', 130, 'http://dummyimage.com/242x100.png/dddddd/000000', 'nstammlerg2'),
(149, 'wcristofolini2s', 'Fixflex', 32, 'http://dummyimage.com/234x100.png/ff4444/ffffff', 'mgirogettiml'),
(150, 'acicconek', 'Cardify', 95, 'http://dummyimage.com/196x100.png/cc0000/ffffff', 'shenriquetlo'),
(151, 'qdewsnap3c', 'Aerified', 244, 'http://dummyimage.com/174x100.png/ff4444/ffffff', 'kdalgarnowch99'),
(152, 'sisitte', 'Zamit', 20, 'http://dummyimage.com/248x100.png/dddddd/000000', 'jdehmell'),
(153, 'rholbarrow0', 'Solarbreeze', 265, 'http://dummyimage.com/189x100.png/dddddd/000000', 'hstaley9j'),
(154, 'proskelley23', 'Lotstring', 173, 'http://dummyimage.com/166x100.png/ff4444/ffffff', 'jsannescl'),
(155, 'ljosephs33', 'Y-Solowarm', 222, 'http://dummyimage.com/141x100.png/cc0000/ffffff', 'abidgodo9'),
(156, 'smontgomeryu', 'Kanlam', 259, 'http://dummyimage.com/249x100.png/5fa2dd/ffffff', 'smaclennangb'),
(157, 'rhanburybrownl', 'Redhold', 253, 'http://dummyimage.com/208x100.png/ff4444/ffffff', 'jsannescl'),
(158, 'qolekhov3', 'Regrant', 32, 'http://dummyimage.com/100x100.png/ff4444/ffffff', 'cproudler1f'),
(159, 'jperham1x', 'Y-Solowarm', 136, 'http://dummyimage.com/114x100.png/5fa2dd/ffffff', 'harndtsenm5'),
(160, 'iredolfi1p', 'Latlux', 64, 'http://dummyimage.com/143x100.png/dddddd/000000', 'sdewickl1'),
(161, 'gtrounce19', 'Toughjoyfax', 49, 'http://dummyimage.com/245x100.png/ff4444/ffffff', 'jverteyh'),
(162, 'emoorton1l', 'Stim', 201, 'http://dummyimage.com/168x100.png/ff4444/ffffff', 'gtukelyrk'),
(163, 'qolekhov3', 'Trippledex', 248, 'http://dummyimage.com/157x100.png/cc0000/ffffff', 'cwayman6z'),
(164, 'njehan5', 'Alpha', 69, 'http://dummyimage.com/170x100.png/ff4444/ffffff', 'jdarwenma'),
(165, 'lgocher27', 'Alphazap', 272, 'http://dummyimage.com/100x100.png/ff4444/ffffff', 'cminifiea9'),
(166, 'zmatthews2v', 'Lotlux', 54, 'http://dummyimage.com/204x100.png/5fa2dd/ffffff', 'ugingeraq'),
(167, 'lguite1i', 'Vagram', 190, 'http://dummyimage.com/188x100.png/cc0000/ffffff', 'mjerdeinoq'),
(168, 'mpardiej', 'Tempsoft', 135, 'http://dummyimage.com/247x100.png/5fa2dd/ffffff', 'ebaert5j'),
(169, 'acicconek', 'Stim', 51, 'http://dummyimage.com/146x100.png/cc0000/ffffff', 'pbartalinrc'),
(170, 'achalcraft2x', 'Transcof', 34, 'http://dummyimage.com/196x100.png/cc0000/ffffff', 'apore'),
(171, 'pgonthard22', 'Ronstring', 246, 'http://dummyimage.com/189x100.png/ff4444/ffffff', 'bmostenmu'),
(172, 'mpardiej', 'Job', 239, 'http://dummyimage.com/166x100.png/cc0000/ffffff', 'cpeyntue3p'),
(173, 'breeken34', 'Bytecard', 115, 'http://dummyimage.com/238x100.png/ff4444/ffffff', 'wmeindl4l'),
(174, 'bshortland2a', 'Kanlam', 171, 'http://dummyimage.com/100x100.png/dddddd/000000', 'cproudler1f'),
(175, 'ewaterdrinker1j', 'Home Ing', 165, 'http://dummyimage.com/249x100.png/cc0000/ffffff', 'cgoldbournu'),
(176, 'rbills1w', 'Greenlam', 28, 'http://dummyimage.com/219x100.png/dddddd/000000', 'hsmitheqn'),
(177, 'ddraisey1u', 'Biodex', 111, 'http://dummyimage.com/186x100.png/cc0000/ffffff', 'wsamettl6'),
(178, 'fgladman1a', 'Cookley', 79, 'http://dummyimage.com/226x100.png/ff4444/ffffff', 'dladdlekw'),
(179, 'whollow1m', 'Flexidy', 289, 'http://dummyimage.com/237x100.png/cc0000/ffffff', 'dwellsmanau'),
(180, 'csorensen10', 'Veribet', 255, 'http://dummyimage.com/244x100.png/ff4444/ffffff', 'vcastellki'),
(181, 'ljosephs33', 'Alphazap', 69, 'http://dummyimage.com/137x100.png/ff4444/ffffff', 'ebendon49'),
(182, 'ksemper12', 'Wrapsafe', 187, 'http://dummyimage.com/108x100.png/cc0000/ffffff', 'ppruce7s'),
(183, 'emoorton1l', 'Quo Lux', 283, 'http://dummyimage.com/145x100.png/cc0000/ffffff', 'ckaasc0'),
(184, 'cheald2h', 'Trippledex', 124, 'http://dummyimage.com/105x100.png/5fa2dd/ffffff', 'bhellis2n'),
(185, 'jgamlin1v', 'Aerified', 293, 'http://dummyimage.com/188x100.png/cc0000/ffffff', 'epetriw'),
(186, 'rriddiough36', 'It', 287, 'http://dummyimage.com/245x100.png/5fa2dd/ffffff', 'valcido8i'),
(187, 'qdewsnap3c', 'Pannier', 285, 'http://dummyimage.com/100x100.png/5fa2dd/ffffff', 'ipymnm'),
(188, 'iredolfi1p', 'Voltsillam', 246, 'http://dummyimage.com/166x100.png/ff4444/ffffff', 'rguenyd0'),
(189, 'frigbye2p', 'Flowdesk', 291, 'http://dummyimage.com/130x100.png/ff4444/ffffff', 'bforseycn'),
(190, 'wcastiglio2j', 'Alpha', 185, 'http://dummyimage.com/216x100.png/5fa2dd/ffffff', 'rdorosariocx'),
(191, 'rstaveley32', 'Viva', 266, 'http://dummyimage.com/226x100.png/5fa2dd/ffffff', 'ngriss61'),
(192, 'mlewknor26', 'Matsoft', 233, 'http://dummyimage.com/108x100.png/cc0000/ffffff', 'gcarltonow'),
(193, 'tlealleo', 'Temp', 276, 'http://dummyimage.com/208x100.png/dddddd/000000', 'tbrancheb0'),
(194, 'rrubbert1f', 'Stronghold', 268, 'http://dummyimage.com/246x100.png/5fa2dd/ffffff', 'tweichii'),
(195, 'pshelper25', 'Latlux', 300, 'http://dummyimage.com/155x100.png/ff4444/ffffff', 'nnoadesk3'),
(196, 'lallnutt3b', 'Kanlam', 256, 'http://dummyimage.com/162x100.png/ff4444/ffffff', 'cdinleyj9'),
(197, 'frigbye2p', 'Fixflex', 130, 'http://dummyimage.com/189x100.png/cc0000/ffffff', 'rwevellb6'),
(198, 'rtetlow8', 'Aerified', 91, 'http://dummyimage.com/192x100.png/5fa2dd/ffffff', 'npanchenes'),
(199, 'ajanew1n', 'Zamit', 247, 'http://dummyimage.com/165x100.png/ff4444/ffffff', 'hwalczynski38'),
(200, 'ladds3i', 'Viva', 293, 'http://dummyimage.com/188x100.png/dddddd/000000', 'soles8r');


insert into commenta (id_commento,id_account, id_diretta, commento) values
(1, 'djessard45', 11, 'In sagittis dui vel nisl. Duis ac nibh. Fusce lacus purus, aliquet at, feugiat non, pretium quis, lectus.'),
(2, 'jfrudehy', 4, 'Maecenas ut massa quis augue luctus tincidunt. Nulla mollis molestie lorem. Quisque ut erat.'),
(3, 'cfrancom5x', 16, 'Cras non velit nec nisi vulputate nonummy. Maecenas tincidunt lacus at velit. Vivamus vel nulla eget eros elementum pellentesque.'),
(4, 'sobispo7j', 15, 'Vestibulum quam sapien, varius ut, blandit non, interdum in, ante. Vestibulum ante ipsum primis in faucibus orci luctus et ultrices posuere cubilia Curae; Duis faucibus accumsan odio. Curabitur convallis.'),
(5, 'avolette33', 63, 'Integer ac leo. Pellentesque ultrices mattis odio. Donec vitae nisi.'),
(6, 'ngregonpy', 77, 'Duis bibendum, felis sed interdum venenatis, turpis enim blandit mi, in porttitor pede justo eu massa. Donec dapibus. Duis at velit eu est congue elementum.'),
(7, 'lyoungeci', 81, 'In sagittis dui vel nisl. Duis ac nibh. Fusce lacus purus, aliquet at, feugiat non, pretium quis, lectus.'),
(8, 'ejoplinqp', 5, 'Vestibulum ac est lacinia nisi venenatis tristique. Fusce congue, diam id ornare imperdiet, sapien urna pretium nisl, ut volutpat sapien arcu sed augue. Aliquam erat volutpat.'),
(9, 'blindemannor', 35, 'Maecenas ut massa quis augue luctus tincidunt. Nulla mollis molestie lorem. Quisque ut erat.'),
(10, 'etriggelx', 6, 'Cras mi pede, malesuada in, imperdiet et, commodo vulputate, justo. In blandit ultrices enim. Lorem ipsum dolor sit amet, consectetuer adipiscing elit.'),
(11, 'tscimonellif0', 44, 'Aenean fermentum. Donec ut mauris eget massa tempor convallis. Nulla neque libero, convallis eget, eleifend luctus, ultricies eu, nibh.'),
(12, 'tbarochejh', 87, 'Vestibulum ac est lacinia nisi venenatis tristique. Fusce congue, diam id ornare imperdiet, sapien urna pretium nisl, ut volutpat sapien arcu sed augue. Aliquam erat volutpat.'),
(13, 'eabbays', 50, 'Duis bibendum. Morbi non quam nec dui luctus rutrum. Nulla tellus.'),
(14, 'jblundelar', 97, 'Suspendisse potenti. In eleifend quam a odio. In hac habitasse platea dictumst.'),
(15, 'gthaine18', 66, 'Quisque porta volutpat erat. Quisque erat eros, viverra eget, congue eget, semper rutrum, nulla. Nunc purus.'),
(16, 'tbischofqt', 53, 'Morbi non lectus. Aliquam sit amet diam in magna bibendum imperdiet. Nullam orci pede, venenatis non, sodales sed, tincidunt eu, felis.'),
(17, 'ppeterpz', 81, 'Maecenas tristique, est et tempus semper, est quam pharetra magna, ac consequat metus sapien ut nunc. Vestibulum ante ipsum primis in faucibus orci luctus et ultrices posuere cubilia Curae; Mauris viverra diam vitae quam. Suspendisse potenti.'),
(18, 'cminifiea9', 33, 'Maecenas leo odio, condimentum id, luctus nec, molestie sed, justo. Pellentesque viverra pede ac diam. Cras pellentesque volutpat dui.'),
(19, 'rparsonsond9', 58, 'In congue. Etiam justo. Etiam pretium iaculis justo.'),
(20, 'rgarrisonqb', 53, 'Cras non velit nec nisi vulputate nonummy. Maecenas tincidunt lacus at velit. Vivamus vel nulla eget eros elementum pellentesque.'),
(21, 'rbaystonno', 23, 'Morbi non lectus. Aliquam sit amet diam in magna bibendum imperdiet. Nullam orci pede, venenatis non, sodales sed, tincidunt eu, felis.'),
(22, 'tjimmes4o', 5, 'Proin leo odio, porttitor id, consequat in, consequat ut, nulla. Sed accumsan felis. Ut at dolor quis odio consequat varius.'),
(23, 'hthoresbiehm', 11, 'Quisque porta volutpat erat. Quisque erat eros, viverra eget, congue eget, semper rutrum, nulla. Nunc purus.'),
(24, 'zlangleynn', 95, 'Duis aliquam convallis nunc. Proin at turpis a pede posuere nonummy. Integer non velit.'),
(25, 'pjendrichk1', 72, 'In hac habitasse platea dictumst. Etiam faucibus cursus urna. Ut tellus.'),
(26, 'arosenfield3y', 28, 'Curabitur gravida nisi at nibh. In hac habitasse platea dictumst. Aliquam augue quam, sollicitudin vitae, consectetuer eget, rutrum at, lorem.'),
(27, 'nhuguevillenq', 81, 'Proin leo odio, porttitor id, consequat in, consequat ut, nulla. Sed accumsan felis. Ut at dolor quis odio consequat varius.'),
(28, 'bnorthcottm3', 57, 'Pellentesque at nulla. Suspendisse potenti. Cras in purus eu magna vulputate luctus.'),
(29, 'tlarrington2v', 38, 'Proin interdum mauris non ligula pellentesque ultrices. Phasellus id sapien in sapien iaculis congue. Vivamus metus arcu, adipiscing molestie, hendrerit at, vulputate vitae, nisl.'),
(30, 'qschultzkr', 36, 'Phasellus sit amet erat. Nulla tempus. Vivamus in felis eu sapien cursus vestibulum.'),
(31, 'cgoldbournu', 82, 'Morbi porttitor lorem id ligula. Suspendisse ornare consequat lectus. In est risus, auctor sed, tristique in, tempus sit amet, sem.'),
(32, 'abrotherheedcz', 64, 'Proin leo odio, porttitor id, consequat in, consequat ut, nulla. Sed accumsan felis. Ut at dolor quis odio consequat varius.'),
(33, 'jsummerill7z', 75, 'Sed ante. Vivamus tortor. Duis mattis egestas metus.'),
(34, 'sshasnanz', 8, 'Aliquam quis turpis eget elit sodales scelerisque. Mauris sit amet eros. Suspendisse accumsan tortor quis turpis.'),
(35, 'amccluinpv', 13, 'Duis consequat dui nec nisi volutpat eleifend. Donec ut dolor. Morbi vel lectus in quam fringilla rhoncus.'),
(36, 'lbarckefg', 12, 'Nam ultrices, libero non mattis pulvinar, nulla pede ullamcorper augue, a suscipit nulla elit ac nulla. Sed vel enim sit amet nunc viverra dapibus. Nulla suscipit ligula in lacus.'),
(37, 'pkennifeckbh', 16, 'Proin eu mi. Nulla ac enim. In tempor, turpis nec euismod scelerisque, quam turpis adipiscing lorem, vitae mattis nibh ligula nec sem.'),
(38, 'rnaveincu', 96, 'Fusce posuere felis sed lacus. Morbi sem mauris, laoreet ut, rhoncus aliquet, pulvinar sed, nisl. Nunc rhoncus dui vel sem.'),
(39, 'thullinsj3', 42, 'Duis bibendum. Morbi non quam nec dui luctus rutrum. Nulla tellus.'),
(40, 'hcorsare7', 96, 'Fusce posuere felis sed lacus. Morbi sem mauris, laoreet ut, rhoncus aliquet, pulvinar sed, nisl. Nunc rhoncus dui vel sem.'),
(41, 'atilliardsms', 53, 'Proin eu mi. Nulla ac enim. In tempor, turpis nec euismod scelerisque, quam turpis adipiscing lorem, vitae mattis nibh ligula nec sem.'),
(42, 'avaiseyoa', 30, 'Maecenas ut massa quis augue luctus tincidunt. Nulla mollis molestie lorem. Quisque ut erat.'),
(43, 'ilahyo8', 94, 'Nam ultrices, libero non mattis pulvinar, nulla pede ullamcorper augue, a suscipit nulla elit ac nulla. Sed vel enim sit amet nunc viverra dapibus. Nulla suscipit ligula in lacus.'),
(44, 'nkedge8p', 90, 'Lorem ipsum dolor sit amet, consectetuer adipiscing elit. Proin risus. Praesent lectus.'),
(45, 'ddeble3d', 78, 'Sed ante. Vivamus tortor. Duis mattis egestas metus.'),
(46, 'cingerman68', 60, 'Vestibulum quam sapien, varius ut, blandit non, interdum in, ante. Vestibulum ante ipsum primis in faucibus orci luctus et ultrices posuere cubilia Curae; Duis faucibus accumsan odio. Curabitur convallis.'),
(47, 'kjosephoffv', 3, 'Integer tincidunt ante vel ipsum. Praesent blandit lacinia erat. Vestibulum sed magna at nunc commodo placerat.'),
(48, 'rferencziqe', 16, 'In quis justo. Maecenas rhoncus aliquam lacus. Morbi quis tortor id nulla ultrices aliquet.'),
(49, 'bsilverlockid', 34, 'Etiam vel augue. Vestibulum rutrum rutrum neque. Aenean auctor gravida sem.'),
(50, 'rkrojnh', 38, 'In congue. Etiam justo. Etiam pretium iaculis justo.'),
(51, 'kdugald67', 89, 'Curabitur in libero ut massa volutpat convallis. Morbi odio odio, elementum eu, interdum eu, tincidunt in, leo. Maecenas pulvinar lobortis est.'),
(52, 'vmessam2r', 59, 'In congue. Etiam justo. Etiam pretium iaculis justo.'),
(53, 'hlilionab', 10, 'Nullam sit amet turpis elementum ligula vehicula consequat. Morbi a ipsum. Integer a nibh.'),
(54, 'jschubert6c', 41, 'Integer ac leo. Pellentesque ultrices mattis odio. Donec vitae nisi.'),
(55, 'npanchenes', 52, 'Vestibulum ac est lacinia nisi venenatis tristique. Fusce congue, diam id ornare imperdiet, sapien urna pretium nisl, ut volutpat sapien arcu sed augue. Aliquam erat volutpat.'),
(56, 'ecurstonob', 16, 'Quisque porta volutpat erat. Quisque erat eros, viverra eget, congue eget, semper rutrum, nulla. Nunc purus.'),
(57, 'sgresham1h', 9, 'Curabitur at ipsum ac tellus semper interdum. Mauris ullamcorper purus sit amet nulla. Quisque arcu libero, rutrum ac, lobortis vel, dapibus at, diam.'),
(58, 'madran95', 39, 'In sagittis dui vel nisl. Duis ac nibh. Fusce lacus purus, aliquet at, feugiat non, pretium quis, lectus.'),
(59, 'asharram5m', 39, 'Nam ultrices, libero non mattis pulvinar, nulla pede ullamcorper augue, a suscipit nulla elit ac nulla. Sed vel enim sit amet nunc viverra dapibus. Nulla suscipit ligula in lacus.'),
(60, 'ccarrabot6n', 51, 'Phasellus in felis. Donec semper sapien a libero. Nam dui.'),
(61, 'klambert2q', 31, 'Fusce consequat. Nulla nisl. Nunc nisl.'),
(62, 'aflament8y', 20, 'Quisque id justo sit amet sapien dignissim vestibulum. Vestibulum ante ipsum primis in faucibus orci luctus et ultrices posuere cubilia Curae; Nulla dapibus dolor vel est. Donec odio justo, sollicitudin ut, suscipit a, feugiat et, eros.'),
(63, 'dharkes1m', 64, 'Suspendisse potenti. In eleifend quam a odio. In hac habitasse platea dictumst.'),
(64, 'rnaveincu', 11, 'Sed ante. Vivamus tortor. Duis mattis egestas metus.'),
(65, 'jsannescl', 65, 'Vestibulum ac est lacinia nisi venenatis tristique. Fusce congue, diam id ornare imperdiet, sapien urna pretium nisl, ut volutpat sapien arcu sed augue. Aliquam erat volutpat.'),
(66, 'mmartynikhin91', 71, 'Nulla ut erat id mauris vulputate elementum. Nullam varius. Nulla facilisi.'),
(67, 'jcasina71', 85, 'Sed ante. Vivamus tortor. Duis mattis egestas metus.'),
(68, 'kwaplington4t', 39, 'Curabitur in libero ut massa volutpat convallis. Morbi odio odio, elementum eu, interdum eu, tincidunt in, leo. Maecenas pulvinar lobortis est.'),
(69, 'fscanterburykh', 62, 'Proin interdum mauris non ligula pellentesque ultrices. Phasellus id sapien in sapien iaculis congue. Vivamus metus arcu, adipiscing molestie, hendrerit at, vulputate vitae, nisl.'),
(70, 'nszachniewiczph', 64, 'Proin leo odio, porttitor id, consequat in, consequat ut, nulla. Sed accumsan felis. Ut at dolor quis odio consequat varius.'),
(71, 'mgirogettiml', 3, 'Integer ac leo. Pellentesque ultrices mattis odio. Donec vitae nisi.'),
(72, 'rslingercb', 48, 'Fusce consequat. Nulla nisl. Nunc nisl.'),
(73, 'nstammlerg2', 33, 'Proin eu mi. Nulla ac enim. In tempor, turpis nec euismod scelerisque, quam turpis adipiscing lorem, vitae mattis nibh ligula nec sem.'),
(74, 'mheckner7c', 22, 'Aenean lectus. Pellentesque eget nunc. Donec quis orci eget orci vehicula condimentum.'),
(75, 'peastcourth2', 44, 'Fusce consequat. Nulla nisl. Nunc nisl.'),
(76, 'mtenaunt5b', 19, 'Pellentesque at nulla. Suspendisse potenti. Cras in purus eu magna vulputate luctus.'),
(77, 'rlutschpq', 24, 'In hac habitasse platea dictumst. Etiam faucibus cursus urna. Ut tellus.'),
(78, 'rlutschpq', 95, 'Mauris enim leo, rhoncus sed, vestibulum sit amet, cursus id, turpis. Integer aliquet, massa id lobortis convallis, tortor risus dapibus augue, vel accumsan tellus nisi eu orci. Mauris lacinia sapien quis libero.'),
(79, 'gbengoecheafq', 98, 'Cum sociis natoque penatibus et magnis dis parturient montes, nascetur ridiculus mus. Vivamus vestibulum sagittis sapien. Cum sociis natoque penatibus et magnis dis parturient montes, nascetur ridiculus mus.'),
(80, 'nnoadesk3', 85, 'Nullam porttitor lacus at turpis. Donec posuere metus vitae ipsum. Aliquam non mauris.'),
(81, 'ncottage1e', 82, 'Aenean lectus. Pellentesque eget nunc. Donec quis orci eget orci vehicula condimentum.'),
(82, 'cdelgardillofy', 10, 'Nullam sit amet turpis elementum ligula vehicula consequat. Morbi a ipsum. Integer a nibh.'),
(83, 'gscopesly', 74, 'Duis bibendum. Morbi non quam nec dui luctus rutrum. Nulla tellus.'),
(84, 'dizachik75', 33, 'Suspendisse potenti. In eleifend quam a odio. In hac habitasse platea dictumst.'),
(85, 'aplankch', 42, 'Suspendisse potenti. In eleifend quam a odio. In hac habitasse platea dictumst.'),
(86, 'mmangermh', 16, 'Sed ante. Vivamus tortor. Duis mattis egestas metus.'),
(87, 'akeatchi5', 53, 'Praesent id massa id nisl venenatis lacinia. Aenean sit amet justo. Morbi ut odio.'),
(88, 'djessard45', 24, 'Curabitur in libero ut massa volutpat convallis. Morbi odio odio, elementum eu, interdum eu, tincidunt in, leo. Maecenas pulvinar lobortis est.'),
(89, 'kdoggrell11', 99, 'Morbi porttitor lorem id ligula. Suspendisse ornare consequat lectus. In est risus, auctor sed, tristique in, tempus sit amet, sem.'),
(90, 'nswadenf4', 7, 'Morbi porttitor lorem id ligula. Suspendisse ornare consequat lectus. In est risus, auctor sed, tristique in, tempus sit amet, sem.'),
(91, 'hzuanelli3v', 67, 'Praesent blandit. Nam nulla. Integer pede justo, lacinia eget, tincidunt eget, tempus vel, pede.'),
(92, 'aguitton8f', 81, 'Cras mi pede, malesuada in, imperdiet et, commodo vulputate, justo. In blandit ultrices enim. Lorem ipsum dolor sit amet, consectetuer adipiscing elit.'),
(93, 'mlimprichti3', 99, 'Curabitur at ipsum ac tellus semper interdum. Mauris ullamcorper purus sit amet nulla. Quisque arcu libero, rutrum ac, lobortis vel, dapibus at, diam.'),
(94, 'nleversong1', 56, 'Phasellus sit amet erat. Nulla tempus. Vivamus in felis eu sapien cursus vestibulum.'),
(95, 'kmonanac', 20, 'Duis consequat dui nec nisi volutpat eleifend. Donec ut dolor. Morbi vel lectus in quam fringilla rhoncus.'),
(96, 'ploryfp', 85, 'Etiam vel augue. Vestibulum rutrum rutrum neque. Aenean auctor gravida sem.'),
(97, 'madran95', 59, 'Morbi porttitor lorem id ligula. Suspendisse ornare consequat lectus. In est risus, auctor sed, tristique in, tempus sit amet, sem.'),
(98, 'dhaxbiegx', 40, 'Lorem ipsum dolor sit amet, consectetuer adipiscing elit. Proin risus. Praesent lectus.'),
(99, 'ggrancher1k', 10, 'Duis bibendum. Morbi non quam nec dui luctus rutrum. Nulla tellus.'),
(100, 'ejanzpj', 97, 'Cras non velit nec nisi vulputate nonummy. Maecenas tincidunt lacus at velit. Vivamus vel nulla eget eros elementum pellentesque.'),
(101, 'jgothupks', 74, 'In quis justo. Maecenas rhoncus aliquam lacus. Morbi quis tortor id nulla ultrices aliquet.'),
(102, 'smattedief', 8, 'In hac habitasse platea dictumst. Morbi vestibulum, velit id pretium iaculis, diam erat fermentum justo, nec condimentum neque sapien placerat ante. Nulla justo.'),
(103, 'aligerrl', 62, 'In congue. Etiam justo. Etiam pretium iaculis justo.'),
(104, 'nfeymj', 36, 'Duis aliquam convallis nunc. Proin at turpis a pede posuere nonummy. Integer non velit.'),
(105, 'icornuauoo', 3, 'In hac habitasse platea dictumst. Etiam faucibus cursus urna. Ut tellus.'),
(106, 'trainbow5t', 69, 'Curabitur at ipsum ac tellus semper interdum. Mauris ullamcorper purus sit amet nulla. Quisque arcu libero, rutrum ac, lobortis vel, dapibus at, diam.'),
(107, 'cbrolan9h', 27, 'In quis justo. Maecenas rhoncus aliquam lacus. Morbi quis tortor id nulla ultrices aliquet.'),
(108, 'nraogq', 11, 'Duis aliquam convallis nunc. Proin at turpis a pede posuere nonummy. Integer non velit.'),
(109, 'sbreeze7e', 88, 'Sed ante. Vivamus tortor. Duis mattis egestas metus.'),
(110, 'kdomotor10', 61, 'Maecenas tristique, est et tempus semper, est quam pharetra magna, ac consequat metus sapien ut nunc. Vestibulum ante ipsum primis in faucibus orci luctus et ultrices posuere cubilia Curae; Mauris viverra diam vitae quam. Suspendisse potenti.'),
(111, 'rflewittem', 24, 'Fusce consequat. Nulla nisl. Nunc nisl.'),
(112, 'zdurningls', 65, 'Aenean fermentum. Donec ut mauris eget massa tempor convallis. Nulla neque libero, convallis eget, eleifend luctus, ultricies eu, nibh.'),
(113, 'ahiersjw', 50, 'Pellentesque at nulla. Suspendisse potenti. Cras in purus eu magna vulputate luctus.'),
(114, 'lbeckinsallmt', 89, 'Cras non velit nec nisi vulputate nonummy. Maecenas tincidunt lacus at velit. Vivamus vel nulla eget eros elementum pellentesque.'),
(115, 'ssimonnetnx', 67, 'Pellentesque at nulla. Suspendisse potenti. Cras in purus eu magna vulputate luctus.'),
(116, 'atellingpm', 32, 'Maecenas leo odio, condimentum id, luctus nec, molestie sed, justo. Pellentesque viverra pede ac diam. Cras pellentesque volutpat dui.'),
(117, 'rpamment2d', 82, 'Donec diam neque, vestibulum eget, vulputate ut, ultrices vel, augue. Vestibulum ante ipsum primis in faucibus orci luctus et ultrices posuere cubilia Curae; Donec pharetra, magna vestibulum aliquet ultrices, erat tortor sollicitudin mi, sit amet lobortis sapien sapien non mi. Integer ac neque.'),
(118, 'msheppard9i', 18, 'Aenean fermentum. Donec ut mauris eget massa tempor convallis. Nulla neque libero, convallis eget, eleifend luctus, ultricies eu, nibh.'),
(119, 'npolini14', 86, 'Duis aliquam convallis nunc. Proin at turpis a pede posuere nonummy. Integer non velit.'),
(120, 'mpohlskq', 40, 'Curabitur gravida nisi at nibh. In hac habitasse platea dictumst. Aliquam augue quam, sollicitudin vitae, consectetuer eget, rutrum at, lorem.'),
(121, 'sbreeze7e', 24, 'Integer tincidunt ante vel ipsum. Praesent blandit lacinia erat. Vestibulum sed magna at nunc commodo placerat.'),
(122, 'kdugald67', 69, 'Maecenas leo odio, condimentum id, luctus nec, molestie sed, justo. Pellentesque viverra pede ac diam. Cras pellentesque volutpat dui.'),
(123, 'bceaser13', 65, 'Fusce consequat. Nulla nisl. Nunc nisl.'),
(124, 'ssnooks3a', 20, 'Duis bibendum. Morbi non quam nec dui luctus rutrum. Nulla tellus.'),
(125, 'ddumiganbg', 62, 'Sed ante. Vivamus tortor. Duis mattis egestas metus.'),
(126, 'rkennellyfo', 28, 'Proin interdum mauris non ligula pellentesque ultrices. Phasellus id sapien in sapien iaculis congue. Vivamus metus arcu, adipiscing molestie, hendrerit at, vulputate vitae, nisl.'),
(127, 'wgriffoenaz', 9, 'Sed ante. Vivamus tortor. Duis mattis egestas metus.'),
(128, 'cluttger2m', 60, 'Lorem ipsum dolor sit amet, consectetuer adipiscing elit. Proin risus. Praesent lectus.'),
(129, 'dbourchierb4', 40, 'Phasellus in felis. Donec semper sapien a libero. Nam dui.'),
(130, 'zwarrnp', 6, 'Nullam porttitor lacus at turpis. Donec posuere metus vitae ipsum. Aliquam non mauris.'),
(131, 'bforseycn', 38, 'Praesent id massa id nisl venenatis lacinia. Aenean sit amet justo. Morbi ut odio.'),
(132, 'whawsonnf', 25, 'Donec diam neque, vestibulum eget, vulputate ut, ultrices vel, augue. Vestibulum ante ipsum primis in faucibus orci luctus et ultrices posuere cubilia Curae; Donec pharetra, magna vestibulum aliquet ultrices, erat tortor sollicitudin mi, sit amet lobortis sapien sapien non mi. Integer ac neque.'),
(133, 'fsalzenqw', 68, 'Curabitur gravida nisi at nibh. In hac habitasse platea dictumst. Aliquam augue quam, sollicitudin vitae, consectetuer eget, rutrum at, lorem.'),
(134, 'khousecraft3i', 2, 'Aenean lectus. Pellentesque eget nunc. Donec quis orci eget orci vehicula condimentum.'),
(135, 'hwhitefoot5p', 92, 'In hac habitasse platea dictumst. Etiam faucibus cursus urna. Ut tellus.'),
(136, 'tscortonot', 80, 'Suspendisse potenti. In eleifend quam a odio. In hac habitasse platea dictumst.'),
(137, 'gthaine18', 8, 'Phasellus in felis. Donec semper sapien a libero. Nam dui.'),
(138, 'aklouzhj', 6, 'Morbi non lectus. Aliquam sit amet diam in magna bibendum imperdiet. Nullam orci pede, venenatis non, sodales sed, tincidunt eu, felis.'),
(139, 'lsturrgd', 68, 'Fusce posuere felis sed lacus. Morbi sem mauris, laoreet ut, rhoncus aliquet, pulvinar sed, nisl. Nunc rhoncus dui vel sem.'),
(140, 'vwaldrenfx', 39, 'Vestibulum ac est lacinia nisi venenatis tristique. Fusce congue, diam id ornare imperdiet, sapien urna pretium nisl, ut volutpat sapien arcu sed augue. Aliquam erat volutpat.'),
(141, 'rcastagnerim0', 84, 'Sed ante. Vivamus tortor. Duis mattis egestas metus.'),
(142, 'holennaneq3', 4, 'Mauris enim leo, rhoncus sed, vestibulum sit amet, cursus id, turpis. Integer aliquet, massa id lobortis convallis, tortor risus dapibus augue, vel accumsan tellus nisi eu orci. Mauris lacinia sapien quis libero.'),
(143, 'csolomonbr', 68, 'Praesent blandit. Nam nulla. Integer pede justo, lacinia eget, tincidunt eget, tempus vel, pede.'),
(144, 'rlutschpq', 19, 'Phasellus sit amet erat. Nulla tempus. Vivamus in felis eu sapien cursus vestibulum.'),
(145, 'vmaciejewski56', 89, 'In congue. Etiam justo. Etiam pretium iaculis justo.'),
(146, 'nwollersgm', 82, 'Curabitur in libero ut massa volutpat convallis. Morbi odio odio, elementum eu, interdum eu, tincidunt in, leo. Maecenas pulvinar lobortis est.'),
(147, 'tcolquhoun7v', 24, 'Sed ante. Vivamus tortor. Duis mattis egestas metus.'),
(148, 'jvannuccikl', 60, 'Maecenas leo odio, condimentum id, luctus nec, molestie sed, justo. Pellentesque viverra pede ac diam. Cras pellentesque volutpat dui.'),
(149, 'ebridsonf5', 87, 'Quisque porta volutpat erat. Quisque erat eros, viverra eget, congue eget, semper rutrum, nulla. Nunc purus.'),
(150, 'wpinsent72', 28, 'Lorem ipsum dolor sit amet, consectetuer adipiscing elit. Proin risus. Praesent lectus.'),
(151, 'kclewloweco', 48, 'Mauris enim leo, rhoncus sed, vestibulum sit amet, cursus id, turpis. Integer aliquet, massa id lobortis convallis, tortor risus dapibus augue, vel accumsan tellus nisi eu orci. Mauris lacinia sapien quis libero.'),
(152, 'yaldie25', 86, 'Maecenas ut massa quis augue luctus tincidunt. Nulla mollis molestie lorem. Quisque ut erat.'),
(153, 'rskillmandf', 12, 'Morbi non lectus. Aliquam sit amet diam in magna bibendum imperdiet. Nullam orci pede, venenatis non, sodales sed, tincidunt eu, felis.'),
(154, 'jpresnailk6', 43, 'Aenean fermentum. Donec ut mauris eget massa tempor convallis. Nulla neque libero, convallis eget, eleifend luctus, ultricies eu, nibh.'),
(155, 'nconnori1', 32, 'Duis bibendum, felis sed interdum venenatis, turpis enim blandit mi, in porttitor pede justo eu massa. Donec dapibus. Duis at velit eu est congue elementum.'),
(156, 'ggwilyme9', 99, 'Maecenas tristique, est et tempus semper, est quam pharetra magna, ac consequat metus sapien ut nunc. Vestibulum ante ipsum primis in faucibus orci luctus et ultrices posuere cubilia Curae; Mauris viverra diam vitae quam. Suspendisse potenti.'),
(157, 'pwestwickqk', 31, 'Duis bibendum, felis sed interdum venenatis, turpis enim blandit mi, in porttitor pede justo eu massa. Donec dapibus. Duis at velit eu est congue elementum.'),
(158, 'dskehan4c', 100, 'Morbi non lectus. Aliquam sit amet diam in magna bibendum imperdiet. Nullam orci pede, venenatis non, sodales sed, tincidunt eu, felis.'),
(159, 'gsheldrakecs', 11, 'Vestibulum ac est lacinia nisi venenatis tristique. Fusce congue, diam id ornare imperdiet, sapien urna pretium nisl, ut volutpat sapien arcu sed augue. Aliquam erat volutpat.'),
(160, 'adibdenjm', 11, 'In sagittis dui vel nisl. Duis ac nibh. Fusce lacus purus, aliquet at, feugiat non, pretium quis, lectus.'),
(161, 'adobbsonn4', 97, 'In quis justo. Maecenas rhoncus aliquam lacus. Morbi quis tortor id nulla ultrices aliquet.'),
(162, 'gangoodbf', 53, 'Vestibulum ac est lacinia nisi venenatis tristique. Fusce congue, diam id ornare imperdiet, sapien urna pretium nisl, ut volutpat sapien arcu sed augue. Aliquam erat volutpat.'),
(163, 'smaidens9r', 41, 'Nulla ut erat id mauris vulputate elementum. Nullam varius. Nulla facilisi.'),
(164, 'mmcgauhy2n', 90, 'Fusce consequat. Nulla nisl. Nunc nisl.'),
(165, 'krohmerhw', 48, 'Maecenas ut massa quis augue luctus tincidunt. Nulla mollis molestie lorem. Quisque ut erat.'),
(166, 'drous26', 8, 'Etiam vel augue. Vestibulum rutrum rutrum neque. Aenean auctor gravida sem.'),
(167, 'tbarochejh', 63, 'Sed sagittis. Nam congue, risus semper porta volutpat, quam pede lobortis ligula, sit amet eleifend pede libero quis orci. Nullam molestie nibh in lectus.'),
(168, 'llegercd', 69, 'In congue. Etiam justo. Etiam pretium iaculis justo.'),
(169, 'gjira5s', 29, 'Curabitur gravida nisi at nibh. In hac habitasse platea dictumst. Aliquam augue quam, sollicitudin vitae, consectetuer eget, rutrum at, lorem.'),
(170, 'wvandermerwe9a', 11, 'Fusce posuere felis sed lacus. Morbi sem mauris, laoreet ut, rhoncus aliquet, pulvinar sed, nisl. Nunc rhoncus dui vel sem.'),
(171, 'rflewittem', 87, 'Vestibulum ac est lacinia nisi venenatis tristique. Fusce congue, diam id ornare imperdiet, sapien urna pretium nisl, ut volutpat sapien arcu sed augue. Aliquam erat volutpat.'),
(172, 'dcorryil', 64, 'Proin interdum mauris non ligula pellentesque ultrices. Phasellus id sapien in sapien iaculis congue. Vivamus metus arcu, adipiscing molestie, hendrerit at, vulputate vitae, nisl.'),
(173, 'bjury2l', 30, 'Integer tincidunt ante vel ipsum. Praesent blandit lacinia erat. Vestibulum sed magna at nunc commodo placerat.'),
(174, 'ahatchcc', 20, 'Integer tincidunt ante vel ipsum. Praesent blandit lacinia erat. Vestibulum sed magna at nunc commodo placerat.'),
(175, 'bturbittq5', 79, 'Aliquam quis turpis eget elit sodales scelerisque. Mauris sit amet eros. Suspendisse accumsan tortor quis turpis.'),
(176, 'aeshmadect', 33, 'Phasellus sit amet erat. Nulla tempus. Vivamus in felis eu sapien cursus vestibulum.'),
(177, 'rtwaitsfr', 95, 'Morbi non lectus. Aliquam sit amet diam in magna bibendum imperdiet. Nullam orci pede, venenatis non, sodales sed, tincidunt eu, felis.'),
(178, 'lghelardonihs', 88, 'Cras non velit nec nisi vulputate nonummy. Maecenas tincidunt lacus at velit. Vivamus vel nulla eget eros elementum pellentesque.'),
(179, 'bbutterwick7x', 19, 'Cras non velit nec nisi vulputate nonummy. Maecenas tincidunt lacus at velit. Vivamus vel nulla eget eros elementum pellentesque.'),
(180, 'acasado30', 9, 'In hac habitasse platea dictumst. Morbi vestibulum, velit id pretium iaculis, diam erat fermentum justo, nec condimentum neque sapien placerat ante. Nulla justo.'),
(181, 'kdugald67', 60, 'Cum sociis natoque penatibus et magnis dis parturient montes, nascetur ridiculus mus. Vivamus vestibulum sagittis sapien. Cum sociis natoque penatibus et magnis dis parturient montes, nascetur ridiculus mus.'),
(182, 'atilliardsms', 72, 'Duis consequat dui nec nisi volutpat eleifend. Donec ut dolor. Morbi vel lectus in quam fringilla rhoncus.'),
(183, 'gtims7l', 6, 'Maecenas leo odio, condimentum id, luctus nec, molestie sed, justo. Pellentesque viverra pede ac diam. Cras pellentesque volutpat dui.'),
(184, 'ggildersleaves22', 70, 'Curabitur gravida nisi at nibh. In hac habitasse platea dictumst. Aliquam augue quam, sollicitudin vitae, consectetuer eget, rutrum at, lorem.'),
(185, 'llegercd', 4, 'Integer tincidunt ante vel ipsum. Praesent blandit lacinia erat. Vestibulum sed magna at nunc commodo placerat.'),
(186, 'lquartlydq', 45, 'In hac habitasse platea dictumst. Morbi vestibulum, velit id pretium iaculis, diam erat fermentum justo, nec condimentum neque sapien placerat ante. Nulla justo.'),
(187, 'bforseycn', 93, 'Mauris enim leo, rhoncus sed, vestibulum sit amet, cursus id, turpis. Integer aliquet, massa id lobortis convallis, tortor risus dapibus augue, vel accumsan tellus nisi eu orci. Mauris lacinia sapien quis libero.'),
(188, 'kcrookshanksnc', 46, 'Aliquam quis turpis eget elit sodales scelerisque. Mauris sit amet eros. Suspendisse accumsan tortor quis turpis.'),
(189, 'gangoodbf', 43, 'Lorem ipsum dolor sit amet, consectetuer adipiscing elit. Proin risus. Praesent lectus.'),
(190, 'kgipps23', 23, 'Fusce posuere felis sed lacus. Morbi sem mauris, laoreet ut, rhoncus aliquet, pulvinar sed, nisl. Nunc rhoncus dui vel sem.'),
(191, 'djessard45', 19, 'Praesent id massa id nisl venenatis lacinia. Aenean sit amet justo. Morbi ut odio.'),
(192, 'wpeirpointn2', 1, 'Duis aliquam convallis nunc. Proin at turpis a pede posuere nonummy. Integer non velit.'),
(193, 'bgibby43', 85, 'Mauris enim leo, rhoncus sed, vestibulum sit amet, cursus id, turpis. Integer aliquet, massa id lobortis convallis, tortor risus dapibus augue, vel accumsan tellus nisi eu orci. Mauris lacinia sapien quis libero.'),
(194, 'hmolleneo', 89, 'In quis justo. Maecenas rhoncus aliquam lacus. Morbi quis tortor id nulla ultrices aliquet.'),
(195, 'deastlakebm', 74, 'Curabitur in libero ut massa volutpat convallis. Morbi odio odio, elementum eu, interdum eu, tincidunt in, leo. Maecenas pulvinar lobortis est.'),
(196, 'bbutterwick7x', 36, 'Praesent blandit. Nam nulla. Integer pede justo, lacinia eget, tincidunt eget, tempus vel, pede.'),
(197, 'qvakhoninmk', 67, 'Mauris enim leo, rhoncus sed, vestibulum sit amet, cursus id, turpis. Integer aliquet, massa id lobortis convallis, tortor risus dapibus augue, vel accumsan tellus nisi eu orci. Mauris lacinia sapien quis libero.'),
(198, 'cphelipeau3', 29, 'Sed sagittis. Nam congue, risus semper porta volutpat, quam pede lobortis ligula, sit amet eleifend pede libero quis orci. Nullam molestie nibh in lectus.'),
(199, 'jvaunke', 34, 'Aenean fermentum. Donec ut mauris eget massa tempor convallis. Nulla neque libero, convallis eget, eleifend luctus, ultricies eu, nibh.'),
(200, 'olemonnierol', 65, 'Fusce consequat. Nulla nisl. Nunc nisl.'),
(201, 'tpinyonao', 78, 'Curabitur in libero ut massa volutpat convallis. Morbi odio odio, elementum eu, interdum eu, tincidunt in, leo. Maecenas pulvinar lobortis est.'),
(202, 'rsprittih', 92, 'Vestibulum quam sapien, varius ut, blandit non, interdum in, ante. Vestibulum ante ipsum primis in faucibus orci luctus et ultrices posuere cubilia Curae; Duis faucibus accumsan odio. Curabitur convallis.'),
(203, 'ndeegin78', 69, 'Vestibulum quam sapien, varius ut, blandit non, interdum in, ante. Vestibulum ante ipsum primis in faucibus orci luctus et ultrices posuere cubilia Curae; Duis faucibus accumsan odio. Curabitur convallis.'),
(204, 'oyurchenkoa0', 71, 'Aliquam quis turpis eget elit sodales scelerisque. Mauris sit amet eros. Suspendisse accumsan tortor quis turpis.'),
(205, 'ldudmarsh6x', 31, 'Quisque id justo sit amet sapien dignissim vestibulum. Vestibulum ante ipsum primis in faucibus orci luctus et ultrices posuere cubilia Curae; Nulla dapibus dolor vel est. Donec odio justo, sollicitudin ut, suscipit a, feugiat et, eros.'),
(206, 'gcowillp0', 2, 'Curabitur in libero ut massa volutpat convallis. Morbi odio odio, elementum eu, interdum eu, tincidunt in, leo. Maecenas pulvinar lobortis est.'),
(207, 'gmaccijj', 86, 'Nullam porttitor lacus at turpis. Donec posuere metus vitae ipsum. Aliquam non mauris.'),
(208, 'ieburne83', 29, 'In hac habitasse platea dictumst. Morbi vestibulum, velit id pretium iaculis, diam erat fermentum justo, nec condimentum neque sapien placerat ante. Nulla justo.'),
(209, 'tscimonellif0', 9, 'Duis bibendum, felis sed interdum venenatis, turpis enim blandit mi, in porttitor pede justo eu massa. Donec dapibus. Duis at velit eu est congue elementum.'),
(210, 'kaizkovitchd2', 66, 'Curabitur in libero ut massa volutpat convallis. Morbi odio odio, elementum eu, interdum eu, tincidunt in, leo. Maecenas pulvinar lobortis est.'),
(211, 'sgresham1h', 62, 'Praesent id massa id nisl venenatis lacinia. Aenean sit amet justo. Morbi ut odio.'),
(212, 'ahagguso1', 78, 'Phasellus in felis. Donec semper sapien a libero. Nam dui.'),
(213, 'tbrancheb0', 3, 'Lorem ipsum dolor sit amet, consectetuer adipiscing elit. Proin risus. Praesent lectus.'),
(214, 'fmintoft3', 64, 'Integer tincidunt ante vel ipsum. Praesent blandit lacinia erat. Vestibulum sed magna at nunc commodo placerat.'),
(215, 'jbaldassi4z', 73, 'Nam ultrices, libero non mattis pulvinar, nulla pede ullamcorper augue, a suscipit nulla elit ac nulla. Sed vel enim sit amet nunc viverra dapibus. Nulla suscipit ligula in lacus.'),
(216, 'acorneliusjg', 43, 'Nam ultrices, libero non mattis pulvinar, nulla pede ullamcorper augue, a suscipit nulla elit ac nulla. Sed vel enim sit amet nunc viverra dapibus. Nulla suscipit ligula in lacus.'),
(217, 'ahatchcc', 13, 'Vestibulum quam sapien, varius ut, blandit non, interdum in, ante. Vestibulum ante ipsum primis in faucibus orci luctus et ultrices posuere cubilia Curae; Duis faucibus accumsan odio. Curabitur convallis.'),
(218, 'icornuauoo', 41, 'Maecenas ut massa quis augue luctus tincidunt. Nulla mollis molestie lorem. Quisque ut erat.'),
(219, 'bfibbitf7', 44, 'Quisque id justo sit amet sapien dignissim vestibulum. Vestibulum ante ipsum primis in faucibus orci luctus et ultrices posuere cubilia Curae; Nulla dapibus dolor vel est. Donec odio justo, sollicitudin ut, suscipit a, feugiat et, eros.'),
(220, 'bguilaemli', 50, 'Cras mi pede, malesuada in, imperdiet et, commodo vulputate, justo. In blandit ultrices enim. Lorem ipsum dolor sit amet, consectetuer adipiscing elit.'),
(221, 'aheatlieer', 4, 'Integer ac leo. Pellentesque ultrices mattis odio. Donec vitae nisi.'),
(222, 'fbeaty12', 28, 'In congue. Etiam justo. Etiam pretium iaculis justo.'),
(223, 'npanchenes', 98, 'Fusce posuere felis sed lacus. Morbi sem mauris, laoreet ut, rhoncus aliquet, pulvinar sed, nisl. Nunc rhoncus dui vel sem.'),
(224, 'dfullicklc', 53, 'Duis consequat dui nec nisi volutpat eleifend. Donec ut dolor. Morbi vel lectus in quam fringilla rhoncus.'),
(225, 'bbutterwick7x', 71, 'Donec diam neque, vestibulum eget, vulputate ut, ultrices vel, augue. Vestibulum ante ipsum primis in faucibus orci luctus et ultrices posuere cubilia Curae; Donec pharetra, magna vestibulum aliquet ultrices, erat tortor sollicitudin mi, sit amet lobortis sapien sapien non mi. Integer ac neque.'),
(226, 'ldominicacciah', 11, 'Nullam porttitor lacus at turpis. Donec posuere metus vitae ipsum. Aliquam non mauris.'),
(227, 'lgrindleyjr', 55, 'In quis justo. Maecenas rhoncus aliquam lacus. Morbi quis tortor id nulla ultrices aliquet.'),
(228, 'wquarringtoniq', 85, 'Sed sagittis. Nam congue, risus semper porta volutpat, quam pede lobortis ligula, sit amet eleifend pede libero quis orci. Nullam molestie nibh in lectus.'),
(229, 'cfaltskogr5', 5, 'Etiam vel augue. Vestibulum rutrum rutrum neque. Aenean auctor gravida sem.'),
(230, 'mheisleros', 49, 'Phasellus in felis. Donec semper sapien a libero. Nam dui.'),
(231, 'ahatchcc', 52, 'Duis bibendum, felis sed interdum venenatis, turpis enim blandit mi, in porttitor pede justo eu massa. Donec dapibus. Duis at velit eu est congue elementum.'),
(232, 'hstaley9j', 90, 'Vestibulum quam sapien, varius ut, blandit non, interdum in, ante. Vestibulum ante ipsum primis in faucibus orci luctus et ultrices posuere cubilia Curae; Duis faucibus accumsan odio. Curabitur convallis.'),
(233, 'ymoresbye1', 52, 'Nullam porttitor lacus at turpis. Donec posuere metus vitae ipsum. Aliquam non mauris.'),
(234, 'acovellfa', 40, 'Fusce posuere felis sed lacus. Morbi sem mauris, laoreet ut, rhoncus aliquet, pulvinar sed, nisl. Nunc rhoncus dui vel sem.'),
(235, 'fmannoochrg', 12, 'Cum sociis natoque penatibus et magnis dis parturient montes, nascetur ridiculus mus. Vivamus vestibulum sagittis sapien. Cum sociis natoque penatibus et magnis dis parturient montes, nascetur ridiculus mus.'),
(236, 'gglackini', 89, 'Praesent id massa id nisl venenatis lacinia. Aenean sit amet justo. Morbi ut odio.'),
(237, 'xmorrallee6q', 63, 'Proin eu mi. Nulla ac enim. In tempor, turpis nec euismod scelerisque, quam turpis adipiscing lorem, vitae mattis nibh ligula nec sem.'),
(238, 'aspollen9s', 15, 'Proin interdum mauris non ligula pellentesque ultrices. Phasellus id sapien in sapien iaculis congue. Vivamus metus arcu, adipiscing molestie, hendrerit at, vulputate vitae, nisl.'),
(239, 'wgibbinsgj', 93, 'Integer ac leo. Pellentesque ultrices mattis odio. Donec vitae nisi.'),
(240, 'cespinho6p', 17, 'Integer tincidunt ante vel ipsum. Praesent blandit lacinia erat. Vestibulum sed magna at nunc commodo placerat.'),
(241, 'smattedief', 2, 'Nullam porttitor lacus at turpis. Donec posuere metus vitae ipsum. Aliquam non mauris.'),
(242, 'iguntera5', 60, 'Pellentesque at nulla. Suspendisse potenti. Cras in purus eu magna vulputate luctus.'),
(243, 'sdavidwitz4w', 41, 'Donec diam neque, vestibulum eget, vulputate ut, ultrices vel, augue. Vestibulum ante ipsum primis in faucibus orci luctus et ultrices posuere cubilia Curae; Donec pharetra, magna vestibulum aliquet ultrices, erat tortor sollicitudin mi, sit amet lobortis sapien sapien non mi. Integer ac neque.'),
(244, 'lsickert4s', 31, 'Nullam sit amet turpis elementum ligula vehicula consequat. Morbi a ipsum. Integer a nibh.'),
(245, 'jmcturley1r', 80, 'Phasellus in felis. Donec semper sapien a libero. Nam dui.'),
(246, 'aladewig5q', 14, 'Morbi non lectus. Aliquam sit amet diam in magna bibendum imperdiet. Nullam orci pede, venenatis non, sodales sed, tincidunt eu, felis.'),
(247, 'holennaneq3', 77, 'Quisque id justo sit amet sapien dignissim vestibulum. Vestibulum ante ipsum primis in faucibus orci luctus et ultrices posuere cubilia Curae; Nulla dapibus dolor vel est. Donec odio justo, sollicitudin ut, suscipit a, feugiat et, eros.'),
(248, 'asole5o', 1, 'In hac habitasse platea dictumst. Morbi vestibulum, velit id pretium iaculis, diam erat fermentum justo, nec condimentum neque sapien placerat ante. Nulla justo.'),
(249, 'fbedleg', 95, 'Fusce posuere felis sed lacus. Morbi sem mauris, laoreet ut, rhoncus aliquet, pulvinar sed, nisl. Nunc rhoncus dui vel sem.'),
(250, 'gmottleyon', 45, 'Quisque id justo sit amet sapien dignissim vestibulum. Vestibulum ante ipsum primis in faucibus orci luctus et ultrices posuere cubilia Curae; Nulla dapibus dolor vel est. Donec odio justo, sollicitudin ut, suscipit a, feugiat et, eros.'),
(251, 'ejoplinqp', 13, 'Praesent id massa id nisl venenatis lacinia. Aenean sit amet justo. Morbi ut odio.'),
(252, 'dmctrustie3e', 55, 'Cum sociis natoque penatibus et magnis dis parturient montes, nascetur ridiculus mus. Vivamus vestibulum sagittis sapien. Cum sociis natoque penatibus et magnis dis parturient montes, nascetur ridiculus mus.'),
(253, 'abidgodo9', 48, 'In congue. Etiam justo. Etiam pretium iaculis justo.'),
(254, 'dminguetaj', 86, 'Curabitur gravida nisi at nibh. In hac habitasse platea dictumst. Aliquam augue quam, sollicitudin vitae, consectetuer eget, rutrum at, lorem.'),
(255, 'sgartshorec', 44, 'Phasellus in felis. Donec semper sapien a libero. Nam dui.'),
(256, 'fmannoochrg', 67, 'Aliquam quis turpis eget elit sodales scelerisque. Mauris sit amet eros. Suspendisse accumsan tortor quis turpis.'),
(257, 'ilahyo8', 55, 'Duis consequat dui nec nisi volutpat eleifend. Donec ut dolor. Morbi vel lectus in quam fringilla rhoncus.'),
(258, 'jvollamhc', 97, 'Aenean lectus. Pellentesque eget nunc. Donec quis orci eget orci vehicula condimentum.'),
(259, 'dwellsmanau', 93, 'Nam ultrices, libero non mattis pulvinar, nulla pede ullamcorper augue, a suscipit nulla elit ac nulla. Sed vel enim sit amet nunc viverra dapibus. Nulla suscipit ligula in lacus.'),
(260, 'gmardalliu', 12, 'Maecenas ut massa quis augue luctus tincidunt. Nulla mollis molestie lorem. Quisque ut erat.'),
(261, 'ljeaysfk', 97, 'Sed ante. Vivamus tortor. Duis mattis egestas metus.'),
(262, 'ksedgefieldk5', 68, 'Proin leo odio, porttitor id, consequat in, consequat ut, nulla. Sed accumsan felis. Ut at dolor quis odio consequat varius.'),
(263, 'snarrawayed', 98, 'Sed sagittis. Nam congue, risus semper porta volutpat, quam pede lobortis ligula, sit amet eleifend pede libero quis orci. Nullam molestie nibh in lectus.'),
(264, 'nravenshawqm', 30, 'Phasellus in felis. Donec semper sapien a libero. Nam dui.'),
(265, 'sobispo7j', 58, 'Nulla ut erat id mauris vulputate elementum. Nullam varius. Nulla facilisi.'),
(266, 'tjentonl2', 52, 'Cras non velit nec nisi vulputate nonummy. Maecenas tincidunt lacus at velit. Vivamus vel nulla eget eros elementum pellentesque.'),
(267, 'lkelland19', 40, 'Nullam porttitor lacus at turpis. Donec posuere metus vitae ipsum. Aliquam non mauris.'),
(268, 'wpinsent72', 40, 'Curabitur gravida nisi at nibh. In hac habitasse platea dictumst. Aliquam augue quam, sollicitudin vitae, consectetuer eget, rutrum at, lorem.'),
(269, 'lquartlydq', 81, 'Quisque id justo sit amet sapien dignissim vestibulum. Vestibulum ante ipsum primis in faucibus orci luctus et ultrices posuere cubilia Curae; Nulla dapibus dolor vel est. Donec odio justo, sollicitudin ut, suscipit a, feugiat et, eros.'),
(270, 'wnollet1n', 4, 'Nullam sit amet turpis elementum ligula vehicula consequat. Morbi a ipsum. Integer a nibh.'),
(271, 'amccluinpv', 76, 'Nullam sit amet turpis elementum ligula vehicula consequat. Morbi a ipsum. Integer a nibh.'),
(272, 'ymoresbye1', 77, 'Cum sociis natoque penatibus et magnis dis parturient montes, nascetur ridiculus mus. Vivamus vestibulum sagittis sapien. Cum sociis natoque penatibus et magnis dis parturient montes, nascetur ridiculus mus.'),
(273, 'nhuguevillenq', 34, 'Morbi porttitor lorem id ligula. Suspendisse ornare consequat lectus. In est risus, auctor sed, tristique in, tempus sit amet, sem.'),
(274, 'yaldie25', 93, 'Phasellus sit amet erat. Nulla tempus. Vivamus in felis eu sapien cursus vestibulum.'),
(275, 'mdineen4p', 27, 'Quisque porta volutpat erat. Quisque erat eros, viverra eget, congue eget, semper rutrum, nulla. Nunc purus.'),
(276, 'epresmanio', 25, 'Lorem ipsum dolor sit amet, consectetuer adipiscing elit. Proin risus. Praesent lectus.'),
(277, 'hgeorgievd1', 96, 'Quisque id justo sit amet sapien dignissim vestibulum. Vestibulum ante ipsum primis in faucibus orci luctus et ultrices posuere cubilia Curae; Nulla dapibus dolor vel est. Donec odio justo, sollicitudin ut, suscipit a, feugiat et, eros.'),
(278, 'pziemen9p', 84, 'Duis aliquam convallis nunc. Proin at turpis a pede posuere nonummy. Integer non velit.'),
(279, 'mbasso5n', 58, 'Integer ac leo. Pellentesque ultrices mattis odio. Donec vitae nisi.'),
(280, 'kaizkovitchd2', 76, 'In hac habitasse platea dictumst. Morbi vestibulum, velit id pretium iaculis, diam erat fermentum justo, nec condimentum neque sapien placerat ante. Nulla justo.'),
(281, 'holleyo3', 63, 'Praesent blandit. Nam nulla. Integer pede justo, lacinia eget, tincidunt eget, tempus vel, pede.'),
(282, 'lyosselevitchr0', 67, 'In sagittis dui vel nisl. Duis ac nibh. Fusce lacus purus, aliquet at, feugiat non, pretium quis, lectus.'),
(283, 'whawsonnf', 52, 'Duis aliquam convallis nunc. Proin at turpis a pede posuere nonummy. Integer non velit.'),
(284, 'nlacroutzj0', 37, 'Nullam sit amet turpis elementum ligula vehicula consequat. Morbi a ipsum. Integer a nibh.'),
(285, 'ljohannesoc', 12, 'Duis consequat dui nec nisi volutpat eleifend. Donec ut dolor. Morbi vel lectus in quam fringilla rhoncus.'),
(286, 'pkynettg8', 93, 'Duis aliquam convallis nunc. Proin at turpis a pede posuere nonummy. Integer non velit.'),
(287, 'ejoplinqp', 21, 'Etiam vel augue. Vestibulum rutrum rutrum neque. Aenean auctor gravida sem.'),
(288, 'kspraberryeq', 42, 'Phasellus in felis. Donec semper sapien a libero. Nam dui.'),
(289, 'bbrownsteinqv', 63, 'Integer tincidunt ante vel ipsum. Praesent blandit lacinia erat. Vestibulum sed magna at nunc commodo placerat.'),
(290, 'kwallett82', 69, 'Nulla ut erat id mauris vulputate elementum. Nullam varius. Nulla facilisi.'),
(291, 'mheisleros', 55, 'Curabitur at ipsum ac tellus semper interdum. Mauris ullamcorper purus sit amet nulla. Quisque arcu libero, rutrum ac, lobortis vel, dapibus at, diam.'),
(292, 'ebendon49', 93, 'Nam ultrices, libero non mattis pulvinar, nulla pede ullamcorper augue, a suscipit nulla elit ac nulla. Sed vel enim sit amet nunc viverra dapibus. Nulla suscipit ligula in lacus.'),
(293, 'fchateauan', 17, 'Nulla ut erat id mauris vulputate elementum. Nullam varius. Nulla facilisi.'),
(294, 'cledson5a', 38, 'In hac habitasse platea dictumst. Etiam faucibus cursus urna. Ut tellus.'),
(295, 'gellettc9', 28, 'Cras non velit nec nisi vulputate nonummy. Maecenas tincidunt lacus at velit. Vivamus vel nulla eget eros elementum pellentesque.'),
(296, 'ldudmeshga', 92, 'Integer ac leo. Pellentesque ultrices mattis odio. Donec vitae nisi.'),
(297, 'blindemannor', 52, 'Proin interdum mauris non ligula pellentesque ultrices. Phasellus id sapien in sapien iaculis congue. Vivamus metus arcu, adipiscing molestie, hendrerit at, vulputate vitae, nisl.'),
(298, 'aellissen87', 46, 'Duis bibendum. Morbi non quam nec dui luctus rutrum. Nulla tellus.'),
(299, 'fbettinsonh9', 86, 'Donec diam neque, vestibulum eget, vulputate ut, ultrices vel, augue. Vestibulum ante ipsum primis in faucibus orci luctus et ultrices posuere cubilia Curae; Donec pharetra, magna vestibulum aliquet ultrices, erat tortor sollicitudin mi, sit amet lobortis sapien sapien non mi. Integer ac neque.'),
(300, 'xtysongi', 33, 'Lorem ipsum dolor sit amet, consectetuer adipiscing elit. Proin risus. Praesent lectus.'),
(301, 'pgreatbatchhb', 24, 'Mauris enim leo, rhoncus sed, vestibulum sit amet, cursus id, turpis. Integer aliquet, massa id lobortis convallis, tortor risus dapibus augue, vel accumsan tellus nisi eu orci. Mauris lacinia sapien quis libero.'),
(302, 'ugingeraq', 11, 'Duis bibendum. Morbi non quam nec dui luctus rutrum. Nulla tellus.'),
(303, 'fscanterburykh', 92, 'Aenean fermentum. Donec ut mauris eget massa tempor convallis. Nulla neque libero, convallis eget, eleifend luctus, ultricies eu, nibh.'),
(304, 'jtyler6u', 48, 'Etiam vel augue. Vestibulum rutrum rutrum neque. Aenean auctor gravida sem.'),
(305, 'ccarrabot6n', 43, 'Duis consequat dui nec nisi volutpat eleifend. Donec ut dolor. Morbi vel lectus in quam fringilla rhoncus.'),
(306, 'cmuslamw', 76, 'Nulla ut erat id mauris vulputate elementum. Nullam varius. Nulla facilisi.'),
(307, 'agurwoodmx', 79, 'Fusce posuere felis sed lacus. Morbi sem mauris, laoreet ut, rhoncus aliquet, pulvinar sed, nisl. Nunc rhoncus dui vel sem.'),
(308, 'gscopesly', 62, 'Suspendisse potenti. In eleifend quam a odio. In hac habitasse platea dictumst.'),
(309, 'fbowgen2f', 47, 'Morbi non lectus. Aliquam sit amet diam in magna bibendum imperdiet. Nullam orci pede, venenatis non, sodales sed, tincidunt eu, felis.'),
(310, 'lbiagionim', 67, 'Duis bibendum, felis sed interdum venenatis, turpis enim blandit mi, in porttitor pede justo eu massa. Donec dapibus. Duis at velit eu est congue elementum.'),
(311, 'jopieaa', 62, 'Suspendisse potenti. In eleifend quam a odio. In hac habitasse platea dictumst.'),
(312, 'wdionsettigo', 36, 'In congue. Etiam justo. Etiam pretium iaculis justo.'),
(313, 'jgoudge81', 4, 'Cum sociis natoque penatibus et magnis dis parturient montes, nascetur ridiculus mus. Vivamus vestibulum sagittis sapien. Cum sociis natoque penatibus et magnis dis parturient montes, nascetur ridiculus mus.'),
(314, 'ngregonpy', 99, 'Suspendisse potenti. In eleifend quam a odio. In hac habitasse platea dictumst.'),
(315, 'cproudler1f', 23, 'Duis aliquam convallis nunc. Proin at turpis a pede posuere nonummy. Integer non velit.'),
(316, 'hthoresbiehm', 39, 'Duis bibendum, felis sed interdum venenatis, turpis enim blandit mi, in porttitor pede justo eu massa. Donec dapibus. Duis at velit eu est congue elementum.'),
(317, 'tjentonl2', 68, 'Mauris enim leo, rhoncus sed, vestibulum sit amet, cursus id, turpis. Integer aliquet, massa id lobortis convallis, tortor risus dapibus augue, vel accumsan tellus nisi eu orci. Mauris lacinia sapien quis libero.'),
(318, 'ahiersjw', 31, 'Integer tincidunt ante vel ipsum. Praesent blandit lacinia erat. Vestibulum sed magna at nunc commodo placerat.'),
(319, 'kdomotor10', 10, 'Maecenas tristique, est et tempus semper, est quam pharetra magna, ac consequat metus sapien ut nunc. Vestibulum ante ipsum primis in faucibus orci luctus et ultrices posuere cubilia Curae; Mauris viverra diam vitae quam. Suspendisse potenti.'),
(320, 'jsummerill7z', 81, 'In sagittis dui vel nisl. Duis ac nibh. Fusce lacus purus, aliquet at, feugiat non, pretium quis, lectus.'),
(321, 'blille9n', 38, 'Phasellus in felis. Donec semper sapien a libero. Nam dui.'),
(322, 'whawsonnf', 44, 'Praesent id massa id nisl venenatis lacinia. Aenean sit amet justo. Morbi ut odio.'),
(323, 'tkileybk', 2, 'Aenean lectus. Pellentesque eget nunc. Donec quis orci eget orci vehicula condimentum.'),
(324, 'tyaneevj4', 4, 'Integer tincidunt ante vel ipsum. Praesent blandit lacinia erat. Vestibulum sed magna at nunc commodo placerat.'),
(325, 'tjentonl2', 34, 'Sed sagittis. Nam congue, risus semper porta volutpat, quam pede lobortis ligula, sit amet eleifend pede libero quis orci. Nullam molestie nibh in lectus.'),
(326, 'cluttger2m', 66, 'Cum sociis natoque penatibus et magnis dis parturient montes, nascetur ridiculus mus. Vivamus vestibulum sagittis sapien. Cum sociis natoque penatibus et magnis dis parturient montes, nascetur ridiculus mus.'),
(327, 'paseedm', 64, 'Nullam porttitor lacus at turpis. Donec posuere metus vitae ipsum. Aliquam non mauris.'),
(328, 'ggwilyme9', 100, 'Vestibulum quam sapien, varius ut, blandit non, interdum in, ante. Vestibulum ante ipsum primis in faucibus orci luctus et ultrices posuere cubilia Curae; Duis faucibus accumsan odio. Curabitur convallis.'),
(329, 'jdehnmp', 22, 'Vestibulum quam sapien, varius ut, blandit non, interdum in, ante. Vestibulum ante ipsum primis in faucibus orci luctus et ultrices posuere cubilia Curae; Duis faucibus accumsan odio. Curabitur convallis.'),
(330, 'gcowillp0', 10, 'Aenean lectus. Pellentesque eget nunc. Donec quis orci eget orci vehicula condimentum.'),
(331, 'blindemannor', 16, 'Quisque id justo sit amet sapien dignissim vestibulum. Vestibulum ante ipsum primis in faucibus orci luctus et ultrices posuere cubilia Curae; Nulla dapibus dolor vel est. Donec odio justo, sollicitudin ut, suscipit a, feugiat et, eros.'),
(332, 'iguntera5', 18, 'Fusce consequat. Nulla nisl. Nunc nisl.'),
(333, 'mwarrackg5', 42, 'Vestibulum quam sapien, varius ut, blandit non, interdum in, ante. Vestibulum ante ipsum primis in faucibus orci luctus et ultrices posuere cubilia Curae; Duis faucibus accumsan odio. Curabitur convallis.'),
(334, 'kglandonak', 61, 'Aliquam quis turpis eget elit sodales scelerisque. Mauris sit amet eros. Suspendisse accumsan tortor quis turpis.'),
(335, 'msheppard9i', 87, 'Maecenas ut massa quis augue luctus tincidunt. Nulla mollis molestie lorem. Quisque ut erat.'),
(336, 'jbattleij', 8, 'Morbi non lectus. Aliquam sit amet diam in magna bibendum imperdiet. Nullam orci pede, venenatis non, sodales sed, tincidunt eu, felis.'),
(337, 'ollewhellin25', 92, 'Nam ultrices, libero non mattis pulvinar, nulla pede ullamcorper augue, a suscipit nulla elit ac nulla. Sed vel enim sit amet nunc viverra dapibus. Nulla suscipit ligula in lacus.'),
(338, 'shenriquetlo', 92, 'Cras mi pede, malesuada in, imperdiet et, commodo vulputate, justo. In blandit ultrices enim. Lorem ipsum dolor sit amet, consectetuer adipiscing elit.'),
(339, 'ecasaleg9', 55, 'Cum sociis natoque penatibus et magnis dis parturient montes, nascetur ridiculus mus. Vivamus vestibulum sagittis sapien. Cum sociis natoque penatibus et magnis dis parturient montes, nascetur ridiculus mus.'),
(340, 'rguenyd0', 76, 'Proin interdum mauris non ligula pellentesque ultrices. Phasellus id sapien in sapien iaculis congue. Vivamus metus arcu, adipiscing molestie, hendrerit at, vulputate vitae, nisl.'),
(341, 'lvonwellduneu', 90, 'Maecenas ut massa quis augue luctus tincidunt. Nulla mollis molestie lorem. Quisque ut erat.'),
(342, 'dmazey5k', 17, 'In hac habitasse platea dictumst. Etiam faucibus cursus urna. Ut tellus.'),
(343, 'rfreda1j', 87, 'Etiam vel augue. Vestibulum rutrum rutrum neque. Aenean auctor gravida sem.'),
(344, 'fbowgen2f', 89, 'In sagittis dui vel nisl. Duis ac nibh. Fusce lacus purus, aliquet at, feugiat non, pretium quis, lectus.'),
(345, 'lcorseroj', 29, 'Nam ultrices, libero non mattis pulvinar, nulla pede ullamcorper augue, a suscipit nulla elit ac nulla. Sed vel enim sit amet nunc viverra dapibus. Nulla suscipit ligula in lacus.'),
(346, 'schatainier1l', 21, 'Suspendisse potenti. In eleifend quam a odio. In hac habitasse platea dictumst.'),
(347, 'cespinho6p', 56, 'Cum sociis natoque penatibus et magnis dis parturient montes, nascetur ridiculus mus. Vivamus vestibulum sagittis sapien. Cum sociis natoque penatibus et magnis dis parturient montes, nascetur ridiculus mus.'),
(348, 'ilahyo8', 8, 'Vestibulum ac est lacinia nisi venenatis tristique. Fusce congue, diam id ornare imperdiet, sapien urna pretium nisl, ut volutpat sapien arcu sed augue. Aliquam erat volutpat.'),
(349, 'lbarckefg', 12, 'Curabitur in libero ut massa volutpat convallis. Morbi odio odio, elementum eu, interdum eu, tincidunt in, leo. Maecenas pulvinar lobortis est.'),
(350, 'fbedleg', 42, 'Morbi porttitor lorem id ligula. Suspendisse ornare consequat lectus. In est risus, auctor sed, tristique in, tempus sit amet, sem.'),
(351, 'ldominicacciah', 12, 'Duis bibendum. Morbi non quam nec dui luctus rutrum. Nulla tellus.'),
(352, 'dcrickethd', 26, 'In hac habitasse platea dictumst. Etiam faucibus cursus urna. Ut tellus.'),
(353, 'jmckeevers5v', 73, 'In sagittis dui vel nisl. Duis ac nibh. Fusce lacus purus, aliquet at, feugiat non, pretium quis, lectus.'),
(354, 'nstowl3', 58, 'Praesent blandit. Nam nulla. Integer pede justo, lacinia eget, tincidunt eget, tempus vel, pede.'),
(355, 'ksnowdong7', 18, 'Phasellus in felis. Donec semper sapien a libero. Nam dui.'),
(356, 'vlordenig', 47, 'Praesent blandit. Nam nulla. Integer pede justo, lacinia eget, tincidunt eget, tempus vel, pede.'),
(357, 'cspinasif', 10, 'Praesent blandit. Nam nulla. Integer pede justo, lacinia eget, tincidunt eget, tempus vel, pede.'),
(358, 'pbisacreb9', 21, 'Maecenas leo odio, condimentum id, luctus nec, molestie sed, justo. Pellentesque viverra pede ac diam. Cras pellentesque volutpat dui.'),
(359, 'atilliardsms', 42, 'Pellentesque at nulla. Suspendisse potenti. Cras in purus eu magna vulputate luctus.'),
(360, 'dblakeyle', 83, 'Proin eu mi. Nulla ac enim. In tempor, turpis nec euismod scelerisque, quam turpis adipiscing lorem, vitae mattis nibh ligula nec sem.'),
(361, 'rwevellb6', 58, 'Lorem ipsum dolor sit amet, consectetuer adipiscing elit. Proin risus. Praesent lectus.'),
(362, 'lsanthousen7', 74, 'Duis bibendum, felis sed interdum venenatis, turpis enim blandit mi, in porttitor pede justo eu massa. Donec dapibus. Duis at velit eu est congue elementum.'),
(363, 'ealfuso9g', 11, 'Donec diam neque, vestibulum eget, vulputate ut, ultrices vel, augue. Vestibulum ante ipsum primis in faucibus orci luctus et ultrices posuere cubilia Curae; Donec pharetra, magna vestibulum aliquet ultrices, erat tortor sollicitudin mi, sit amet lobortis sapien sapien non mi. Integer ac neque.'),
(364, 'smaidens9r', 46, 'Pellentesque at nulla. Suspendisse potenti. Cras in purus eu magna vulputate luctus.'),
(365, 'jklimkovichq1', 31, 'Pellentesque at nulla. Suspendisse potenti. Cras in purus eu magna vulputate luctus.'),
(366, 'gwholesworthgk', 26, 'In hac habitasse platea dictumst. Etiam faucibus cursus urna. Ut tellus.'),
(367, 'ecallingtonlt', 80, 'Quisque porta volutpat erat. Quisque erat eros, viverra eget, congue eget, semper rutrum, nulla. Nunc purus.'),
(368, 'tphilmy', 1, 'Cras mi pede, malesuada in, imperdiet et, commodo vulputate, justo. In blandit ultrices enim. Lorem ipsum dolor sit amet, consectetuer adipiscing elit.'),
(369, 'mmewisjl', 46, 'In hac habitasse platea dictumst. Morbi vestibulum, velit id pretium iaculis, diam erat fermentum justo, nec condimentum neque sapien placerat ante. Nulla justo.'),
(370, 'npolini14', 88, 'Phasellus sit amet erat. Nulla tempus. Vivamus in felis eu sapien cursus vestibulum.'),
(371, 'aedelston1p', 36, 'Integer ac leo. Pellentesque ultrices mattis odio. Donec vitae nisi.'),
(372, 'dwellsmanau', 95, 'Morbi porttitor lorem id ligula. Suspendisse ornare consequat lectus. In est risus, auctor sed, tristique in, tempus sit amet, sem.'),
(373, 'igartan47', 13, 'Cras non velit nec nisi vulputate nonummy. Maecenas tincidunt lacus at velit. Vivamus vel nulla eget eros elementum pellentesque.'),
(374, 'apoulsen6e', 27, 'Integer tincidunt ante vel ipsum. Praesent blandit lacinia erat. Vestibulum sed magna at nunc commodo placerat.'),
(375, 'lcunah6y', 85, 'Aliquam quis turpis eget elit sodales scelerisque. Mauris sit amet eros. Suspendisse accumsan tortor quis turpis.'),
(376, 'abungeygu', 54, 'Vestibulum quam sapien, varius ut, blandit non, interdum in, ante. Vestibulum ante ipsum primis in faucibus orci luctus et ultrices posuere cubilia Curae; Duis faucibus accumsan odio. Curabitur convallis.'),
(377, 'nboheaa4', 76, 'Suspendisse potenti. In eleifend quam a odio. In hac habitasse platea dictumst.'),
(378, 'smaclennangb', 60, 'Quisque id justo sit amet sapien dignissim vestibulum. Vestibulum ante ipsum primis in faucibus orci luctus et ultrices posuere cubilia Curae; Nulla dapibus dolor vel est. Donec odio justo, sollicitudin ut, suscipit a, feugiat et, eros.'),
(379, 'dhigganj1', 48, 'Aliquam quis turpis eget elit sodales scelerisque. Mauris sit amet eros. Suspendisse accumsan tortor quis turpis.'),
(380, 'oahrendsency', 60, 'In hac habitasse platea dictumst. Etiam faucibus cursus urna. Ut tellus.'),
(381, 'wroelsbe', 75, 'Proin leo odio, porttitor id, consequat in, consequat ut, nulla. Sed accumsan felis. Ut at dolor quis odio consequat varius.'),
(382, 'rdundendale17', 62, 'In hac habitasse platea dictumst. Morbi vestibulum, velit id pretium iaculis, diam erat fermentum justo, nec condimentum neque sapien placerat ante. Nulla justo.'),
(383, 'ealfuso9g', 92, 'Proin leo odio, porttitor id, consequat in, consequat ut, nulla. Sed accumsan felis. Ut at dolor quis odio consequat varius.'),
(384, 'pnorveley', 65, 'Cum sociis natoque penatibus et magnis dis parturient montes, nascetur ridiculus mus. Vivamus vestibulum sagittis sapien. Cum sociis natoque penatibus et magnis dis parturient montes, nascetur ridiculus mus.'),
(385, 'rlifsey9w', 65, 'In hac habitasse platea dictumst. Etiam faucibus cursus urna. Ut tellus.'),
(386, 'etriggelx', 11, 'Praesent blandit. Nam nulla. Integer pede justo, lacinia eget, tincidunt eget, tempus vel, pede.'),
(387, 'idenisyev94', 17, 'Proin eu mi. Nulla ac enim. In tempor, turpis nec euismod scelerisque, quam turpis adipiscing lorem, vitae mattis nibh ligula nec sem.'),
(388, 'hgascoinek8', 77, 'In sagittis dui vel nisl. Duis ac nibh. Fusce lacus purus, aliquet at, feugiat non, pretium quis, lectus.'),
(389, 'kgipps23', 62, 'Nam ultrices, libero non mattis pulvinar, nulla pede ullamcorper augue, a suscipit nulla elit ac nulla. Sed vel enim sit amet nunc viverra dapibus. Nulla suscipit ligula in lacus.'),
(390, 'bdunsmore5y', 17, 'Curabitur gravida nisi at nibh. In hac habitasse platea dictumst. Aliquam augue quam, sollicitudin vitae, consectetuer eget, rutrum at, lorem.'),
(391, 'slagdenfh', 47, 'Sed sagittis. Nam congue, risus semper porta volutpat, quam pede lobortis ligula, sit amet eleifend pede libero quis orci. Nullam molestie nibh in lectus.'),
(392, 'epresmanio', 53, 'Fusce consequat. Nulla nisl. Nunc nisl.'),
(393, 'pbartalinrc', 64, 'Maecenas ut massa quis augue luctus tincidunt. Nulla mollis molestie lorem. Quisque ut erat.'),
(394, 'tkirton35', 50, 'Fusce consequat. Nulla nisl. Nunc nisl.'),
(395, 'blaweles5l', 84, 'Pellentesque at nulla. Suspendisse potenti. Cras in purus eu magna vulputate luctus.'),
(396, 'crenfrewfe', 21, 'Duis consequat dui nec nisi volutpat eleifend. Donec ut dolor. Morbi vel lectus in quam fringilla rhoncus.'),
(397, 'bgibby43', 71, 'Sed ante. Vivamus tortor. Duis mattis egestas metus.'),
(398, 'ashellume2', 42, 'Sed ante. Vivamus tortor. Duis mattis egestas metus.'),
(399, 'hhuc1y', 41, 'Sed sagittis. Nam congue, risus semper porta volutpat, quam pede lobortis ligula, sit amet eleifend pede libero quis orci. Nullam molestie nibh in lectus.'),
(400, 'kgippspt', 77, 'Mauris enim leo, rhoncus sed, vestibulum sit amet, cursus id, turpis. Integer aliquet, massa id lobortis convallis, tortor risus dapibus augue, vel accumsan tellus nisi eu orci. Mauris lacinia sapien quis libero.'),
(401, 'bgibby43', 19, 'Quisque id justo sit amet sapien dignissim vestibulum. Vestibulum ante ipsum primis in faucibus orci luctus et ultrices posuere cubilia Curae; Nulla dapibus dolor vel est. Donec odio justo, sollicitudin ut, suscipit a, feugiat et, eros.'),
(402, 'hgeorgievd1', 66, 'Aenean lectus. Pellentesque eget nunc. Donec quis orci eget orci vehicula condimentum.'),
(403, 'fchateauan', 55, 'Quisque id justo sit amet sapien dignissim vestibulum. Vestibulum ante ipsum primis in faucibus orci luctus et ultrices posuere cubilia Curae; Nulla dapibus dolor vel est. Donec odio justo, sollicitudin ut, suscipit a, feugiat et, eros.'),
(404, 'lschlagman36', 82, 'Duis aliquam convallis nunc. Proin at turpis a pede posuere nonummy. Integer non velit.'),
(405, 'lhalse7b', 75, 'Suspendisse potenti. In eleifend quam a odio. In hac habitasse platea dictumst.'),
(406, 'ssabeydw', 94, 'Sed sagittis. Nam congue, risus semper porta volutpat, quam pede lobortis ligula, sit amet eleifend pede libero quis orci. Nullam molestie nibh in lectus.'),
(407, 'rbrickwoodmm', 33, 'Curabitur at ipsum ac tellus semper interdum. Mauris ullamcorper purus sit amet nulla. Quisque arcu libero, rutrum ac, lobortis vel, dapibus at, diam.'),
(408, 'epetriw', 7, 'Phasellus in felis. Donec semper sapien a libero. Nam dui.'),
(409, 'shaslochgg', 45, 'Suspendisse potenti. In eleifend quam a odio. In hac habitasse platea dictumst.'),
(410, 'smaidens9r', 50, 'In sagittis dui vel nisl. Duis ac nibh. Fusce lacus purus, aliquet at, feugiat non, pretium quis, lectus.'),
(411, 'epresmanio', 83, 'Duis bibendum. Morbi non quam nec dui luctus rutrum. Nulla tellus.'),
(412, 'rwinsorpn', 8, 'Integer tincidunt ante vel ipsum. Praesent blandit lacinia erat. Vestibulum sed magna at nunc commodo placerat.'),
(413, 'mborreshr', 5, 'Fusce posuere felis sed lacus. Morbi sem mauris, laoreet ut, rhoncus aliquet, pulvinar sed, nisl. Nunc rhoncus dui vel sem.'),
(414, 'pdurno3z', 31, 'Praesent id massa id nisl venenatis lacinia. Aenean sit amet justo. Morbi ut odio.'),
(415, 'lyosselevitchr0', 8, 'Quisque porta volutpat erat. Quisque erat eros, viverra eget, congue eget, semper rutrum, nulla. Nunc purus.'),
(416, 'cwayman6z', 24, 'In sagittis dui vel nisl. Duis ac nibh. Fusce lacus purus, aliquet at, feugiat non, pretium quis, lectus.'),
(417, 'dizachik75', 83, 'Suspendisse potenti. In eleifend quam a odio. In hac habitasse platea dictumst.'),
(418, 'dlowton4d', 46, 'Duis bibendum, felis sed interdum venenatis, turpis enim blandit mi, in porttitor pede justo eu massa. Donec dapibus. Duis at velit eu est congue elementum.'),
(419, 'mpluthero65', 92, 'Quisque porta volutpat erat. Quisque erat eros, viverra eget, congue eget, semper rutrum, nulla. Nunc purus.'),
(420, 'tmorkhamm', 43, 'Phasellus sit amet erat. Nulla tempus. Vivamus in felis eu sapien cursus vestibulum.'),
(421, 'hfryatt6s', 51, 'Duis aliquam convallis nunc. Proin at turpis a pede posuere nonummy. Integer non velit.'),
(422, 'gmclenahangh', 6, 'Integer tincidunt ante vel ipsum. Praesent blandit lacinia erat. Vestibulum sed magna at nunc commodo placerat.'),
(423, 'afiguresgn', 96, 'Maecenas tristique, est et tempus semper, est quam pharetra magna, ac consequat metus sapien ut nunc. Vestibulum ante ipsum primis in faucibus orci luctus et ultrices posuere cubilia Curae; Mauris viverra diam vitae quam. Suspendisse potenti.'),
(424, 'xtysongi', 10, 'Fusce consequat. Nulla nisl. Nunc nisl.'),
(425, 'scattel8o', 30, 'Cum sociis natoque penatibus et magnis dis parturient montes, nascetur ridiculus mus. Vivamus vestibulum sagittis sapien. Cum sociis natoque penatibus et magnis dis parturient montes, nascetur ridiculus mus.'),
(426, 'pbisacreb9', 91, 'Nulla ut erat id mauris vulputate elementum. Nullam varius. Nulla facilisi.'),
(427, 'ebeathembz', 92, 'Nulla ut erat id mauris vulputate elementum. Nullam varius. Nulla facilisi.'),
(428, 'csobczakiv', 61, 'Fusce posuere felis sed lacus. Morbi sem mauris, laoreet ut, rhoncus aliquet, pulvinar sed, nisl. Nunc rhoncus dui vel sem.'),
(429, 'dpedrickm1', 100, 'Quisque porta volutpat erat. Quisque erat eros, viverra eget, congue eget, semper rutrum, nulla. Nunc purus.'),
(430, 'ppasfield4k', 34, 'Maecenas leo odio, condimentum id, luctus nec, molestie sed, justo. Pellentesque viverra pede ac diam. Cras pellentesque volutpat dui.'),
(431, 'tcolquhoun7v', 83, 'Mauris enim leo, rhoncus sed, vestibulum sit amet, cursus id, turpis. Integer aliquet, massa id lobortis convallis, tortor risus dapibus augue, vel accumsan tellus nisi eu orci. Mauris lacinia sapien quis libero.'),
(432, 'mgamwell1o', 63, 'Nulla ut erat id mauris vulputate elementum. Nullam varius. Nulla facilisi.'),
(433, 'dstandage9k', 3, 'Duis aliquam convallis nunc. Proin at turpis a pede posuere nonummy. Integer non velit.'),
(434, 'lmendezl4', 42, 'Phasellus sit amet erat. Nulla tempus. Vivamus in felis eu sapien cursus vestibulum.'),
(435, 'cwipperl0', 92, 'Fusce posuere felis sed lacus. Morbi sem mauris, laoreet ut, rhoncus aliquet, pulvinar sed, nisl. Nunc rhoncus dui vel sem.'),
(436, 'aheffernanku', 39, 'In hac habitasse platea dictumst. Etiam faucibus cursus urna. Ut tellus.'),
(437, 'rseftonc5', 40, 'Etiam vel augue. Vestibulum rutrum rutrum neque. Aenean auctor gravida sem.'),
(438, 'hfryatt6s', 55, 'Nullam porttitor lacus at turpis. Donec posuere metus vitae ipsum. Aliquam non mauris.'),
(439, 'lguyere', 29, 'In hac habitasse platea dictumst. Morbi vestibulum, velit id pretium iaculis, diam erat fermentum justo, nec condimentum neque sapien placerat ante. Nulla justo.'),
(440, 'fhousonb1', 7, 'Cras non velit nec nisi vulputate nonummy. Maecenas tincidunt lacus at velit. Vivamus vel nulla eget eros elementum pellentesque.'),
(441, 'kllewhellinqj', 76, 'Integer ac leo. Pellentesque ultrices mattis odio. Donec vitae nisi.'),
(442, 'efrayling8u', 51, 'Lorem ipsum dolor sit amet, consectetuer adipiscing elit. Proin risus. Praesent lectus.'),
(443, 'rkennellyfo', 40, 'In hac habitasse platea dictumst. Etiam faucibus cursus urna. Ut tellus.'),
(444, 'cpockepo', 44, 'Curabitur in libero ut massa volutpat convallis. Morbi odio odio, elementum eu, interdum eu, tincidunt in, leo. Maecenas pulvinar lobortis est.'),
(445, 'rhaddow52', 76, 'Maecenas tristique, est et tempus semper, est quam pharetra magna, ac consequat metus sapien ut nunc. Vestibulum ante ipsum primis in faucibus orci luctus et ultrices posuere cubilia Curae; Mauris viverra diam vitae quam. Suspendisse potenti.'),
(446, 'hmcilvenna2t', 28, 'Duis bibendum, felis sed interdum venenatis, turpis enim blandit mi, in porttitor pede justo eu massa. Donec dapibus. Duis at velit eu est congue elementum.'),
(447, 'cmacmarcuisbp', 60, 'Cras non velit nec nisi vulputate nonummy. Maecenas tincidunt lacus at velit. Vivamus vel nulla eget eros elementum pellentesque.'),
(448, 'mmartynikhin91', 55, 'Praesent id massa id nisl venenatis lacinia. Aenean sit amet justo. Morbi ut odio.'),
(449, 'wrulten55', 43, 'Proin interdum mauris non ligula pellentesque ultrices. Phasellus id sapien in sapien iaculis congue. Vivamus metus arcu, adipiscing molestie, hendrerit at, vulputate vitae, nisl.'),
(450, 'mdeglanville9b', 57, 'Proin eu mi. Nulla ac enim. In tempor, turpis nec euismod scelerisque, quam turpis adipiscing lorem, vitae mattis nibh ligula nec sem.'),
(451, 'lmacmarcuislg', 56, 'Aenean lectus. Pellentesque eget nunc. Donec quis orci eget orci vehicula condimentum.'),
(452, 'rlilfordcj', 53, 'Quisque id justo sit amet sapien dignissim vestibulum. Vestibulum ante ipsum primis in faucibus orci luctus et ultrices posuere cubilia Curae; Nulla dapibus dolor vel est. Donec odio justo, sollicitudin ut, suscipit a, feugiat et, eros.'),
(453, 'jchevis6j', 56, 'Proin interdum mauris non ligula pellentesque ultrices. Phasellus id sapien in sapien iaculis congue. Vivamus metus arcu, adipiscing molestie, hendrerit at, vulputate vitae, nisl.'),
(454, 'egrumleyea', 82, 'Vestibulum quam sapien, varius ut, blandit non, interdum in, ante. Vestibulum ante ipsum primis in faucibus orci luctus et ultrices posuere cubilia Curae; Duis faucibus accumsan odio. Curabitur convallis.'),
(455, 'acorneliusjg', 3, 'Morbi porttitor lorem id ligula. Suspendisse ornare consequat lectus. In est risus, auctor sed, tristique in, tempus sit amet, sem.'),
(456, 'ahuebnermq', 95, 'Cum sociis natoque penatibus et magnis dis parturient montes, nascetur ridiculus mus. Vivamus vestibulum sagittis sapien. Cum sociis natoque penatibus et magnis dis parturient montes, nascetur ridiculus mus.'),
(457, 'nbridel1v', 3, 'Lorem ipsum dolor sit amet, consectetuer adipiscing elit. Proin risus. Praesent lectus.'),
(458, 'lbarfieldeo', 85, 'Maecenas tristique, est et tempus semper, est quam pharetra magna, ac consequat metus sapien ut nunc. Vestibulum ante ipsum primis in faucibus orci luctus et ultrices posuere cubilia Curae; Mauris viverra diam vitae quam. Suspendisse potenti.'),
(459, 'jdehmell', 19, 'Nam ultrices, libero non mattis pulvinar, nulla pede ullamcorper augue, a suscipit nulla elit ac nulla. Sed vel enim sit amet nunc viverra dapibus. Nulla suscipit ligula in lacus.'),
(460, 'lmacmarcuislg', 11, 'Sed sagittis. Nam congue, risus semper porta volutpat, quam pede lobortis ligula, sit amet eleifend pede libero quis orci. Nullam molestie nibh in lectus.'),
(461, 'mbourthoumieux14', 75, 'Integer ac leo. Pellentesque ultrices mattis odio. Donec vitae nisi.'),
(462, 'aspollen9s', 54, 'Duis bibendum. Morbi non quam nec dui luctus rutrum. Nulla tellus.'),
(463, 'csolomonbr', 9, 'Integer tincidunt ante vel ipsum. Praesent blandit lacinia erat. Vestibulum sed magna at nunc commodo placerat.'),
(464, 'ngregonpy', 44, 'In hac habitasse platea dictumst. Morbi vestibulum, velit id pretium iaculis, diam erat fermentum justo, nec condimentum neque sapien placerat ante. Nulla justo.'),
(465, 'bhellis2n', 72, 'Nam ultrices, libero non mattis pulvinar, nulla pede ullamcorper augue, a suscipit nulla elit ac nulla. Sed vel enim sit amet nunc viverra dapibus. Nulla suscipit ligula in lacus.'),
(466, 'kjeannot69', 86, 'Proin leo odio, porttitor id, consequat in, consequat ut, nulla. Sed accumsan felis. Ut at dolor quis odio consequat varius.'),
(467, 'vcastellki', 91, 'Phasellus in felis. Donec semper sapien a libero. Nam dui.'),
(468, 'sgollingpc', 65, 'Mauris enim leo, rhoncus sed, vestibulum sit amet, cursus id, turpis. Integer aliquet, massa id lobortis convallis, tortor risus dapibus augue, vel accumsan tellus nisi eu orci. Mauris lacinia sapien quis libero.'),
(469, 'aklouzhj', 96, 'Curabitur at ipsum ac tellus semper interdum. Mauris ullamcorper purus sit amet nulla. Quisque arcu libero, rutrum ac, lobortis vel, dapibus at, diam.'),
(470, 'jmathancr', 75, 'Duis bibendum. Morbi non quam nec dui luctus rutrum. Nulla tellus.'),
(471, 'mkettellnl', 90, 'Sed ante. Vivamus tortor. Duis mattis egestas metus.'),
(472, 'smaclennangb', 65, 'Maecenas tristique, est et tempus semper, est quam pharetra magna, ac consequat metus sapien ut nunc. Vestibulum ante ipsum primis in faucibus orci luctus et ultrices posuere cubilia Curae; Mauris viverra diam vitae quam. Suspendisse potenti.'),
(473, 'belgie70', 63, 'Praesent id massa id nisl venenatis lacinia. Aenean sit amet justo. Morbi ut odio.'),
(474, 'abuma7', 93, 'Morbi porttitor lorem id ligula. Suspendisse ornare consequat lectus. In est risus, auctor sed, tristique in, tempus sit amet, sem.'),
(475, 'ktheakstondi', 92, 'Sed sagittis. Nam congue, risus semper porta volutpat, quam pede lobortis ligula, sit amet eleifend pede libero quis orci. Nullam molestie nibh in lectus.'),
(476, 'ehexum85', 66, 'Cras non velit nec nisi vulputate nonummy. Maecenas tincidunt lacus at velit. Vivamus vel nulla eget eros elementum pellentesque.'),
(477, 'ecurstonob', 14, 'Phasellus sit amet erat. Nulla tempus. Vivamus in felis eu sapien cursus vestibulum.'),
(478, 'rband2w', 97, 'Donec diam neque, vestibulum eget, vulputate ut, ultrices vel, augue. Vestibulum ante ipsum primis in faucibus orci luctus et ultrices posuere cubilia Curae; Donec pharetra, magna vestibulum aliquet ultrices, erat tortor sollicitudin mi, sit amet lobortis sapien sapien non mi. Integer ac neque.'),
(479, 'ghudspeth51', 1, 'In quis justo. Maecenas rhoncus aliquam lacus. Morbi quis tortor id nulla ultrices aliquet.'),
(480, 'sdrezzernb', 97, 'Suspendisse potenti. In eleifend quam a odio. In hac habitasse platea dictumst.'),
(481, 'ogabottidt', 96, 'Sed ante. Vivamus tortor. Duis mattis egestas metus.'),
(482, 'egrumleyea', 43, 'In hac habitasse platea dictumst. Morbi vestibulum, velit id pretium iaculis, diam erat fermentum justo, nec condimentum neque sapien placerat ante. Nulla justo.'),
(483, 'chardendl', 88, 'Mauris enim leo, rhoncus sed, vestibulum sit amet, cursus id, turpis. Integer aliquet, massa id lobortis convallis, tortor risus dapibus augue, vel accumsan tellus nisi eu orci. Mauris lacinia sapien quis libero.'),
(484, 'ncolten9d', 52, 'Cum sociis natoque penatibus et magnis dis parturient montes, nascetur ridiculus mus. Vivamus vestibulum sagittis sapien. Cum sociis natoque penatibus et magnis dis parturient montes, nascetur ridiculus mus.'),
(485, 'jthomsenjp', 54, 'Integer ac leo. Pellentesque ultrices mattis odio. Donec vitae nisi.'),
(486, 'igartan47', 52, 'Praesent id massa id nisl venenatis lacinia. Aenean sit amet justo. Morbi ut odio.'),
(487, 'thullinsj3', 64, 'Praesent blandit. Nam nulla. Integer pede justo, lacinia eget, tincidunt eget, tempus vel, pede.'),
(488, 'gdellermv', 21, 'In congue. Etiam justo. Etiam pretium iaculis justo.'),
(489, 'cofinandz', 65, 'Proin eu mi. Nulla ac enim. In tempor, turpis nec euismod scelerisque, quam turpis adipiscing lorem, vitae mattis nibh ligula nec sem.'),
(490, 'nhampstead3t', 87, 'Aenean lectus. Pellentesque eget nunc. Donec quis orci eget orci vehicula condimentum.'),
(491, 'jfrudehy', 68, 'Duis aliquam convallis nunc. Proin at turpis a pede posuere nonummy. Integer non velit.'),
(492, 'anibleyq8', 19, 'Integer tincidunt ante vel ipsum. Praesent blandit lacinia erat. Vestibulum sed magna at nunc commodo placerat.'),
(493, 'pbarteletr3', 72, 'Vestibulum quam sapien, varius ut, blandit non, interdum in, ante. Vestibulum ante ipsum primis in faucibus orci luctus et ultrices posuere cubilia Curae; Duis faucibus accumsan odio. Curabitur convallis.'),
(494, 'bdacostap6', 93, 'Cras non velit nec nisi vulputate nonummy. Maecenas tincidunt lacus at velit. Vivamus vel nulla eget eros elementum pellentesque.'),
(495, 'cgilsthorpeq7', 98, 'Nullam porttitor lacus at turpis. Donec posuere metus vitae ipsum. Aliquam non mauris.'),
(496, 'dwellsmanau', 31, 'Mauris enim leo, rhoncus sed, vestibulum sit amet, cursus id, turpis. Integer aliquet, massa id lobortis convallis, tortor risus dapibus augue, vel accumsan tellus nisi eu orci. Mauris lacinia sapien quis libero.'),
(497, 'tgrebbin4v', 100, 'Lorem ipsum dolor sit amet, consectetuer adipiscing elit. Proin risus. Praesent lectus.'),
(498, 'uhemphillag', 35, 'In sagittis dui vel nisl. Duis ac nibh. Fusce lacus purus, aliquet at, feugiat non, pretium quis, lectus.'),
(499, 'lbeckinsallmt', 34, 'Aenean fermentum. Donec ut mauris eget massa tempor convallis. Nulla neque libero, convallis eget, eleifend luctus, ultricies eu, nibh.'),
(500, 'gmottleyon', 41, 'Phasellus in felis. Donec semper sapien a libero. Nam dui.');

insert into emote (nome, link, id_canale) values
('pbaldung0', 'http://dummyimage.com/177x100.png/5fa2dd/ffffff', 'rholbarrow0'),
('hruckert1', 'http://dummyimage.com/131x100.png/cc0000/ffffff', 'dparkhouse1'),
('sclouter2', 'http://dummyimage.com/216x100.png/ff4444/ffffff', 'mperassi2'),
('jnicolls3', 'http://dummyimage.com/209x100.png/ff4444/ffffff', 'qolekhov3'),
('wgreatex4', 'http://dummyimage.com/193x100.png/5fa2dd/ffffff', 'dcoupland4'),
('tmayor5', 'http://dummyimage.com/101x100.png/dddddd/000000', 'njehan5'),
('bmathew6', 'http://dummyimage.com/164x100.png/dddddd/000000', 'zreichardt6'),
('lleddy7', 'http://dummyimage.com/219x100.png/cc0000/ffffff', 'fapplegate7'),
('rpibworth8', 'http://dummyimage.com/229x100.png/5fa2dd/ffffff', 'rtetlow8'),
('rhurst9', 'http://dummyimage.com/188x100.png/5fa2dd/ffffff', 'kcyster9'),
('ecrabba', 'http://dummyimage.com/184x100.png/ff4444/ffffff', 'sshimmansa'),
('dgeachb', 'http://dummyimage.com/103x100.png/5fa2dd/ffffff', 'akilmurryb'),
('kembertonc', 'http://dummyimage.com/132x100.png/ff4444/ffffff', 'samberc'),
('arennocksd', 'http://dummyimage.com/217x100.png/cc0000/ffffff', 'fauburyd'),
('sdowdinge', 'http://dummyimage.com/125x100.png/dddddd/000000', 'sisitte'),
('bpocknollf', 'http://dummyimage.com/207x100.png/ff4444/ffffff', 'rkreberf'),
('cleadsg', 'http://dummyimage.com/157x100.png/dddddd/000000', 'ksymingtong'),
('skeetonh', 'http://dummyimage.com/227x100.png/5fa2dd/ffffff', 'jmorleyh'),
('tspyvyei', 'http://dummyimage.com/199x100.png/dddddd/000000', 'hlodewicki'),
('kminerdoj', 'http://dummyimage.com/248x100.png/cc0000/ffffff', 'mpardiej'),
('lclawsleyk', 'http://dummyimage.com/121x100.png/dddddd/000000', 'acicconek'),
('ieastmentl', 'http://dummyimage.com/185x100.png/ff4444/ffffff', 'rhanburybrownl'),
('cvaseninm', 'http://dummyimage.com/204x100.png/5fa2dd/ffffff', 'ycollism'),
('gwillinghamn', 'http://dummyimage.com/106x100.png/cc0000/ffffff', 'ematen'),
('sdundredgeo', 'http://dummyimage.com/184x100.png/ff4444/ffffff', 'tlealleo'),
('jthamsp', 'http://dummyimage.com/160x100.png/5fa2dd/ffffff', 'hmarap'),
('kmcsaulq', 'http://dummyimage.com/149x100.png/dddddd/000000', 'btreanorq'),
('scorbenr', 'http://dummyimage.com/233x100.png/dddddd/000000', 'cextilr'),
('lglaisners', 'http://dummyimage.com/113x100.png/ff4444/ffffff', 'bspadazzis'),
('gstattont', 'http://dummyimage.com/210x100.png/dddddd/000000', 'abennittt'),
('aturfusu', 'http://dummyimage.com/184x100.png/ff4444/ffffff', 'smontgomeryu'),
('areidv', 'http://dummyimage.com/250x100.png/ff4444/ffffff', 'hhawkswoodv'),
('bmeasew', 'http://dummyimage.com/119x100.png/ff4444/ffffff', 'zdomengetw'),
('charrymanx', 'http://dummyimage.com/134x100.png/ff4444/ffffff', 'clanferx'),
('jdiegoy', 'http://dummyimage.com/121x100.png/dddddd/000000', 'rfanshawey'),
('aalbasiniz', 'http://dummyimage.com/204x100.png/cc0000/ffffff', 'lvintonz'),
('wmatkovic10', 'http://dummyimage.com/243x100.png/cc0000/ffffff', 'csorensen10'),
('esoonhouse11', 'http://dummyimage.com/153x100.png/5fa2dd/ffffff', 'hsottell11'),
('scharlot12', 'http://dummyimage.com/246x100.png/dddddd/000000', 'ksemper12'),
('rlamlin13', 'http://dummyimage.com/134x100.png/ff4444/ffffff', 'yapdell13'),
('jcolton14', 'http://dummyimage.com/109x100.png/5fa2dd/ffffff', 'alafayette14'),
('cbeamont15', 'http://dummyimage.com/198x100.png/dddddd/000000', 'aleuren15'),
('mbails16', 'http://dummyimage.com/149x100.png/ff4444/ffffff', 'dlarwell16'),
('prenak17', 'http://dummyimage.com/249x100.png/ff4444/ffffff', 'jloving17'),
('drosenthaler18', 'http://dummyimage.com/242x100.png/5fa2dd/ffffff', 'eandrioli18'),
('dmartinat19', 'http://dummyimage.com/124x100.png/dddddd/000000', 'gtrounce19'),
('smoulding1a', 'http://dummyimage.com/161x100.png/dddddd/000000', 'fgladman1a'),
('cjohnsey1b', 'http://dummyimage.com/114x100.png/dddddd/000000', 'jkellie1b'),
('ehekkert1c', 'http://dummyimage.com/214x100.png/dddddd/000000', 'dedmondson1c'),
('myegoshin1d', 'http://dummyimage.com/184x100.png/ff4444/ffffff', 'jmetzel1d'),
('emawford1e', 'http://dummyimage.com/234x100.png/5fa2dd/ffffff', 'wbraam1e'),
('bheadon1f', 'http://dummyimage.com/164x100.png/ff4444/ffffff', 'rrubbert1f'),
('keveral1g', 'http://dummyimage.com/118x100.png/5fa2dd/ffffff', 'ljuckes1g'),
('hgilcriest1h', 'http://dummyimage.com/162x100.png/dddddd/000000', 'rtwaite1h'),
('kcollinson1i', 'http://dummyimage.com/102x100.png/ff4444/ffffff', 'lguite1i'),
('dvsanelli1j', 'http://dummyimage.com/182x100.png/ff4444/ffffff', 'ewaterdrinker1j'),
('mthorius1k', 'http://dummyimage.com/231x100.png/5fa2dd/ffffff', 'cwippermann1k'),
('hantonelli1l', 'http://dummyimage.com/183x100.png/dddddd/000000', 'emoorton1l'),
('aglozman1m', 'http://dummyimage.com/160x100.png/cc0000/ffffff', 'whollow1m'),
('hsiley1n', 'http://dummyimage.com/171x100.png/dddddd/000000', 'ajanew1n');

insert into modera (id_account, id_canale) values
('dsherebrook0', 'njehan5'),
('tlepiscopi2', 'jmetzel1d'),
('aderkes4', 'rstaveley32'),
('dcoburn6', 'kquince3a'),
('hrobathon9', 'klapwood2l'),
('tyongj', 'gtrounce19'),
('bdewettk', 'jberney2o'),
('jpatriao', 'achalcraft2x'),
('bkinchinq', 'bspadazzis'),
('mupstonv', 'jbamb2r'),
('dmargaretx', 'jbamb2r'),
('bsaye10', 'fdoxey38'),
('eballendine12', 'dparkhouse1'),
('kwindaybank13', 'cpayn3j'),
('fshoard15', 'dwince2e'),
('mwinear16', 'dlarwell16'),
('kcottill18', 'alafayette14'),
('ncoventon19', 'bspadazzis'),
('ebresnahan1b', 'mlewknor26'),
('mmarcinkowski1f', 'qolekhov3'),
('abrandel1j', 'ljuckes1g'),
('kgilford1k', 'samberc'),
('mburdas1p', 'lcarnilian1z'),
('thardi1q', 'jperham1x'),
('clefrank1r', 'jloving17'),
('wwildes1s', 'acicconek'),
('kaudritt1t', 'eandrioli18'),
('ddorsett1w', 'tlealleo'),
('rgent1x', 'fkretschmer2i'),
('imulhill28', 'zdomengetw'),
('mtreweke29', 'jbamb2r'),
('akersaw2a', 'jperham1x'),
('begar2e', 'ewaterdrinker1j'),
('korhrt2f', 'bpringer2b'),
('pvigours2i', 'tloxdale1t'),
('jskokoe2r', 'dparkhouse1'),
('dsherebrook0', 'ohallifax1o'),
('tlepiscopi2', 'nbrent2c'),
('aderkes4', 'csorensen10'),
('dcoburn6', 'gtrounce19'),
('hrobathon9', 'rriddiough36'),
('tyongj', 'fgladman1a'),
('bdewettk', 'kgarbutt3d'),
('jpatriao', 'lgocher27'),
('bkinchinq', 'rhanburybrownl'),
('mupstonv', 'rhallatt37'),
('dmargaretx', 'rstaveley32'),
('bsaye10', 'aderuel21'),
('eballendine12', 'jgamlin1v'),
('kwindaybank13', 'dparkhouse1'),
('fshoard15', 'bspadazzis'),
('mwinear16', 'ddraisey1u'),
('kcottill18', 'vbrownsey20'),
('ncoventon19', 'jgamlin1v'),
('ebresnahan1b', 'nfansy2t'),
('mmarcinkowski1f', 'dedmondson1c'),
('abrandel1j', 'astroband29'),
('kgilford1k', 'vbrownsey20'),
('mburdas1p', 'rkreberf'),
('thardi1q', 'astroband29');

insert into seguiti (id_utente, id_canale) values
('cpeggsdh', 'fbrewis30'),
('vcastellki', 'lallnutt3b'),
('hhuc1y', 'ladds3i'),
('dquantrill1a', 'rkreberf'),
('lbarckefg', 'jmcgauhy35'),
('cneildjd', 'zmatthews2v'),
('kmonanac', 'kquince3a'),
('lsturrgd', 'sridley28'),
('fdegoweo6', 'breeken34'),
('rsprittih', 'hhawkswoodv'),
('dhassan3s', 'sisitte'),
('mbolderstonelf', 'rriddiough36'),
('vphinnessypu', 'dedmondson1c'),
('fwhitesonbl', 'ewaterdrinker1j'),
('arigbyln', 'csorensen10'),
('dladdlekw', 'nfansy2t'),
('jdismore27', 'wbraam1e'),
('fbickerstaffa3', 'hmarap'),
('mcopping93', 'rkreberf'),
('hlyfela', 'zmatthews2v'),
('kaleevyix', 'ljosephs33'),
('hhuc1y', 'lallnutt3b'),
('arigbyln', 'astroband29'),
('bblackborngs', 'whollow1m'),
('doldey1g', 'hlodewicki'),
('tscortonot', 'jmetzel1d'),
('abedenhamll', 'fapplegate7'),
('slagdenfh', 'ohallifax1o'),
('ebreckellq0', 'akilmurryb'),
('lyosselevitchr0', 'sfydo39'),
('jblundelar', 'freadwood2w'),
('icornuauoo', 'iredolfi1p'),
('jkeytebt', 'jmorleyh'),
('ajakubowiczrn', 'yapdell13'),
('nkedge8p', 'klapwood2l'),
('nlacroutzj0', 'jkellie1b'),
('scattel8o', 'fbrewis30'),
('mclaeskensn6', 'jloving17'),
('ajakubowiczrn', 'lcarnilian1z'),
('gcambelljv', 'qdewsnap3c'),
('kaizkovitchd2', 'hhawkswoodv'),
('tjentonl2', 'kgarbutt3d'),
('tgotling9e', 'fkretschmer2i'),
('lboydelldp', 'fgladman1a'),
('arosenfield3y', 'bpringer2b'),
('csteanyngqz', 'hhawkswoodv'),
('ltebbutfb', 'dparkhouse1'),
('cfrancom5x', 'njehan5'),
('rkennellyfo', 'pgonthard22'),
('kgauntley34', 'lvintonz'),
('blarkhn', 'zreichardt6'),
('mfaustingl', 'lgocher27'),
('cgoldstrawkg', 'gtrounce19'),
('vmasedon8j', 'mperassi2'),
('hforcer2h', 'nfansy2t'),
('dhaxbiegx', 'ljuckes1g'),
('pmilledj', 'bcuree3f'),
('mgamwell1o', 'ddraisey1u'),
('ssporner62', 'acicconek'),
('jcrumbieei', 'rhallatt37'),
('pnorveley', 'agaskal2d'),
('mdecrucerf', 'ladds3i'),
('atolcher4h', 'eandrioli18'),
('esiggskc', 'emoorton1l'),
('dpriddymn', 'lcarnilian1z'),
('hbartaliniqr', 'ljuckes1g'),
('dhaxbiegx', 'lcarnilian1z'),
('nfeymj', 'qolekhov3'),
('aantoniqq', 'cwippermann1k'),
('apore', 'rfanshawey'),
('tstannislawski88', 'cbarten2n'),
('dtoraldia', 'zdomengetw'),
('svasilyevskicm', 'mperassi2'),
('npolini14', 'breeken34'),
('jpresnailk6', 'jgamlin1v'),
('kricciardojf', 'pshelper25'),
('lbolesma20', 'sridley28'),
('afiguresgn', 'frigbye2p'),
('fdegoweo6', 'ematen'),
('aflattmanic', 'ematen'),
('mtiffini0', 'sisitte'),
('bceaser13', 'jmorleyh'),
('drouf2e', 'rtetlow8'),
('evarahpr', 'fapplegate7'),
('bcrankea1', 'wbraam1e'),
('mchainey6k', 'fauburyd'),
('kjosephoffv', 'breeken34'),
('kiwanowskia6', 'nfansy2t'),
('ghudspeth51', 'hledeker2k'),
('ngregonpy', 'ddraisey1u'),
('dsoppfv', 'vbrownsey20'),
('vtindle3n', 'aferreras2y'),
('nlacroutzj0', 'nbrent2c'),
('cgatecliffe8x', 'rhanburybrownl'),
('lquartlydq', 'zdomengetw'),
('wquarringtoniq', 'qolekhov3'),
('fcamossobq', 'jgamlin1v'),
('bminghetti3h', 'lguite1i'),
('rcastagnerim0', 'akeller3h'),
('rmeatesji', 'fkretschmer2i'),
('krohmerhw', 'jmcgauhy35'),
('acorneliusjg', 'sridley28'),
('hdunicanop', 'ksemper12'),
('vmessam2r', 'dwince2e'),
('mwarrackg5', 'zreichardt6'),
('jbattleij', 'ilucien1s'),
('mfullagerl5', 'gtrounce19'),
('mcovillkm', 'proskelley23'),
('plongworthy6a', 'cbarten2n'),
('dbourchierb4', 'jmetzel1d'),
('vmessam2r', 'jkellie1b'),
('sobispo7j', 'ksemper12'),
('rslingercb', 'tlealleo'),
('ccombesl9', 'fdoxey38'),
('kdomotor10', 'fdoxey38'),
('zbonas3g', 'pshelper25'),
('pfoordi4', 'qolekhov3'),
('sfusedale98', 'wcastiglio2j'),
('fbertheljk', 'ladds3i'),
('gangoodbf', 'ematen'),
('tduthiepl', 'akeller3h'),
('aduplocket', 'jmorleyh'),
('fcamossobq', 'fgladman1a'),
('pfoordi4', 'btreanorq'),
('ahuebnermq', 'bpringer2b'),
('acasado30', 'hlodewicki'),
('hpougher2i', 'frigbye2p'),
('cpimer2k', 'rrubbert1f'),
('hpodburybv', 'tlealleo'),
('jbaldassi4z', 'yapdell13'),
('mfullagerl5', 'qolekhov3'),
('kglandonak', 'whollow1m'),
('kspraberryeq', 'zfearns2f'),
('aflattmanic', 'eandrioli18'),
('ibedow5e', 'jmorleyh'),
('preffeb3', 'cheald2h'),
('emcvaugh7y', 'akilmurryb'),
('dgable6w', 'sfydo39'),
('fwhitesonbl', 'fapplegate7'),
('ajohnke6l', 'bspadazzis'),
('nbridel1v', 'vbrownsey20'),
('qdomleomf', 'ladds3i'),
('nwollersgm', 'mclaire2z'),
('mberresfordlp', 'sattack24'),
('dkoppeck7u', 'rtetlow8'),
('islessern0', 'tlealleo'),
('lpedlowp5', 'jkellie1b'),
('kwaplington4t', 'qolekhov3'),
('bburdha', 'sisitte'),
('lquilliganl8', 'rholbarrow0'),
('rwinsorpn', 'ddraisey1u'),
('bmatyukonmr', 'rhanburybrownl'),
('lsanthousen7', 'lluna31'),
('bokendenck', 'nfansy2t'),
('fdegoweo6', 'dcoupland4'),
('khousecraft3i', 'wbraam1e'),
('dmccarneyh7', 'rkreberf'),
('sfloodgate7g', 'qolekhov3'),
('gcowillp0', 'lvintonz'),
('mfeuell23', 'jberney2o'),
('cingerman68', 'bcuree3f'),
('kglandonak', 'mclaire2z'),
('makedp7', 'bpringer2b'),
('tumpleby4u', 'eandrioli18'),
('ssolanoht', 'alafayette14'),
('msandryn8', 'freadwood2w'),
('jblundelar', 'tlealleo'),
('ncolten9d', 'aferreras2y'),
('ssnooks3a', 'jloving17'),
('bmostenmu', 'aderuel21'),
('dleppingtonfc', 'aderuel21'),
('aeshmadect', 'qolekhov3'),
('cwhealkv', 'kgarbutt3d'),
('vlordenig', 'fapplegate7'),
('mheckner7c', 'dpawley3g'),
('ccarrabot6n', 'fdoxey38'),
('hkrierj2', 'zreichardt6'),
('pjendrichk1', 'nfansy2t'),
('aklouzhj', 'dwince2e'),
('hsmitheqn', 'mmullett1q'),
('hpougher2i', 'ddraisey1u'),
('vcastellki', 'pgonthard22'),
('nbuggskx', 'evannikov2m'),
('ttyrwhittm2', 'rriddiough36'),
('bbutterwick7x', 'arosone2q'),
('lquartlydq', 'ksymingtong'),
('sfusedale98', 'jgamlin1v'),
('tyaneevj4', 'ladds3i'),
('lbolesma20', 'zdomengetw'),
('cyarnold31', 'dwince2e'),
('elockettoz', 'frigbye2p'),
('dmckelveyf8', 'nfansy2t'),
('rbaystonno', 'rtwaite1h'),
('cchicchellif', 'rfanshawey'),
('sdewickl1', 'mmullett1q'),
('tjimmes4o', 'jperham1x'),
('gellettc9', 'zdomengetw'),
('paseedm', 'sshimmansa'),
('mwindram5u', 'lallnutt3b'),
('gdellermv', 'akilmurryb'),
('ppeterpz', 'eandrioli18'),
('asharram5m', 'jberney2o'),
('cpimer2k', 'eandrioli18'),
('jvaunke', 'ematen'),
('kdoggrell11', 'akeller3h'),
('hpetrollodc', 'akilmurryb'),
('ebridsonf5', 'jbamb2r'),
('dfullicklc', 'zreichardt6'),
('nhuguevillenq', 'emoorton1l'),
('vskrinescv', 'fkretschmer2i'),
('bsneddon1d', 'jloving17'),
('ostonallne', 'rhanburybrownl'),
('lsanthousen7', 'cpayn3j'),
('aaccumr1', 'btreanorq'),
('esiggskc', 'sattack24'),
('aproschkeja', 'sattack24'),
('mlambirdc8', 'lvintonz'),
('kwaddylr', 'fgladman1a'),
('ghouldinjs', 'rtwaite1h'),
('nlaphornge', 'sshimmansa'),
('astokellny', 'rrubbert1f'),
('pkennifeckbh', 'zreichardt6'),
('mmcgauhy2n', 'kgarbutt3d'),
('bgrimsterp1', 'alafayette14'),
('lyakushkevc7', 'akeller3h'),
('jmeeksit', 'acicconek'),
('hthoresbiehm', 'rhallatt37'),
('sree3u', 'zdomengetw'),
('mthwaitez', 'zdomengetw'),
('makedp7', 'samberc'),
('chardendl', 'fkretschmer2i'),
('mallnutt2q', 'mpardiej'),
('sgollingpc', 'sisitte'),
('mheisleros', 'tloxdale1t'),
('apersehouseff', 'ksymingtong'),
('kcrookshanksnc', 'iredolfi1p'),
('dmckelveyf8', 'eandrioli18'),
('pziemen9p', 'cwippermann1k'),
('vmasedon8j', 'sattack24'),
('bnorthcottm3', 'dwince2e'),
('rbaystonno', 'hhawkswoodv'),
('hmaywardgw', 'rhanburybrownl'),
('ssolanoht', 'cwippermann1k'),
('mmurcotty', 'rrubbert1f'),
('nmattei9u', 'ajanew1n'),
('gmcgeen', 'rtwaite1h'),
('hporretthu', 'wcristofolini2s'),
('tyaneevj4', 'bpringer2b'),
('hporretthu', 'lallnutt3b'),
('dboylin90', 'lguite1i'),
('gdellermv', 'gtrounce19'),
('awawerjt', 'kcyster9'),
('ajohnke6l', 'ilucien1s'),
('mmangermh', 'rriddiough36'),
('mmurcotty', 'aleuren15'),
('dtoraldia', 'dlarwell16'),
('vhumbell2y', 'mpardiej'),
('xmilellag', 'sfydo39'),
('jbennitt5i', 'rstaveley32'),
('jdehnmp', 'dcoupland4'),
('hmaywardgw', 'rriddiough36'),
('epresmanio', 'csorensen10'),
('xmilellag', 'njehan5'),
('lpedlowp5', 'cbarten2n'),
('abrogioni58', 'ksymingtong'),
('adibdenjm', 'mcopnall2g'),
('tkimberly3x', 'jberney2o'),
('dboylin90', 'obailes1y'),
('bgrimsterp1', 'klapwood2l'),
('sfloodgate7g', 'sridley28'),
('dbruckmannhp', 'lvintonz'),
('aflattmanic', 'lallnutt3b'),
('hgeorgievd1', 'rtwaite1h'),
('qschultzkr', 'qolekhov3'),
('kmiddup27', 'jkellie1b'),
('cpimer2k', 'arosone2q'),
('mcasterton21', 'btreanorq'),
('ldominicacciah', 'bcorona1r'),
('nraised4', 'kquince3a'),
('harndtsenm5', 'jmcgauhy35'),
('ecallingtonlt', 'rstaveley32'),
('jellse1c', 'hhawkswoodv'),
('bwilkie46', 'cextilr'),
('ltipensbn', 'kquince3a'),
('tgeeraert7h', 'lluna31'),
('wegdalnu', 'samberc'),
('valcido8i', 'bshortland2a'),
('sgresham1h', 'jmcgauhy35'),
('nfloydeng', 'dwince2e'),
('grachuighx', 'nbrent2c'),
('bkerblernj', 'akilmurryb'),
('lsturrgd', 'evannikov2m'),
('tlapishb5', 'rstaveley32'),
('slewsy1', 'alafayette14'),
('qvakhoninmk', 'bpringer2b'),
('fmaddrellcg', 'ematen'),
('rmiko2g', 'dpawley3g'),
('gmatelyunas79', 'ilucien1s'),
('fcamossobq', 'pgonthard22'),
('sree3u', 'eandrioli18'),
('mcasterton21', 'aderuel21'),
('agurwoodmx', 'cbarten2n'),
('pkennifeckbh', 'obailes1y'),
('bsilverlockid', 'frigbye2p'),
('valcido8i', 'sshimmansa'),
('fcayzerju', 'ljuckes1g'),
('mberresfordlp', 'ljodlowski3e'),
('dquantrill1a', 'fbrewis30'),
('mstaitok', 'ohallifax1o'),
('schatainier1l', 'evannikov2m'),
('tdurram1z', 'freadwood2w'),
('cluttger2m', 'dwince2e'),
('kaleevyix', 'lallnutt3b'),
('atremberth9z', 'mclaire2z'),
('wdionsettigo', 'zdomengetw'),
('mheckner7c', 'rriddiough36'),
('glanfranchifj', 'aferreras2y'),
('jcasina71', 'evannikov2m'),
('awooffkb', 'ddraisey1u'),
('qvakhoninmk', 'hhawkswoodv'),
('rferencziqe', 'ksymingtong'),
('mmcgarrierj', 'smontgomeryu'),
('npanchenes', 'emoorton1l'),
('rsapirgp', 'mlewknor26'),
('kca8m', 'achalcraft2x'),
('gpacitti48', 'cextilr'),
('kricciardojf', 'fdoxey38'),
('asole5o', 'qdewsnap3c'),
('vmessam2r', 'kcyster9'),
('preffeb3', 'zmatthews2v'),
('cchicchellif', 'achalcraft2x'),
('ecurstonob', 'proskelley23'),
('tduthiepl', 'pgonthard22'),
('gscopesly', 'fgladman1a'),
('nravenshawqm', 'jberney2o'),
('wlawdhamlj', 'nbrent2c'),
('lmataninfw', 'dwince2e'),
('jpellittqh', 'ddraisey1u'),
('gtims7l', 'rbills1w'),
('cpimer2k', 'emoorton1l'),
('zcarriganjz', 'whollow1m'),
('esimkob7', 'akeller3h'),
('nhuguevillenq', 'pshelper25'),
('hmaywardgw', 'cextilr'),
('nbuggskx', 'jberney2o'),
('tjentonl2', 'arosone2q'),
('ndezamudiokz', 'ewaterdrinker1j'),
('eblakden4e', 'qolekhov3'),
('gbandtof', 'csorensen10'),
('csobczakiv', 'samberc'),
('ahagguso1', 'tloxdale1t'),
('hlilionab', 'dmeasen2u'),
('hlyfela', 'ematen'),
('rgarrisonqb', 'hhawkswoodv'),
('cluttger2m', 'lallnutt3b'),
('bsilverlockid', 'obailes1y'),
('dgable6w', 'rhallatt37'),
('zbonas3g', 'rhallatt37'),
('tcolquhoun7v', 'fdoxey38'),
('slambotin3c', 'rriddiough36'),
('acasado30', 'aferreras2y'),
('lowensk9', 'ohallifax1o'),
('kdalgarnowch99', 'dedmondson1c'),
('oahrendsency', 'aferreras2y'),
('ebaert5j', 'qolekhov3'),
('jvaunke', 'pshelper25'),
('icushioniy', 'iredolfi1p'),
('atellingpm', 'rstaveley32'),
('bdonahuekt', 'aferreras2y'),
('psteinor1h', 'wcastiglio2j'),
('mbourthoumieux14', 'lallnutt3b'),
('anovichenko2j', 'yapdell13'),
('swahnckeq4', 'hhawkswoodv'),
('aguitton8f', 'lguite1i'),
('cyarnold31', 'lvintonz'),
('dkoppeck7u', 'wbraam1e'),
('lcampanelli1s', 'cwippermann1k'),
('apersehouseff', 'akilmurryb'),
('lcrosscombe1a', 'jberney2o'),
('bmanleyr6', 'dpawley3g'),
('ctwyningd3', 'dparkhouse1'),
('erimellfs', 'clanferx'),
('fbeaty12', 'lgocher27'),
('edennisiz', 'fapplegate7'),
('hstratleyox', 'njehan5'),
('cbatte8e', 'btreanorq'),
('pwoodheadlx', 'dpawley3g'),
('mbasek4j', 'nbrent2c'),
('ctoombs92', 'abennittt'),
('etortoishellce', 'proskelley23'),
('tarletgy', 'proskelley23'),
('gangoodbf', 'jmetzel1d'),
('epetriw', 'dparkhouse1'),
('acovellfa', 'ksemper12'),
('dskehan4c', 'emoorton1l'),
('rbaystonno', 'ohallifax1o'),
('ckaasc0', 'klapwood2l'),
('pziemen9p', 'iredolfi1p'),
('lbecarispd', 'proskelley23'),
('asimonuttilm', 'pgonthard22'),
('rband2w', 'qdewsnap3c'),
('gbengoecheafq', 'nfansy2t'),
('qdomleomf', 'evannikov2m'),
('gmclenahangh', 'sfydo39'),
('vlordenig', 'cwippermann1k'),
('schatainier1l', 'rstaveley32'),
('sautyko', 'vbrownsey20'),
('jtyler6u', 'gtrounce19'),
('gmaccijj', 'abennittt'),
('lguyere', 'bpringer2b'),
('mborreshr', 'sisitte'),
('bceaser13', 'agaskal2d'),
('kvarnerb', 'lgocher27'),
('dskehan4c', 'hledeker2k'),
('dsoppfv', 'zdomengetw'),
('khuberyjb', 'sfydo39'),
('abungeygu', 'bspadazzis'),
('mcarnelleyc6', 'rbills1w'),
('ebreckellq0', 'breeken34'),
('aspollen9s', 'mcopnall2g'),
('bbarlacehg', 'fapplegate7'),
('cordemannn5', 'rriddiough36'),
('tduthiepl', 'dmeasen2u'),
('bgilleaseh0', 'rtwaite1h'),
('gipwellhf', 'sridley28'),
('awalshei9', 'wcastiglio2j'),
('hstratleyox', 'ilucien1s'),
('ggildersleaves22', 'ematen'),
('abungeygu', 'rhallatt37'),
('fsalzenqw', 'ohallifax1o'),
('chardendl', 'ksemper12'),
('fscanterburykh', 'ljodlowski3e'),
('bgilleaseh0', 'agaskal2d'),
('kmonanac', 'mclaire2z'),
('fbrandellw', 'zdomengetw'),
('gbettison8n', 'smontgomeryu'),
('uhemphillag', 'tloxdale1t'),
('ibedow5e', 'rstaveley32'),
('jthomsenjp', 'fauburyd'),
('cthoraldrh', 'bshortland2a'),
('gvasilevich2g', 'ajanew1n'),
('mlemoucheuxi8', 'mperassi2'),
('hlilionab', 'ksemper12'),
('gmottleyon', 'wbraam1e'),
('dbranniganez', 'ohallifax1o'),
('mhurley5h', 'zdomengetw'),
('jflaxonp4', 'lguite1i'),
('kglandonak', 'hledeker2k'),
('olemonnierol', 'fgladman1a'),
('wclemersonde', 'sattack24'),
('abyas6o', 'tlealleo'),
('vhumbell2y', 'akeller3h'),
('rkrojnh', 'jberney2o'),
('epresmanio', 'dwince2e'),
('cblacklerm8', 'rholbarrow0'),
('kgauntley34', 'ematen'),
('sjerrand4i', 'kgarbutt3d'),
('ssimonnetnx', 'lvintonz'),
('lbarckefg', 'bspadazzis'),
('bjury2l', 'dedmondson1c'),
('awoodhama8', 'cextilr'),
('pkynettg8', 'jbamb2r'),
('tbischofqt', 'eandrioli18'),
('bbuttrissw', 'ksymingtong'),
('pbartalinrc', 'btreanorq'),
('csobczakiv', 'rtetlow8'),
('kstopfordqa', 'klapwood2l'),
('ddotterillqy', 'jgamlin1v'),
('ppeterpz', 'ksemper12'),
('cpockepo', 'rfanshawey'),
('sfloodgate7g', 'bshortland2a'),
('sree3u', 'obailes1y'),
('gmccoidgz', 'ljodlowski3e'),
('hmclaffertyr8', 'lluna31'),
('jcusso2', 'sshimmansa'),
('tscimonellif0', 'iredolfi1p'),
('nraised4', 'lguite1i'),
('abidgodo9', 'pgonthard22'),
('mshanksterg3', 'ljodlowski3e'),
('pbartalinrc', 'tlealleo'),
('tbrancheb0', 'fapplegate7'),
('cbrolan9h', 'lvintonz'),
('nfeatherston4q', 'alafayette14'),
('cneildjd', 'dlarwell16'),
('efallowes2h', 'hsottell11'),
('wvandermerwe9a', 'samberc'),
('fbickerstaffa3', 'jberney2o'),
('amacgillivriehh', 'rstaveley32'),
('bseeryhe', 'kgarbutt3d'),
('wjacobssen1q', 'jmetzel1d'),
('whawsonnf', 'zfearns2f'),
('cwipperl0', 'klapwood2l'),
('ckaasc0', 'dparkhouse1'),
('nlacroutzj0', 'kquince3a'),
('preffeb3', 'eandrioli18'),
('hmcilvenna2t', 'kcyster9'),
('mellaman3f', 'ycollism'),
('arosie96', 'dlarwell16'),
('rkrojnh', 'cextilr'),
('apoulsen6e', 'rholbarrow0'),
('alowman53', 'sattack24'),
('rdundendale17', 'rhanburybrownl'),
('cbatte8e', 'bpringer2b'),
('hmccuishn1', 'mclaire2z'),
('ecurstonob', 'frigbye2p'),
('nstammlerg2', 'cbarten2n'),
('jfrudehy', 'fbrewis30'),
('nwollersgm', 'abennittt'),
('rrantoulpa', 'hmarap'),
('rbenettelliaf', 'jmetzel1d'),
('rbeernt8a', 'pshelper25'),
('bcrankea1', 'frigbye2p'),
('gewenceq6', 'freadwood2w'),
('dfullicklc', 'ilucien1s'),
('hfryatt6s', 'nfansy2t'),
('jmathancr', 'kgarbutt3d'),
('jschubert6c', 'lvintonz'),
('sgammonip', 'clanferx'),
('bforseycn', 'wcastiglio2j'),
('etrodd60', 'fdoxey38'),
('vcaizley9l', 'iredolfi1p'),
('rsapirgp', 'zreichardt6'),
('ddeble3d', 'vbrownsey20'),
('ryurinov9m', 'lluna31'),
('emeneofd', 'cextilr'),
('wdenevec4', 'proskelley23'),
('pclemesnw', 'fauburyd'),
('draffonej', 'sattack24'),
('bmostenmu', 'obailes1y'),
('rferencziqe', 'ajanew1n'),
('preffeb3', 'ilucien1s'),
('aduplocket', 'rriddiough36'),
('pkynettg8', 'lcarnilian1z'),
('kgipps23', 'btreanorq'),
('hdunicanop', 'gtrounce19'),
('wfavellemo', 'dmeasen2u'),
('hstratleyox', 'tlealleo'),
('xtysongi', 'freadwood2w'),
('msheppard9i', 'astroband29'),
('kmonanac', 'akilmurryb'),
('eabbays', 'ljuckes1g'),
('bburdha', 'astroband29'),
('sgresham1h', 'hsottell11'),
('mmartynikhin91', 'iredolfi1p'),
('hrolinld', 'rtetlow8'),
('dfullicklc', 'ljosephs33'),
('pbisacreb9', 'agaskal2d'),
('aspollen9s', 'lguite1i'),
('gcambelljv', 'zreichardt6'),
('wrulten55', 'evannikov2m'),
('ncolten9d', 'astroband29'),
('rrantoulpa', 'rriddiough36'),
('jrobiouf2', 'whollow1m'),
('igartan47', 'ematen'),
('abuma7', 'rfanshawey'),
('apersehouseff', 'bpringer2b'),
('mfaustingl', 'aderuel21'),
('jcrumbieei', 'mperassi2'),
('jcusso2', 'jmorleyh'),
('kaleevyix', 'ematen'),
('ahagguso1', 'hlodewicki'),
('sree3u', 'bcorona1r'),
('gbandtof', 'jmetzel1d'),
('lcrosscombe1a', 'lgocher27'),
('nstowl3', 'eandrioli18'),
('atolwooddx', 'hmarap'),
('kspraberryeq', 'dmeasen2u'),
('abrogioni58', 'rrubbert1f'),
('mmurcotty', 'smontgomeryu'),
('hporretthu', 'jperham1x'),
('bmanleyr6', 'fgladman1a'),
('mbudik7m', 'achalcraft2x'),
('atremberth9z', 'jperham1x'),
('nstowl3', 'akeller3h'),
('jyellowley9q', 'fbrewis30'),
('dteasdalemarkie2b', 'gtrounce19'),
('mborreshr', 'dedmondson1c'),
('cfrancom5x', 'ksymingtong'),
('tduthiepl', 'alafayette14'),
('tweichii', 'cextilr'),
('mhilldrupn3', 'bshortland2a'),
('sobispo7j', 'dwince2e'),
('mcharity22', 'jmcgauhy35'),
('bkerblernj', 'zreichardt6'),
('psteinor1h', 'hhawkswoodv'),
('ssolanoht', 'ljodlowski3e'),
('cpimer2k', 'jbamb2r'),
('rcadigankn', 'mcopnall2g'),
('ssnooks3a', 'cextilr'),
('kwinson2o', 'achalcraft2x'),
('nlepruvost7o', 'sshimmansa'),
('aproschkeja', 'jmcgauhy35'),
('pnaisbetqs', 'dparkhouse1'),
('etriggelx', 'lcarnilian1z'),
('clodevickky', 'agaskal2d'),
('lbrownseydr', 'nfansy2t'),
('oyurchenkoa0', 'proskelley23'),
('htankardmz', 'fauburyd'),
('dleppingtonfc', 'jloving17'),
('fbennetto4n', 'jkellie1b'),
('ospreullj8', 'clanferx'),
('abeddin8s', 'hsottell11'),
('bcolquitj7', 'freadwood2w'),
('dsoans89', 'dmeasen2u'),
('hbullockeek', 'ksemper12'),
('hfryatt6s', 'csorensen10'),
('ajakubowiczrn', 'dpawley3g'),
('vhumbell2y', 'zfearns2f'),
('nkrzysztofiakew', 'sisitte'),
('ddoustq9', 'rtetlow8'),
('mboomes20', 'rbills1w'),
('kduggary3b', 'dedmondson1c'),
('cboampx', 'aferreras2y'),
('cluttger2m', 'breeken34'),
('gsheldrakecs', 'qolekhov3'),
('cofinandz', 'njehan5'),
('smaclennangb', 'lcarnilian1z'),
('lvonwellduneu', 'ddraisey1u'),
('wsamettl6', 'proskelley23'),
('cwayman6z', 'jmcgauhy35'),
('lgrindleyjr', 'mclaire2z'),
('mmcgauhy2n', 'fbrewis30'),
('slenardap', 'pgonthard22'),
('tduthiepl', 'akilmurryb'),
('hlilionab', 'cheald2h'),
('dgravattrr', 'sisitte'),
('fbickerstaffa3', 'bpringer2b'),
('ebenny8d', 'klapwood2l'),
('dbranniganez', 'mpardiej'),
('kricciardojf', 'ksemper12'),
('jdemendoza63', 'abennittt'),
('djirah6', 'astroband29'),
('ahuebnermq', 'mcopnall2g'),
('mcasterton21', 'whollow1m'),
('mbourthoumieux14', 'rhallatt37'),
('desch5d', 'jmorleyh'),
('lyosselevitchr0', 'acicconek'),
('holleyo3', 'rkreberf'),
('awoodhama8', 'ewaterdrinker1j'),
('vcaizley9l', 'zmatthews2v'),
('tdeanr7', 'jberney2o'),
('lroosejc', 'ohallifax1o'),
('kbadmanou', 'wcastiglio2j'),
('cblacklerm8', 'kgarbutt3d'),
('acoldbatheay', 'breeken34'),
('schatainier1l', 'cwippermann1k'),
('wdenevec4', 'gtrounce19'),
('mmurcotty', 'akeller3h'),
('rkrojnh', 'mperassi2'),
('islessern0', 'fdoxey38'),
('jblundelar', 'njehan5'),
('jround50', 'mclaire2z'),
('icornuauoo', 'jloving17'),
('cstobbs4m', 'whollow1m'),
('rferencziqe', 'ljosephs33'),
('tgeeraert7h', 'wbraam1e'),
('tscortonot', 'sattack24'),
('mlamburne7t', 'samberc'),
('rwillishire54', 'sattack24'),
('igartan47', 'breeken34'),
('aaccumr1', 'evannikov2m'),
('rband2w', 'lguite1i'),
('msturrockfi', 'fauburyd'),
('zlintheadd8', 'jmcgauhy35'),
('kjeannot69', 'dcoupland4'),
('pcounihan3w', 'lallnutt3b'),
('dleppingtonfc', 'rfanshawey'),
('dmckelveyf8', 'pshelper25'),
('gglackini', 'dpawley3g'),
('sautyko', 'wcristofolini2s'),
('lbramwellcp', 'arosone2q'),
('mlemoucheuxi8', 'cbarten2n'),
('bturbittq5', 'sridley28'),
('htankardmz', 'evannikov2m'),
('cpeyntue3p', 'jmetzel1d'),
('etrinemanni', 'jbamb2r'),
('ddunthornbb', 'mlewknor26'),
('snarrawayed', 'pshelper25'),
('ppruce7s', 'evannikov2m'),
('dcoppockgr', 'yapdell13'),
('cmacmarcuisbp', 'akeller3h'),
('tdurram1z', 'qdewsnap3c'),
('zwarrnp', 'jgamlin1v'),
('jdemendoza63', 'ljosephs33'),
('rrantoulpa', 'proskelley23'),
('hpetrollodc', 'sisitte'),
('celsley2x', 'rtwaite1h'),
('lmallyay', 'njehan5'),
('gmottleyon', 'evannikov2m'),
('lhysom8b', 'smontgomeryu'),
('jdevalm9', 'bshortland2a'),
('fwestley5r', 'rtetlow8'),
('jverteyh', 'wbraam1e'),
('ejoplinqp', 'cheald2h'),
('jthomsenjp', 'bcorona1r'),
('thullinsj3', 'jmetzel1d'),
('iguntera5', 'sisitte'),
('mvisco1m', 'cbarten2n'),
('belphickb', 'jberney2o'),
('ipymnm', 'cwippermann1k'),
('hpetrollodc', 'hmarap'),
('dspottswoodkj', 'pshelper25'),
('ncolten9d', 'jbamb2r'),
('eferenczyin', 'wcristofolini2s'),
('mkettellnl', 'dcoupland4'),
('wroelsbe', 'bspadazzis'),
('lmounsiens', 'zdomengetw'),
('epetriw', 'zdomengetw'),
('mhurley5h', 'jperham1x'),
('mbolderstonelf', 'fbrewis30'),
('rmiko2g', 'kquince3a'),
('peastcourth2', 'jmetzel1d'),
('lmerriton7i', 'hlodewicki'),
('jround50', 'aferreras2y'),
('mtenaunt5b', 'zmatthews2v'),
('fscanterburykh', 'samberc'),
('mallnutt2q', 'evannikov2m'),
('jlawling5g', 'agaskal2d'),
('mmaccostyepp', 'rstaveley32'),
('jennalsd7', 'iredolfi1p'),
('agurwoodmx', 'dmeasen2u'),
('fbettinsonh9', 'wcastiglio2j'),
('ddunthornbb', 'nfansy2t'),
('btutinjo', 'rriddiough36'),
('grachuighx', 'dcoupland4'),
('dminguetaj', 'wcastiglio2j'),
('etortoishellce', 'mmullett1q'),
('dcrickethd', 'dpawley3g'),
('martusdd', 'obailes1y'),
('kaxon2u', 'bcuree3f'),
('bebleinam', 'aderuel21'),
('fbedleg', 'qolekhov3'),
('glory0', 'rhanburybrownl'),
('anibleyq8', 'rstaveley32'),
('ghudspeth51', 'nbrent2c'),
('mmynott2z', 'fdoxey38'),
('dmattaser41', 'frigbye2p'),
('hpodburybv', 'rhallatt37'),
('lbecarispd', 'sshimmansa'),
('stibbitsna', 'smontgomeryu'),
('xdenison7r', 'lvintonz'),
('hporretthu', 'breeken34'),
('kwaplington4t', 'vbrownsey20'),
('lcorseroj', 'jkellie1b'),
('lyakushkevc7', 'tloxdale1t'),
('ajakubowiczrn', 'kcyster9'),
('cfaltskogr5', 'tlealleo'),
('mbasek4j', 'wcastiglio2j'),
('mbehne3l', 'fapplegate7'),
('cmicklewiczi6', 'rbills1w'),
('vtindle3n', 'hledeker2k'),
('hmacconaghygc', 'zmatthews2v'),
('gshemmansoh', 'ilucien1s'),
('krohmerhw', 'gtrounce19'),
('ctoombs92', 'pshelper25'),
('ssabeydw', 'tloxdale1t'),
('rbenettelliaf', 'akilmurryb'),
('ckaasc0', 'alafayette14'),
('abrotherheedcz', 'tlealleo'),
('llegercd', 'hledeker2k'),
('iennewq', 'mclaire2z'),
('jmontiereb', 'mpardiej'),
('abrotherheedcz', 'wcastiglio2j'),
('jvollamhc', 'aferreras2y'),
('rkrojnh', 'sridley28'),
('kwaddylr', 'tlealleo'),
('kbadmanou', 'sattack24'),
('cstobbs4m', 'ksymingtong'),
('rlutschpq', 'rfanshawey'),
('rbrickwoodmm', 'agaskal2d'),
('lsanthousen7', 'lgocher27'),
('csinkingsen', 'sridley28'),
('lquartlydq', 'mcopnall2g'),
('lcorseroj', 'fdoxey38'),
('vlordenig', 'jkellie1b'),
('darchleyqu', 'bcorona1r'),
('emcvaugh7y', 'jperham1x'),
('thenrotr2', 'wcristofolini2s'),
('paseedm', 'cwippermann1k'),
('dhaxbiegx', 'zdomengetw'),
('bbuttrissw', 'hlodewicki'),
('slewsy1', 'iredolfi1p'),
('abidgodo9', 'jloving17'),
('dchaterlv', 'dpawley3g'),
('alonglandnd', 'ycollism'),
('mpluthero65', 'achalcraft2x'),
('rgraeberhz', 'cwippermann1k'),
('scattel8o', 'btreanorq'),
('yvogtc3', 'zdomengetw'),
('bturland6f', 'ewaterdrinker1j'),
('bwilkie46', 'kgarbutt3d'),
('kjosephoffv', 'wbraam1e'),
('gmcgonaglebw', 'eandrioli18'),
('hkrierj2', 'proskelley23'),
('dquantrill1a', 'pgonthard22'),
('dskehan4c', 'yapdell13'),
('jtyler6u', 'mperassi2'),
('amcnamarabi', 'mmullett1q'),
('dpriddymn', 'hsottell11'),
('msturrockfi', 'mcopnall2g'),
('fhousonb1', 'tlealleo'),
('ccombesl9', 'tloxdale1t'),
('rbeginl7', 'ksymingtong'),
('wfairclough1b', 'fapplegate7'),
('hgascoinek8', 'kcyster9'),
('rferencziqe', 'mclaire2z'),
('rparsonsond9', 'gtrounce19'),
('eblakden4e', 'fauburyd'),
('holennaneq3', 'ilucien1s'),
('gkinnaneh5', 'lallnutt3b'),
('sshasnanz', 'dparkhouse1'),
('cwhealkv', 'fbrewis30'),
('rpape7k', 'bspadazzis'),
('apersehouseff', 'jmcgauhy35'),
('asole5o', 'rbills1w'),
('nwollersgm', 'zfearns2f'),
('nravenshawqm', 'rtwaite1h'),
('efallowes2h', 'aferreras2y'),
('mfeechumk4', 'hledeker2k'),
('fbedleg', 'rfanshawey'),
('hkrierj2', 'vbrownsey20'),
('pkearfordqg', 'njehan5'),
('wdenevec4', 'fapplegate7'),
('yaldie25', 'hlodewicki'),
('fmannoochrg', 'jberney2o'),
('bebleinam', 'akilmurryb'),
('etrodd60', 'bcorona1r'),
('atremberth9z', 'ksemper12'),
('adunye8', 'acicconek'),
('mmaccostyepp', 'aferreras2y'),
('sgartshorec', 'hmarap'),
('mmurcotty', 'mclaire2z'),
('wnollet1n', 'cextilr'),
('lelgood3m', 'jgamlin1v'),
('tarletgy', 'rstaveley32'),
('ghudspeth51', 'zfearns2f'),
('conealie', 'jmcgauhy35'),
('zstenettnk', 'bshortland2a'),
('chardendl', 'astroband29'),
('dbranniganez', 'mlewknor26'),
('crenfrewfe', 'pshelper25'),
('tedmeadai', 'fdoxey38'),
('ccarrabot6n', 'sfydo39'),
('gbengoecheafq', 'wbraam1e'),
('rgraeberhz', 'lvintonz'),
('tarnowicz8k', 'jmorleyh'),
('hfluck7', 'yapdell13'),
('rbard59', 'dpawley3g'),
('alowman53', 'dedmondson1c'),
('adibdenjm', 'pshelper25'),
('cbartlettm4', 'ematen'),
('gmcgonaglebw', 'fauburyd'),
('aocainecw', 'cextilr'),
('hgeorgievd1', 'ladds3i'),
('dvanes86', 'sridley28'),
('adibdenjm', 'lgocher27'),
('dpikhnom7', 'jberney2o'),
('wweekley9x', 'mlewknor26'),
('hmusto8v', 'mlewknor26'),
('cclift42', 'alafayette14'),
('bfrancombepk', 'aferreras2y'),
('mswanbourne8c', 'sfydo39'),
('bgeoghegano7', 'wcastiglio2j'),
('cchicchellif', 'ladds3i'),
('pdryden6i', 'emoorton1l'),
('eblakden4e', 'arosone2q'),
('rguenyd0', 'nfansy2t'),
('gseebright2c', 'fbrewis30'),
('hkrierj2', 'ljuckes1g'),
('cmuslamw', 'cbarten2n'),
('kglandonak', 'aderuel21'),
('nravenshawqm', 'bcuree3f'),
('kiwanowskia6', 'breeken34'),
('afreibergi7', 'qdewsnap3c'),
('vdalglieshbc', 'dedmondson1c'),
('atilliardsms', 'dcoupland4'),
('mhurley5h', 'csorensen10'),
('lbeckinsallmt', 'mlewknor26'),
('nbonham44', 'vbrownsey20'),
('dkoppeck7u', 'rfanshawey'),
('idenisyev94', 'lvintonz'),
('gcambelljv', 'dparkhouse1'),
('ahuebnermq', 'jgamlin1v'),
('dlambe6r', 'sridley28'),
('dpikhnom7', 'jkellie1b'),
('jklimkovichq1', 'wbraam1e'),
('lboydelldp', 'mlewknor26'),
('tscimonellif0', 'jbamb2r'),
('cfrancom5x', 'fapplegate7'),
('cbartlettm4', 'jloving17'),
('klambert2q', 'jgamlin1v'),
('lloffheadro', 'wbraam1e'),
('mshanksterg3', 'ksymingtong'),
('hedmand8t', 'hledeker2k'),
('gewenceq6', 'smontgomeryu'),
('ashewon7n', 'hhawkswoodv'),
('hfairleighaw', 'zdomengetw'),
('hrolinld', 'emoorton1l'),
('ksedgefieldk5', 'ilucien1s'),
('oahrendsency', 'jberney2o'),
('cespinho6p', 'rstaveley32'),
('rslingercb', 'ycollism'),
('rmeatesji', 'rkreberf'),
('whawsonnf', 'njehan5'),
('pdryden6i', 'jkellie1b'),
('grootebd', 'rholbarrow0'),
('bblackborngs', 'fbrewis30'),
('csnelgar4g', 'bcorona1r'),
('dhassan3s', 'wbraam1e'),
('npolini14', 'ilucien1s'),
('nlacroutzj0', 'sshimmansa'),
('bturland6f', 'wcastiglio2j'),
('vwarhammb', 'akeller3h'),
('tphilmy', 'lcarnilian1z'),
('nbridel1v', 'frigbye2p'),
('ejoplinqp', 'tlealleo'),
('paseedm', 'mcopnall2g'),
('tbateson2o', 'dlarwell16'),
('mtenaunt5b', 'dmeasen2u'),
('kdugald67', 'ksymingtong'),
('lgrindleyjr', 'clanferx'),
('chasloch73', 'zdomengetw'),
('fscanterburykh', 'ewaterdrinker1j'),
('gdingwall7d', 'samberc'),
('dfronczakcq', 'sshimmansa'),
('ggrancher1k', 'lluna31'),
('dharkes1m', 'jmcgauhy35'),
('hforcer2h', 'wcastiglio2j'),
('oyurchenkoa0', 'mclaire2z'),
('rsapirgp', 'cheald2h'),
('dlowton4d', 'ajanew1n'),
('krouchim', 'jberney2o'),
('umacneelylz', 'lallnutt3b'),
('asharram5m', 'rriddiough36'),
('proubeixmi', 'ljosephs33'),
('rdorosariocx', 'aleuren15'),
('kwinson2o', 'gtrounce19'),
('ploryfp', 'breeken34'),
('nbridel1v', 'sshimmansa'),
('vrivallantr', 'sfydo39'),
('icushioniy', 'hmarap'),
('shenriquetlo', 'jgamlin1v'),
('dbourchierb4', 'proskelley23'),
('smaidens9r', 'bshortland2a'),
('zbonas3g', 'nbrent2c'),
('gbengoecheafq', 'rholbarrow0'),
('hgiacomo1o', 'lallnutt3b'),
('rparsonsond9', 'smontgomeryu'),
('rgarrisonqb', 'smontgomeryu'),
('mzarbbj', 'evannikov2m'),
('rpamment2d', 'rkreberf'),
('epresmanio', 'emoorton1l'),
('rmeatesji', 'jmetzel1d'),
('cespinho6p', 'mperassi2'),
('nfeatherston4q', 'emoorton1l'),
('dladdlekw', 'rrubbert1f'),
('ccollishawo5', 'ljosephs33'),
('tscimonellif0', 'abennittt'),
('fdegoweo6', 'aferreras2y'),
('ieburne83', 'mperassi2'),
('aspollen9s', 'njehan5'),
('cclift42', 'zreichardt6'),
('mtiffini0', 'jperham1x'),
('mmarkeygv', 'abennittt'),
('ljeaysfk', 'jmorleyh'),
('gmatelyunas79', 'astroband29'),
('awawerjt', 'jberney2o'),
('jghidonihq', 'ycollism'),
('ncoulstonqf', 'hledeker2k'),
('bsneddon1d', 'eandrioli18'),
('rmarklund15', 'rtwaite1h'),
('hmccromleyal', 'abennittt'),
('yvogtc3', 'ljuckes1g'),
('ospreullj8', 'sfydo39'),
('tgeekin74', 'clanferx'),
('cwharbyd5', 'fkretschmer2i'),
('nhowleyd6', 'rkreberf'),
('cphelipeau3', 'tlealleo'),
('khousecraft3i', 'pshelper25'),
('voneal5f', 'rfanshawey'),
('edewsr9', 'klapwood2l'),
('smaclennangb', 'mmullett1q'),
('khousecraft3i', 'zfearns2f'),
('acovellfa', 'alafayette14'),
('kaleevyix', 'hhawkswoodv'),
('ctoombs92', 'lgocher27'),
('aseagood4f', 'rstaveley32'),
('tweichii', 'fapplegate7'),
('sautyko', 'kcyster9'),
('dwellsmanau', 'aferreras2y'),
('csheridanod', 'dedmondson1c');

insert into sponsorizza (p_iva, id_canale, prezzo) values
(97960996950, 'wcristofolini2s', 5927),
(79698813291, 'mclaire2z', 8711),
(98207607162, 'sridley28', 5870),
(95358799545, 'cbarten2n', 3336),
(74929853723, 'sisitte', 672),
(26729448062, 'qolekhov3', 7159),
(74211530596, 'dpawley3g', 1953),
(25419587687, 'cpayn3j', 3997),
(39531298133, 'ycollism', 2734),
(39531298133, 'aferreras2y', 1632),
(95358799545, 'jperham1x', 173),
(69425009073, 'jmetzel1d', 294),
(20756701255, 'kquince3a', 9504),
(42661401753, 'lcarnilian1z', 8764),
(82414310260, 'qdewsnap3c', 4171),
(88018148029, 'mclaire2z', 1500),
(69215927705, 'zmatthews2v', 7980),
(27388776584, 'zdomengetw', 3423),
(32774052256, 'qolekhov3', 5961),
(98207607162, 'kquince3a', 7810),
(19372803302, 'fkretschmer2i', 5632),
(97849264113, 'qolekhov3', 5739),
(90324392458, 'sshimmansa', 3844),
(36316875182, 'abennittt', 2055),
(34069171473, 'rfanshawey', 700),
(74211530596, 'zreichardt6', 9104),
(24545262834, 'qolekhov3', 8969),
(35736555709, 'eandrioli18', 7579),
(60871455986, 'smontgomeryu', 8912),
(42661401753, 'arosone2q', 8513),
(12084233773, 'mmullett1q', 1787),
(98207607162, 'freadwood2w', 7578),
(12084233773, 'acicconek', 5412),
(95480163645, 'kquince3a', 1448),
(98675986030, 'sattack24', 8565),
(24545262834, 'hledeker2k', 7568),
(31531570236, 'lcarnilian1z', 585),
(42661401753, 'zmatthews2v', 2909),
(58277431785, 'klapwood2l', 163),
(70776662383, 'jloving17', 7741),
(51079833122, 'bshortland2a', 6785),
(99597150348, 'aferreras2y', 2061),
(56736746320, 'acicconek', 9729),
(98686997534, 'aleuren15', 9136),
(32774052256, 'rkreberf', 36),
(96306729896, 'dwince2e', 6267),
(69425009073, 'qolekhov3', 2306),
(69215927705, 'fgladman1a', 8273),
(49465531801, 'sridley28', 5438),
(14953583687, 'qdewsnap3c', 3009),
(22012712537, 'njehan5', 6298),
(97960996950, 'rkreberf', 8989),
(26729448062, 'achalcraft2x', 3917),
(34069171473, 'ljodlowski3e', 7364),
(89490306857, 'bspadazzis', 2562),
(94205284032, 'gtrounce19', 2657),
(87455023625, 'ematen', 758),
(95480163645, 'iredolfi1p', 1707),
(25419587687, 'jbamb2r', 9250),
(79227841021, 'ljuckes1g', 836),
(89239191935, 'mperassi2', 1270),
(82876848468, 'jmetzel1d', 4251),
(70776662383, 'ajanew1n', 6690),
(34069171473, 'eandrioli18', 5844),
(56247241618, 'dwince2e', 5158),
(31531570236, 'bcorona1r', 9054),
(55484506070, 'ljuckes1g', 7599),
(68071917956, 'ajanew1n', 7466),
(33817786268, 'ewaterdrinker1j', 2294),
(87455023625, 'ljuckes1g', 6838),
(56137144651, 'rholbarrow0', 6448),
(87455023625, 'zmatthews2v', 3032),
(51079833122, 'ladds3i', 5795),
(55484506070, 'hmarap', 8211),
(74211530596, 'cheald2h', 7709),
(33730287731, 'dcoupland4', 633),
(94385910582, 'kgarbutt3d', 5429),
(97960996950, 'cextilr', 4910),
(33569002568, 'astroband29', 5192),
(12084233773, 'lgocher27', 4127),
(33569002568, 'hsottell11', 6560),
(56736746320, 'akilmurryb', 9053),
(74211530596, 'aleuren15', 1883),
(18558889945, 'jperham1x', 8026),
(82414310260, 'yapdell13', 2170),
(21670087145, 'ewaterdrinker1j', 983),
(82933184383, 'acicconek', 2771),
(95358799545, 'clanferx', 2032),
(34069171473, 'ilucien1s', 3597),
(19372803302, 'bpringer2b', 537),
(42973690547, 'samberc', 7469),
(56137144651, 'sshimmansa', 1958),
(97960996950, 'lcarnilian1z', 6219),
(19372803302, 'qdewsnap3c', 4811),
(33730287731, 'cbarten2n', 6325),
(34942890638, 'eandrioli18', 8499),
(28775090346, 'rhanburybrownl', 7079),
(38865771434, 'qdewsnap3c', 144),
(37929198592, 'agaskal2d', 3335),
(39818426678, 'acicconek', 1666);

insert into visiona (id_account, id_diretta) values
('gmcgeen', 77),
('kdomotor10', 90),
('tyaneevj4', 11),
('pdurno3z', 17),
('agurwoodmx', 49),
('landreasenf6', 61),
('nfeatherston4q', 32),
('ngrieg2m', 83),
('olambrechtsqx', 17),
('zgrimditch2j', 59),
('fadlington28', 18),
('bgibby43', 55),
('vwarhammb', 72),
('abrownbilljq', 71),
('emckimmby', 81),
('dhallums1u', 29),
('rsprittih', 80),
('pjorgecf', 15),
('tmorkhamm', 44),
('pbanaszkiewiczk2', 23),
('anibleyq8', 65),
('nbridel1v', 49),
('hgascoinek8', 87),
('shaslochgg', 80),
('jbattleij', 34),
('efrayling8u', 49),
('hgiacomo1o', 33),
('asimonuttilm', 4),
('ecurstonob', 65),
('hisbellbu', 64),
('gpacitti48', 1),
('iprozescky6g', 74),
('vhumbell2y', 92),
('kgilardoni29', 53),
('jdearnalylh', 3),
('pcarenhi', 35),
('bgibby43', 96),
('bturland6f', 82),
('esimkob7', 78),
('dminguetaj', 69),
('htankardmz', 100),
('dcasotti4a', 12),
('ulindstedtrd', 26),
('jdevalm9', 94),
('zstenettnk', 17),
('slusherbo', 9),
('jdehnmp', 54),
('jopieaa', 36),
('ksnowdong7', 64),
('jpellittqh', 53),
('sbrounfield66', 44),
('deastlakebm', 61),
('rlifsey9w', 11),
('ssabeydw', 18),
('sbrounfield66', 63),
('crobottom16', 96),
('rskillmandf', 90),
('psteinor1h', 50),
('lbolesma20', 34),
('shenriquetlo', 23),
('lvonwellduneu', 11),
('rbenettelliaf', 40),
('bguilaemli', 58),
('jrobiouf2', 68),
('ghabden7q', 25),
('kwinson2o', 65),
('fmannoochrg', 19),
('hcorsare7', 98),
('cboampx', 56),
('ctwyningd3', 8),
('gstearnlq', 69),
('uhemphillag', 3),
('dharkes1m', 23),
('lpetriir', 50),
('kiwanowskia6', 88),
('lcrosscombe1a', 47),
('cproudler1f', 7),
('jvollamhc', 51),
('fbollompb', 32),
('swhettletondb', 31),
('bdacostap6', 13),
('jkeytebt', 92),
('cpockepo', 32),
('mbudik7m', 67),
('mhurley5h', 23),
('lghelardonihs', 1),
('mdineen4p', 33),
('astokellny', 21),
('belphickb', 29),
('rparsonsond9', 31),
('mpluthero65', 35),
('hkrierj2', 60),
('myaxley3k', 71),
('zbonas3g', 79),
('nmattei9u', 17),
('ecallingtonlt', 24),
('plongworthy6a', 41),
('mmcgarrierj', 87),
('rcadigankn', 74),
('tyaneevj4', 24),
('ecasaleg9', 71),
('alegonidec5w', 46),
('ndaughtryu', 91),
('sgollingpc', 92),
('bturbittq5', 48),
('ajanesba', 65),
('dmckelveyf8', 44),
('jmckeevers5v', 24),
('bblackborngs', 97),
('lmendezl4', 43),
('dzecchi2a', 4),
('djessard45', 37),
('mzarbbj', 80),
('kdomotor10', 99),
('celsley2x', 47),
('pwestwickqk', 54),
('fbedleg', 87),
('mellaman3f', 53),
('hwalczynski38', 5),
('aduplocket', 56),
('mcorsorog', 100),
('vrivallantr', 26),
('gkilroype', 74),
('wclemersonde', 52),
('ggraser6b', 33),
('zlangleynn', 89),
('pbarteletr3', 14),
('ehexum85', 46),
('rparsonsond9', 40),
('mjerdeinoq', 20),
('mheckner7c', 94),
('wquarringtoniq', 80),
('xtysongi', 14),
('tkimberly3x', 10),
('gkimbreyeg', 32),
('fwhitesonbl', 40),
('mtiffini0', 21),
('hstaley9j', 68),
('jpembery21', 70),
('epresmanio', 57),
('jcrumbieei', 86),
('mgirogettiml', 30),
('amccluinpv', 73),
('rflewittem', 66),
('jellse1c', 34),
('mpollastrino6h', 78),
('crubanenkop8', 54),
('kcholomin1e', 54),
('amcnamarabi', 52),
('kwaddylr', 57),
('mchainey6k', 49),
('dsheldonlk', 75),
('tkirton35', 13),
('plongworthy6a', 94),
('vmaciejewski56', 72),
('rkennellyfo', 69),
('cpeelfu', 35),
('gtukelyrk', 80),
('mstaitok', 8),
('crubanenkop8', 53),
('rcadigankn', 59),
('abuma7', 10),
('cwhealkv', 83),
('tscortonot', 16),
('arigbyln', 47),
('jcusso2', 14),
('harndtsenm5', 7),
('lallans5c', 4),
('cwipperl0', 60),
('rnaveincu', 56),
('nnoadesk3', 23),
('hgiacomo1o', 11),
('rwinsorpn', 2),
('bwilkie46', 89),
('gshemmansoh', 27),
('cingerman68', 32),
('csobczakiv', 71),
('hstaley9j', 51),
('hmusto8v', 8),
('ospreullj8', 14),
('afiguresgn', 26),
('cdelgardillofy', 18),
('gcattini3r', 23),
('lroosejc', 72),
('ssaturley9c', 88),
('lallans5c', 33),
('htinklin7w', 4),
('krouchim', 100),
('paseedm', 56),
('abizleynz', 41),
('kdugald67', 34),
('eferenczyin', 32),
('rslingercb', 98),
('asole5o', 92),
('tbischofqt', 57),
('hstratleyox', 59),
('dsoans89', 7),
('rmarklund15', 47),
('kcholomin1e', 61),
('rband2w', 52),
('dmccullockqo', 88),
('ahagguso1', 27),
('ejanzpj', 62),
('mheiss77', 26),
('whawsonnf', 99),
('tperringtonjy', 74),
('ldudmarsh6x', 64),
('btutinjo', 39),
('dgable6w', 88),
('tarletgy', 18),
('mbudik7m', 79),
('mmcgauhy2n', 94),
('bcolquitj7', 18),
('kgilardoni29', 92),
('xtysongi', 96),
('tyaneevj4', 65),
('ctwyningd3', 54),
('aportailhl', 15),
('fbowgen2f', 47),
('khousecraft3i', 75),
('nbridel1v', 46),
('xdenison7r', 92),
('vmessam2r', 83),
('severiss4x', 91),
('fbettinsonh9', 21),
('tkirton35', 65),
('glanfranchifj', 42),
('aklouzhj', 8),
('tumpleby4u', 88),
('tdurram1z', 83),
('bjury2l', 47),
('gglackini', 53),
('nraised4', 50),
('tgeeraert7h', 47),
('fdegoweo6', 18),
('arosie96', 27),
('mloosemore8l', 54),
('lbarfieldeo', 9),
('ksnowdong7', 24),
('jopieaa', 61),
('rbard59', 44),
('sgillampg', 42),
('bwhear2', 24),
('cbrolan9h', 13),
('kdalgarnowch99', 62),
('jyellowley9q', 88),
('bseeryhe', 54),
('rcadigankn', 37),
('atilliardsms', 22),
('arosenfield3y', 34),
('valcido8i', 88),
('emckimmby', 37),
('holleyo3', 80),
('fscanterburykh', 81),
('cfrancom5x', 75),
('jbennitt5i', 12),
('drous26', 18),
('rmillhouse8h', 1),
('kricciardojf', 76),
('aligerrl', 42),
('fdegoweo6', 75),
('mbasso5n', 50),
('fbertheljk', 5),
('cblacklerm8', 3),
('jfeighry9v', 54),
('drouf2e', 86),
('gvasilevich2g', 74),
('dmctrustie3e', 15),
('rslingercb', 71),
('jdemendoza63', 24),
('hough80', 70),
('mheisleros', 99),
('ieburne83', 18),
('ghouldinjs', 97),
('pmilledj', 93),
('mbehne3l', 3),
('ssaturley9c', 97),
('lbeckinsallmt', 56),
('kricciardojf', 73),
('mcoumbe9t', 53),
('rslingercb', 96),
('voneal5f', 38),
('lmounsiens', 48),
('fadlington28', 56),
('bdonaherdg', 32),
('acovellfa', 98),
('mhurley5h', 99),
('cdalbeymd', 48),
('qdomleomf', 26),
('bfrancombepk', 61),
('ckaasc0', 54),
('aocainecw', 51),
('rpape7k', 37),
('dwinslade6t', 53),
('nardy6v', 66),
('lbrownseydr', 27),
('lgrassdo', 1),
('etortoishellce', 93),
('tyaneevj4', 23),
('djessard45', 85),
('conealie', 73),
('drouf2e', 10),
('vrivallantr', 42),
('jennalsd7', 50),
('mcopping93', 38),
('cstobbs4m', 46),
('lmataninfw', 32),
('schatainier1l', 71),
('olemonnierol', 67),
('bwhear2', 15),
('ccamblinax', 26),
('tcowelyds', 69),
('nguisef1', 46),
('rmeatesji', 62),
('rlavrick6m', 12),
('mchainey6k', 23),
('acovellfa', 20),
('lsickert4s', 49),
('mmewisjl', 87),
('dsoppfv', 12),
('mboomes20', 80),
('abrownbilljq', 42),
('aedelston1p', 85),
('jkardosstoweg0', 76),
('jfeighry9v', 51),
('cpeggsdh', 61),
('blarkhn', 26),
('pvasilik8z', 65),
('tlarrington2v', 58),
('ehalheadk7', 66),
('ksedgefieldk5', 62),
('tarletgy', 58),
('gchappelowft', 10),
('bjorger6', 8),
('cpimer2k', 76),
('bheggeq2', 71),
('jcasina71', 64),
('pthew7f', 17),
('hstratleyox', 51),
('atilliardsms', 29),
('sstinchcombe1x', 93),
('tscimonellif0', 61),
('dcarderoy', 41),
('etrinemanni', 99),
('mgamwell1o', 49),
('ewilshereov', 19),
('cwipperl0', 80),
('ctwatti2', 38),
('lgrindleyjr', 43),
('mstaitok', 78),
('bgibby43', 72),
('etrodd60', 4),
('qvakhoninmk', 35),
('aladewig5q', 29),
('dscarlane4', 96),
('valcido8i', 76),
('arigbyln', 70),
('deastlakebm', 13),
('nszachniewiczph', 96),
('ngregonpy', 28),
('mhackeltona', 59),
('apoulsen6e', 20),
('dspottswoodkj', 99),
('mwarrackg5', 77),
('qschultzkr', 7),
('dcoppockgr', 85),
('mmangermh', 92),
('mcarnelleyc6', 7),
('rdundendale17', 30),
('ploryfp', 13),
('abearhamri', 52),
('ttyrwhittm2', 98),
('jennalsd7', 86),
('ospreullj8', 97),
('nfeatherston4q', 97),
('nmattei9u', 80),
('rbaystonno', 38),
('swhettletondb', 96),
('rmeatesji', 49),
('rmorphetjx', 79),
('conealie', 4),
('bstrangeways64', 88),
('cmuslamw', 10),
('pbarteletr3', 69),
('ktremouletel', 60),
('snarrawayed', 4),
('anibleyq8', 53),
('ddunthornbb', 53),
('nstowl3', 75),
('lbrownseydr', 81),
('rguenyd0', 71),
('lbolesma20', 66),
('zlunte5', 99),
('zmariaultps', 66),
('jklimkovichq1', 81),
('spickring9y', 88),
('lgrassdo', 35),
('awooffkb', 71),
('nleversong1', 22),
('hgiacomo1o', 84),
('lmaffinrp', 16),
('jsannescl', 3),
('gcreavin1w', 66),
('jdehnmp', 24),
('ksnowdong7', 41),
('iennewq', 71),
('ebaert5j', 20),
('ashewon7n', 67),
('ajohnke6l', 23),
('hbenthamee', 42),
('gmcgeen', 37),
('holennaneq3', 79),
('jpembery21', 38),
('ljohannesoc', 77),
('gmaccijj', 42),
('vphinnessypu', 40),
('gglackini', 61),
('rmarklund15', 71),
('mcoumbe9t', 89),
('nlaphornge', 62),
('rlavrick6m', 28),
('lcrosscombe1a', 83),
('ghouldinjs', 15),
('abungeygu', 38),
('mjerdeinoq', 17),
('ibedow5e', 69),
('ddeble3d', 17),
('wegdalnu', 88),
('jkardosstoweg0', 87),
('fchateauan', 44),
('hfluck7', 19),
('iennewq', 39),
('wegdalnu', 71),
('dsoans89', 27),
('rgarrisonqb', 45),
('kcholomin1e', 59),
('jgoudge81', 85),
('ggrancher1k', 92),
('pbisacreb9', 31),
('ebendon49', 21),
('ssimonnetnx', 37),
('vwarhammb', 18),
('fmintoft3', 48),
('dbourchierb4', 77),
('vcaizley9l', 8),
('lbecarispd', 15),
('lgrindleyjr', 3),
('mbuntingda', 39),
('kdoggrell11', 84),
('aocainecw', 23),
('zbonas3g', 24),
('lsickert4s', 8),
('jgoudge81', 18),
('raleksandrikinoe', 71),
('sstinchcombe1x', 29),
('mbolderstonelf', 39),
('fbrandellw', 23),
('gcambelljv', 36),
('bblackborngs', 60),
('hmclaffertyr8', 48),
('ksoutherns32', 10),
('tbarochejh', 7),
('dkoppeck7u', 59),
('nhuguevillenq', 34),
('ghudspeth51', 27),
('tcolquhoun7v', 39),
('kricciardojf', 99),
('pkearfordqg', 8),
('jkeytebt', 16),
('afreibergi7', 48),
('kdomotor10', 70),
('ilahyo8', 21),
('bceaser13', 31),
('ajohnke6l', 31),
('ollewhellin25', 49),
('ljeaysfk', 59),
('gmardalliu', 93),
('lsanthousen7', 95),
('mcorsorog', 23),
('fmannoochrg', 11),
('bkerblernj', 43),
('acovellfa', 29),
('jbattleij', 71),
('hbullockeek', 7),
('dpedrickm1', 93),
('ldominicacciah', 29),
('lsturrgd', 91),
('lsanthousen7', 86),
('pbarteletr3', 24),
('mheisleros', 33),
('arosie96', 42),
('jdehmell', 7),
('hmcilvenna2t', 2),
('grachuighx', 84),
('ebendon49', 8),
('amccluinpv', 25),
('pgreatbatchhb', 87),
('lmaffinrp', 7),
('lmacmarcuislg', 38),
('dquinneyc2', 10),
('gmcgeen', 27),
('gmatelyunas79', 14),
('ymoresbye1', 59),
('ddoustq9', 92),
('rgarrisonqb', 81),
('rkrojnh', 11),
('qdomleomf', 5),
('atolcher4h', 79),
('wgriffoenaz', 10),
('dgravattrr', 60),
('pnaisbetqs', 2),
('ehalheadk7', 89),
('cdelgardillofy', 38),
('mdineen4p', 58),
('wjacobssen1q', 67),
('dsergean2p', 46),
('anovichenko2j', 24),
('dcasotti4a', 45),
('thullinsj3', 41),
('bfrancombepk', 91),
('evarahpr', 54),
('apersehouseff', 21),
('pjorgecf', 89),
('gwholesworthgk', 70),
('gscopesly', 47),
('svasilyevskicm', 21),
('emcvaugh7y', 56),
('islessern0', 30),
('ajohnrq', 100),
('gcarltonow', 62),
('vskrinescv', 23),
('rattreye0', 21),
('cgoldbournu', 44),
('mdineen4p', 17),
('vwaldrenfx', 48),
('jconechie4', 26),
('bbutterwick7x', 64),
('awawerjt', 29),
('jrillette6', 86),
('pbisacreb9', 61),
('fwhitesonbl', 21),
('gwholesworthgk', 79),
('mheiss77', 79),
('sbreeze7e', 89),
('rmiko2g', 55),
('mbuntingda', 75),
('mmcgauhy2n', 55),
('gjira5s', 3),
('pjendrichk1', 62),
('glanfranchifj', 64),
('lschlagman36', 4),
('hstratleyox', 38),
('wegdalnu', 44),
('tweichii', 57),
('dhaxbiegx', 97),
('atremberth9z', 94),
('zlangleynn', 77),
('idenisyev94', 43),
('ajohnke6l', 11),
('mcharity22', 82),
('mpeirpointfz', 52),
('dlowton4d', 40),
('dboylin90', 13),
('hstaley9j', 86),
('wwaslineh', 82),
('fscanterburykh', 30),
('amacpadeneiw', 8),
('panderj5', 3),
('swahnckeq4', 2),
('kaizkovitchd2', 1),
('jyellowley9q', 4),
('ngrieg2m', 40),
('tgeeraert7h', 69),
('ploryfp', 22),
('jsannescl', 2),
('dmccarneyh7', 88),
('dshearerpi', 34),
('rconradsenh3', 45),
('bgrenec1', 76),
('hthoresbiehm', 10),
('avolette33', 84),
('bsilverlockid', 14),
('ginstonex', 4),
('bwhear2', 99),
('ccarrabot6n', 22),
('tgeekin74', 67),
('lquartlydq', 94),
('bwhear2', 71),
('tbateson2o', 76),
('sobispo7j', 41),
('mgirogettiml', 80),
('mbolderstonelf', 35),
('thenrotr2', 95),
('fbollompb', 94),
('rflewittem', 11),
('shaslochgg', 96),
('rpape7k', 67),
('nbridel1v', 42),
('llegercd', 61),
('mlambirdc8', 22),
('ecasaleg9', 6),
('cgatecliffe8x', 5),
('mbehne3l', 74),
('awooffkb', 27),
('hlilionab', 8),
('cwharbyd5', 76),
('jghidonihq', 77),
('preffeb3', 86),
('hgiacomo1o', 70),
('atellingpm', 54),
('hmusto8v', 78),
('icornuauoo', 57),
('aplankch', 75),
('dtoraldia', 23),
('ksnowdong7', 85),
('hmacconaghygc', 63),
('rgarrisonqb', 4),
('adibdenjm', 44),
('dgravattrr', 85),
('dvanes86', 5),
('lmacmarcuislg', 63),
('abeddin8s', 31),
('cwharbyd5', 63),
('abuma7', 55),
('fbowgen2f', 77),
('htankardmz', 69),
('jklimkovichq1', 54),
('bjorger6', 27),
('chasloch73', 37),
('nfeymj', 98),
('mborreshr', 96),
('ndeegin78', 36),
('cstobbs4m', 22),
('nhowleyd6', 95),
('hthoresbiehm', 20),
('kcholomin1e', 100),
('cordemannn5', 71),
('pclemesnw', 39),
('nbuggskx', 81),
('cbrolan9h', 14),
('afiguresgn', 84),
('rbaystonno', 65),
('eabbays', 78),
('fstone8g', 45),
('csinkingsen', 55),
('wjacobssen1q', 16),
('myaxley3k', 4),
('holleyo3', 59),
('wweekley9x', 82),
('dpriddymn', 94),
('ldudmeshga', 98),
('xkuhleql', 30),
('mheckner7c', 80),
('ksnowdong7', 12),
('dspottswoodkj', 38),
('lquartlydq', 52),
('rwinsorpn', 26),
('jround50', 57),
('lsanthousen7', 45),
('fbrandellw', 35),
('hmievillefn', 77),
('evarahpr', 73),
('gdingwall7d', 65),
('jpembery21', 84),
('nbonham44', 29),
('ddeble3d', 41),
('thullinsj3', 17),
('fbedleg', 4),
('kglandonak', 45),
('epetriw', 68),
('jconechie4', 38),
('mdineen4p', 15),
('jsummerill7z', 96),
('valcido8i', 67),
('etrinemanni', 13),
('hcorsare7', 10),
('ncolten9d', 7),
('thenrotr2', 39),
('ccollishawo5', 42),
('slambotin3c', 1),
('jthomsenjp', 54),
('nboheaa4', 55),
('cpeelfu', 89),
('tbischofqt', 74),
('tgeekin74', 13),
('vwaldrenfx', 12),
('dladdlekw', 26),
('jvaunke', 49),
('tgeeraert7h', 81),
('djirah6', 22),
('jdehnmp', 81),
('wnollet1n', 67),
('dpikhnom7', 26),
('tdeanr7', 22),
('lmacmarcuislg', 19),
('rsprittih', 16),
('dnazair2c', 56),
('jflaxonp4', 70),
('dizachik75', 32),
('islessern0', 59),
('eferenczyin', 22),
('aligerrl', 73),
('cwipperl0', 31),
('sgillampg', 96),
('dvize7a', 1),
('bmanleyr6', 66),
('dquantrill1a', 64),
('gmccoidgz', 71),
('nravenshawqm', 2),
('bloudere3', 99),
('pstebbinskd', 65),
('fbeaty12', 74),
('cthoraldrh', 32),
('wgriffoenaz', 52),
('lroosejc', 81),
('dteasdalemarkie2b', 18),
('rdorkins76', 51),
('egrumleyea', 16),
('rdundendale17', 55),
('bkinavanad', 49),
('ymoresbye1', 89),
('msandryn8', 12),
('dleppingtonfc', 66),
('cgoldstrawkg', 35),
('ndeegin78', 75),
('atilliardsms', 67),
('djessard45', 15),
('dkoppeck7u', 29),
('pwoodheadlx', 92),
('cdalbeymd', 44),
('uhemphillag', 58),
('wfavellemo', 11),
('kgilardoni29', 95),
('pvasilik8z', 85),
('rcadigankn', 24),
('jgothupks', 7),
('vrivallantr', 46),
('lpetriir', 28),
('bcolquitj7', 8),
('mgirogettiml', 14),
('mgirogettiml', 56),
('schatainier1l', 50),
('mtutill1i', 14),
('eferenczyin', 55),
('wlawdhamlj', 26),
('mwindram5u', 94),
('igartan47', 53),
('gglackini', 27),
('lbiagionim', 92),
('adobbsonn4', 7),
('wfavellemo', 27),
('gtiptaftdu', 34),
('vwarhammb', 94),
('lmounsiens', 82),
('wgriffoenaz', 80),
('rbenettelliaf', 45),
('paseedm', 50),
('bheggeq2', 67),
('fhousonb1', 52),
('lhysom8b', 51),
('bgibby43', 53),
('vlordenig', 64),
('abizleynz', 82),
('rfreda1j', 58),
('ktheakstondi', 4),
('kaxon2u', 40),
('tbrancheb0', 23),
('jdismore27', 53),
('hbarajasj', 97),
('kgauntley34', 87),
('tbateson2o', 54),
('rmarklund15', 39),
('harndtsenm5', 100),
('dscarlane4', 88),
('cwhealkv', 41),
('esiggskc', 94),
('vflatteis', 93),
('jmcturley1r', 57),
('dmazey5k', 31),
('rdundendale17', 1),
('jpellittqh', 20),
('ngrieg2m', 57),
('wfairclough1b', 33),
('ilahyo8', 27),
('chardendl', 38),
('mgamwell1o', 89),
('kgauntley34', 15),
('hgiacomo1o', 2),
('xmorrallee6q', 65),
('pkynettg8', 60),
('lmallyay', 24),
('adunye8', 61),
('sburnhilldy', 87),
('cgoldstrawkg', 8),
('tpolet40', 45),
('sdrezzernb', 50),
('tbarochejh', 11),
('rguenyd0', 37),
('fforgieb2', 5),
('bmatyukonmr', 23),
('fscanterburykh', 17),
('jvaunke', 1),
('bjorger6', 26),
('gakester8q', 73),
('nraogq', 62),
('mpeirpointfz', 9),
('awalshei9', 55),
('ngibbie5z', 15),
('jrobiouf2', 71),
('rconradsenh3', 39),
('wgibbinsgj', 50),
('fbickerstaffa3', 49),
('ndaughtryu', 68),
('bbarribalk', 41),
('mfaustingl', 50),
('aduplocket', 2),
('sdrezzernb', 12),
('abungeygu', 93),
('aportailhl', 74),
('jdemendoza63', 67),
('ppruce7s', 67),
('icushioniy', 30),
('sdewickl1', 10),
('awoodhama8', 13),
('cphelipeau3', 44),
('gkilroype', 16),
('atolwooddx', 71),
('jrudgera', 65),
('dsergean2p', 91),
('bdonahuekt', 98),
('fbennetto4n', 9),
('islessern0', 54),
('schatainier1l', 21),
('ekrolikrm', 81),
('pmilledj', 47),
('drouf2e', 79),
('aproschkeja', 55),
('lbrownseydr', 88),
('fbeaty12', 60),
('atilliardsms', 82),
('lbarfieldeo', 7),
('pjendrichk1', 53),
('lroosejc', 100),
('egrumleyea', 75),
('dbranniganez', 49),
('kglandonak', 32),
('voneal5f', 26),
('vwaldrenfx', 50),
('dizachik75', 57),
('bceaser13', 13),
('ltipensbn', 31),
('olambrechtsqx', 9),
('dhassan3s', 30),
('lschlagman36', 40),
('crenfrewfe', 33),
('aladewig5q', 71),
('fcamossobq', 56),
('aklouzhj', 28),
('gdellermv', 78),
('sdewickl1', 48),
('lbramwellcp', 50),
('fhebblewaiteik', 61),
('jcoverleyt', 26),
('jrobiouf2', 80),
('mdeglanville9b', 62),
('kvarnerb', 16),
('gthaine18', 14),
('tbateson2o', 13),
('ndaughtryu', 89),
('panderj5', 63),
('makedp7', 33),
('soles8r', 84),
('nstammlerg2', 50),
('aseagood4f', 12),
('qvakhoninmk', 55),
('sdrezzernb', 53),
('wegdalnu', 46),
('aguitton8f', 17),
('mstaitok', 62),
('bbarlacehg', 11),
('glory0', 52),
('asimonuttilm', 50),
('peastcourth2', 42),
('hthoresbiehm', 52),
('aseagood4f', 7),
('scattel8o', 19),
('xkuhleql', 8),
('proubeixmi', 63),
('dmctrustie3e', 91),
('emckimmby', 53),
('ckaasc0', 43),
('bwilkie46', 28),
('gghiraldik0', 9),
('bbutterwick7x', 24),
('fbedleg', 32),
('kdoerfferd', 4),
('lmerriton7i', 10),
('blarkhn', 48);